難易度ランク,説明,登山にかかる時間（目安）,必要な装備（目安）
1,"登山道がしっかりしていて登りやすい。
登るルートが長くなく標高差も少ない。
小学生などでも登れる初心者向けの山。",1時間程度,長袖、長ズボン、帽子、スニーカー、飲み物
2,"基本的に登山道があり、道迷いの可能性は少ない。
ルートはやや長く、標高差も少しある。
初心者向けの山だが、経験や体力が要求される。",1～3時間,長袖、長ズボン、帽子、スニーカー（軽登山靴）、飲み物、行動食
3,"登山道があるが一部で不明瞭な個所もある。
ルートが長く標高差があるか、やや難所がある。
中級者向けの山で、経験と体力が必要。",3～5時間,長袖、長ズボン、帽子、軽登山靴、飲み物、行動食（非常食）、ザック、雨具
4,"登山道がないかはっきりしない。
ルートが長く、標高差もある。
上級者向けだが、登れない山ではない",3～7時間,長袖、長ズボン、帽子、登山靴、飲み物、行動食（非常食）、ザック、雨具、防寒着、着替え、ヘッドライト
5,"登山道がなく、道迷いの可能性がある。
ルートが長く標高差もあり、体力を要求する。
藪や岩場、河川横断等があり、危険性がある。
山登りに慣れた上級者向けで準備も必要。",5～10時間,長袖、長ズボン、帽子、登山靴、飲み物、行動食（非常食）、ザック、雨具、防寒着、着替え、ヘッドライト、（場所によってはヘルメット、長靴）
"※すべて春季、初夏、秋季、冬季で、積雪がなく、気温も低い条件下での話。
※目安時間は標準的なルートを単独で登った場合で、複数山を廻ったり困難なルートを登ったりすると難易度は上がる。",,,