"mountain_no","mountain_name","stage21_supported","stage21_top_candidate","stage23_top_candidate","stage25_active","is_marker","diagnostic_category"
"88","","true","summit-candidate:2f7dbee4c5bde53e","","false","false","stage21_supported_candidate_missing_from_stage23"
"89","","true","summit-candidate:2f7dbee4c5bde53e","","false","false","stage21_supported_candidate_missing_from_stage23"
"118","","true","summit-candidate:452c10a1db199870","","false","false","stage21_supported_candidate_missing_from_stage23"
"126","","true","summit-candidate:35b464661fa62df9","summit-candidate:4d0f5f75da9165b8","false","false","stage21_supported_candidate_missing_from_stage23"
"128","","true","summit-candidate:ef5127a689eaf48a","summit-candidate:32bb5e7e1071e808","false","false","stage21_supported_candidate_missing_from_stage23"
"137","","true","summit-candidate:5c9365b2a5a9c97f","summit-candidate:124ae25a51aa9a64","false","false","stage21_supported_candidate_missing_from_stage23"
"149","","true","summit-candidate:f676e5a22f523492","summit-candidate:40d5b4863907057a","false","false","stage21_supported_candidate_missing_from_stage23"
"171","","true","summit-candidate:101c1b0635c0bec0","","false","false","stage21_supported_candidate_missing_from_stage23"
"172","","true","summit-candidate:101c1b0635c0bec0","","false","false","stage21_supported_candidate_missing_from_stage23"
"176","","true","summit-candidate:101c1b0635c0bec0","","false","false","stage21_supported_candidate_missing_from_stage23"
"177","","true","summit-candidate:1ed32ce6414c2781","","false","false","stage21_supported_candidate_missing_from_stage23"
"178","","true","summit-candidate:5c9365b2a5a9c97f","","false","false","stage21_supported_candidate_missing_from_stage23"
"196","","true","summit-candidate:47129c06b82cf694","summit-candidate:830c63408bf56cc5","false","false","stage21_supported_candidate_missing_from_stage23"
"197","","true","summit-candidate:47129c06b82cf694","","false","false","stage21_supported_candidate_missing_from_stage23"
"199","","true","summit-candidate:47129c06b82cf694","summit-candidate:40d5b4863907057a","false","false","stage21_supported_candidate_missing_from_stage23"
"203","","true","summit-candidate:5b7c833ac0535534","summit-candidate:ab7edbc3a52d24bf","false","false","stage21_supported_candidate_missing_from_stage23"
"205","","true","summit-candidate:5b7c833ac0535534","summit-candidate:cf6802c2dafdbf46","false","false","stage21_supported_candidate_missing_from_stage23"
"253","","true","summit-candidate:1d97e1955af85092","","false","false","stage21_supported_candidate_missing_from_stage23"
"260","","true","summit-candidate:02d59cd1260af017","","false","false","stage21_supported_candidate_missing_from_stage23"
"282","","true","summit-candidate:3c28b6ebd5a97155","summit-candidate:b49681fa67b2b53e","false","false","stage21_supported_candidate_missing_from_stage23"
"304","","true","summit-candidate:588c967023117267","summit-candidate:94e96018c0a5450d","false","false","stage21_supported_candidate_missing_from_stage23"
"339","","true","summit-candidate:edac81b361bdc70c","summit-candidate:7d7066baad9d7077","false","false","stage21_supported_candidate_missing_from_stage23"
"349","","true","summit-candidate:4416099ca0f9da08","summit-candidate:4973965873779cdc","false","false","stage21_supported_candidate_missing_from_stage23"
"357","","true","summit-candidate:2b833dfb6f3f84c1","summit-candidate:ea33d870d4700a56","false","false","stage21_supported_candidate_missing_from_stage23"
"367","","true","summit-candidate:8cef52d6989a94db","summit-candidate:a14a745323a3d3af","false","false","stage21_supported_candidate_missing_from_stage23"
"372","","true","summit-candidate:40260be41579ab8f","","false","false","stage21_supported_candidate_missing_from_stage23"
"376","","true","summit-candidate:afc2e407c1d6b464","summit-candidate:86e4db352b85ced4","false","false","stage21_supported_candidate_missing_from_stage23"
"398","","true","summit-candidate:5f3f2f47d84464c4","summit-candidate:b02ff952b74ca472","false","false","stage21_supported_candidate_missing_from_stage23"
"400","","true","summit-candidate:62d2811f5d1a9f29","","false","false","stage21_supported_candidate_missing_from_stage23"
"403","","true","summit-candidate:2a670286f545beb2","","false","false","stage21_supported_candidate_missing_from_stage23"
"439","","true","summit-candidate:69652a1c97f3b2eb","","false","false","stage21_supported_candidate_missing_from_stage23"
"471","","true","summit-candidate:5f001ac124f82ef6","","false","false","stage21_supported_candidate_missing_from_stage23"
"479","","true","summit-candidate:e8b129f70e703be5","","false","false","stage21_supported_candidate_missing_from_stage23"
"491","","true","summit-candidate:118b217506eb653f","summit-candidate:05007aaf499a4ecc","false","false","stage21_supported_candidate_missing_from_stage23"
"502","","true","summit-candidate:6b0155a434d72d79","","false","false","stage21_supported_candidate_missing_from_stage23"
"503","","true","summit-candidate:6b0155a434d72d79","","false","false","stage21_supported_candidate_missing_from_stage23"
"504","","true","summit-candidate:51c8bc6a368c422c","","false","false","stage21_supported_candidate_missing_from_stage23"
"507","","true","summit-candidate:339138a4e53293da","","false","false","stage21_supported_candidate_missing_from_stage23"
"508","","true","summit-candidate:f028aab45221cee6","","false","false","stage21_supported_candidate_missing_from_stage23"
"509","","true","summit-candidate:0048d4d3a7981b80","","false","false","stage21_supported_candidate_missing_from_stage23"
"510","","true","summit-candidate:4a22801b12460992","","false","false","stage21_supported_candidate_missing_from_stage23"
"514","","true","summit-candidate:5f31b84e049f61fa","","false","false","stage21_supported_candidate_missing_from_stage23"
"515","","true","summit-candidate:9669b668bebfc145","","false","false","stage21_supported_candidate_missing_from_stage23"
"516","","true","summit-candidate:f55ffb534aa2ae4c","","false","false","stage21_supported_candidate_missing_from_stage23"
"517","","true","summit-candidate:d1269170b687c5bc","","false","false","stage21_supported_candidate_missing_from_stage23"
"519","","true","summit-candidate:a0ef25e9a532b62e","","false","false","stage21_supported_candidate_missing_from_stage23"
"520","","true","summit-candidate:606168b97944fce5","","false","false","stage21_supported_candidate_missing_from_stage23"
"521","","true","summit-candidate:0ff024bf702c13bb","","false","false","stage21_supported_candidate_missing_from_stage23"
"522","","true","summit-candidate:6a1baa0667de8a9d","","false","false","stage21_supported_candidate_missing_from_stage23"
"523","","true","summit-candidate:d5a6fcb592162088","","false","false","stage21_supported_candidate_missing_from_stage23"
"524","","true","summit-candidate:8078eb6cc96c519a","","false","false","stage21_supported_candidate_missing_from_stage23"
"525","","true","summit-candidate:282882317c3aab0b","","false","false","stage21_supported_candidate_missing_from_stage23"
"526","","true","summit-candidate:ee9d736a090185dd","","false","false","stage21_supported_candidate_missing_from_stage23"
"527","","true","summit-candidate:e2c08955f9275289","","false","false","stage21_supported_candidate_missing_from_stage23"
"528","","true","summit-candidate:777bcc5c6ed2c27e","","false","false","stage21_supported_candidate_missing_from_stage23"
"529","","true","summit-candidate:0886436b79473a6c","","false","false","stage21_supported_candidate_missing_from_stage23"
"530","","true","summit-candidate:5771cdd191c3861d","","false","false","stage21_supported_candidate_missing_from_stage23"
"531","","true","summit-candidate:02fa4cfab6fa90d3","summit-candidate:9acc21860aa8a208","false","false","stage21_supported_candidate_missing_from_stage23"
