"mountain_no","mountain_name","stage21_supported","stage21_top_candidate","stage23_top_candidate","stage25_active","is_marker","diagnostic_category","stage21_rank_in_stage23"
"49","","true","summit-candidate:5aff666aa93b3a17","summit-candidate:5e94c87cc5fcc87b","false","false","stage21_supported_top_candidate_disagrees","2"
"50","","true","summit-candidate:5aff666aa93b3a17","summit-candidate:5e94c87cc5fcc87b","false","false","stage21_supported_top_candidate_disagrees","2"
"58","","true","summit-candidate:555fd1e3be8780dd","summit-candidate:7c532ef1be71a4d1","false","false","stage21_supported_top_candidate_disagrees","2"
"82","","true","summit-candidate:e084389cc60ad329","summit-candidate:25e47e34740282d2","false","false","stage21_supported_top_candidate_disagrees","2"
"83","","true","summit-candidate:2f7dbee4c5bde53e","summit-candidate:eaabf45a5163fb65","false","false","stage21_supported_top_candidate_disagrees","2"
"87","","true","summit-candidate:2f7dbee4c5bde53e","summit-candidate:eaabf45a5163fb65","false","false","stage21_supported_top_candidate_disagrees","2"
"106","","true","summit-candidate:fe43b0b6aa90cb8f","summit-candidate:bca203164e26ce6a","false","false","stage21_supported_top_candidate_disagrees","2"
"153","","true","summit-candidate:c2fc382b492cfde4","summit-candidate:9f01494435790d72","false","false","stage21_supported_top_candidate_disagrees","6"
"155","","true","summit-candidate:c2fc382b492cfde4","summit-candidate:5cb1fa3d9dcf60f5","false","false","stage21_supported_top_candidate_disagrees","5"
"180","","true","summit-candidate:5104c47f17101d63","summit-candidate:2b7cce23b57844a5","false","false","stage21_supported_top_candidate_disagrees","3"
"183","","true","summit-candidate:74dd1729abbd7bb5","summit-candidate:f2aae42aff3dea24","false","false","stage21_supported_top_candidate_disagrees","2"
"184","","true","summit-candidate:74dd1729abbd7bb5","summit-candidate:f2aae42aff3dea24","false","false","stage21_supported_top_candidate_disagrees","2"
"198","","true","summit-candidate:047b9599ec28c6ad","summit-candidate:c94d8d76133fda1a","false","false","stage21_supported_top_candidate_disagrees","2"
"202","","true","summit-candidate:5b7c833ac0535534","summit-candidate:c7de309bf838af87","false","false","stage21_supported_top_candidate_disagrees","2"
"208","","true","summit-candidate:b9e78d4a587ceaa0","summit-candidate:d43fade4de3e33c8","false","false","stage21_supported_top_candidate_disagrees","2"
"210","","true","summit-candidate:446b5fe1e7a8b2fd","summit-candidate:d03c84134ca0989d","false","false","stage21_supported_top_candidate_disagrees","2"
"222","","true","summit-candidate:473a62086144ac33","summit-candidate:5104c47f17101d63","false","false","stage21_supported_top_candidate_disagrees","2"
"223","","true","summit-candidate:473a62086144ac33","summit-candidate:53d0e375c60814f6","false","false","stage21_supported_top_candidate_disagrees","5"
"224","","true","summit-candidate:339138a4e53293da","summit-candidate:473a62086144ac33","false","false","stage21_supported_top_candidate_disagrees","2"
"245","","true","summit-candidate:5771cdd191c3861d","summit-candidate:a61fd78e4e062683","false","false","stage21_supported_top_candidate_disagrees","2"
"248","","true","summit-candidate:f7593239fa7bdcc9","summit-candidate:290abf917754fd0b","false","false","stage21_supported_top_candidate_disagrees","2"
"266","","true","summit-candidate:3853fbbba7330ec4","summit-candidate:27c1036d4aa2230e","false","false","stage21_supported_top_candidate_disagrees","2"
"269","","true","summit-candidate:f7e5fd7b11eb7bd4","summit-candidate:ba56c1ac8ac55c5f","false","false","stage21_supported_top_candidate_disagrees","2"
"279","","true","summit-candidate:1432f597b5dca157","summit-candidate:d19542a61a416537","false","false","stage21_supported_top_candidate_disagrees","2"
"290","","true","summit-candidate:9186201ca03b041d","summit-candidate:91ebf1d99654d5b2","false","false","stage21_supported_top_candidate_disagrees","2"
"309","","true","summit-candidate:006436491de34784","summit-candidate:c256cfef3720557f","false","false","stage21_supported_top_candidate_disagrees","3"
"320","","true","summit-candidate:006436491de34784","summit-candidate:0dea5d073885dc9d","false","false","stage21_supported_top_candidate_disagrees","6"
"331","","true","summit-candidate:edac81b361bdc70c","summit-candidate:9cc74b44e1289236","false","false","stage21_supported_top_candidate_disagrees","3"
"332","","true","summit-candidate:edac81b361bdc70c","summit-candidate:9cc74b44e1289236","false","false","stage21_supported_top_candidate_disagrees","3"
"333","","true","summit-candidate:edac81b361bdc70c","summit-candidate:9cc74b44e1289236","false","false","stage21_supported_top_candidate_disagrees","3"
"334","","true","summit-candidate:edac81b361bdc70c","summit-candidate:9cc74b44e1289236","false","false","stage21_supported_top_candidate_disagrees","3"
"335","","true","summit-candidate:edac81b361bdc70c","summit-candidate:9cc74b44e1289236","false","false","stage21_supported_top_candidate_disagrees","4"
"337","","true","summit-candidate:edac81b361bdc70c","summit-candidate:9cc74b44e1289236","false","false","stage21_supported_top_candidate_disagrees","4"
"341","","true","summit-candidate:0bd3d051cdb972fd","summit-candidate:61304308f9a58d0d","false","false","stage21_supported_top_candidate_disagrees","3"
"343","","true","summit-candidate:0bd3d051cdb972fd","summit-candidate:23316af255d30882","false","false","stage21_supported_top_candidate_disagrees","2"
"355","","true","summit-candidate:0048d4d3a7981b80","summit-candidate:9306f5a7fe249a15","false","false","stage21_supported_top_candidate_disagrees","2"
"410","","true","summit-candidate:422a9e74717ca96d","summit-candidate:0cc9c1186612ceaa","false","false","stage21_supported_top_candidate_disagrees","2"
"435","","true","summit-candidate:b73a23fa4b3abc39","summit-candidate:22e40e9eb117a033","false","false","stage21_supported_top_candidate_disagrees","2"
"472","","true","summit-candidate:78274ad93e160452","summit-candidate:7a53852cc6c3e971","false","false","stage21_supported_top_candidate_disagrees","3"
"499","","true","summit-candidate:53a6401abf71c488","summit-candidate:7a5ca8d918f43720","false","false","stage21_supported_top_candidate_disagrees","3"
"500","","true","summit-candidate:b87c90ebd1eb0d06","summit-candidate:453327d51d16e202","false","false","stage21_supported_top_candidate_disagrees","2"
"511","","true","summit-candidate:0bd3d051cdb972fd","summit-candidate:f12898f5821b63b8","false","false","stage21_supported_top_candidate_disagrees","3"
"512","","true","summit-candidate:71b10e23075edf20","summit-candidate:99b1b356cad63b98","false","false","stage21_supported_top_candidate_disagrees","4"
"513","","true","summit-candidate:17a471cc45af2c05","summit-candidate:53bf856dccad5eab","false","false","stage21_supported_top_candidate_disagrees","3"
