gpx_basename,gpx_path,file_size_bytes,track_name,trackpoint_count,has_elevation,has_time
yamap_2022-01-15_08_17.gpx,data/01_raw/gpx/2026-05-12/yamap_2022-01-15_08_17.gpx,140819,関ヶ森・観音山・倉谷山・芝ヶ峠,812,false,false
yamap_2022-01-22_09_04.gpx,data/01_raw/gpx/2026-05-12/yamap_2022-01-22_09_04.gpx,77671,高森山・岩伽羅山・衣掛山・吉山(吉山城址),710,false,false
yamap_2022-01-28_12_28.gpx,data/01_raw/gpx/2026-05-12/yamap_2022-01-28_12_28.gpx,53380,尾ノ峰・新城山・腰折山・恵良山,487,false,false
yamap_2022-01-29_08_35.gpx,data/01_raw/gpx/2026-05-12/yamap_2022-01-29_08_35.gpx,65321,皿ヶ森・経座ヶ森・ヨソ山,595,false,false
yamap_2022-02-06_08_26.gpx,data/01_raw/gpx/2026-05-12/yamap_2022-02-06_08_26.gpx,101835,谷上山・権現山・白滝山・障子山,912,false,false
yamap_2022-02-09_10_01.gpx,data/01_raw/gpx/2026-05-12/yamap_2022-02-09_10_01.gpx,45607,佐田岬と伽藍山,406,false,false
yamap_2022-02-11_08_26.gpx,data/01_raw/gpx/2026-05-12/yamap_2022-02-11_08_26.gpx,64488,塩ヶ森・番駄ヶ森・ケタ山・大磨山・鍵山（象ヶ森）,588,false,false
yamap_2022-02-15_10_36.gpx,data/01_raw/gpx/2026-05-12/yamap_2022-02-15_10_36.gpx,29406,天神山・御幸寺山,266,false,false
yamap_2022-02-16_11_57.gpx,data/01_raw/gpx/2026-05-12/yamap_2022-02-16_11_57.gpx,7770,愛宕山・常光寺山,67,false,false
yamap_2022-02-23_08_42.gpx,data/01_raw/gpx/2026-05-12/yamap_2022-02-23_08_42.gpx,45193,西山・経ヶ森・岩子山・護摩ヶ森,410,false,false
yamap_2022-02-26_07_43.gpx,data/01_raw/gpx/2026-05-12/yamap_2022-02-26_07_43.gpx,18897,御岳山,170,false,false
yamap_2022-02-27_10_22.gpx,data/01_raw/gpx/2026-05-12/yamap_2022-02-27_10_22.gpx,3035,日王山,24,false,false
yamap_2022-02-28_13_13.gpx,data/01_raw/gpx/2026-05-12/yamap_2022-02-28_13_13.gpx,5299,花木山,45,false,false
yamap_2022-03-03_10_47.gpx,data/01_raw/gpx/2026-05-12/yamap_2022-03-03_10_47.gpx,44028,奥之城山・ヌタノサコ,400,false,false
yamap_2022-03-05_09_44.gpx,data/01_raw/gpx/2026-05-12/yamap_2022-03-05_09_44.gpx,73785,城山・水梨山・向山,661,false,false
yamap_2022-03-09_10_20.gpx,data/01_raw/gpx/2026-05-12/yamap_2022-03-09_10_20.gpx,44568,稔山,405,false,false
yamap_2022-03-12_08_31.gpx,data/01_raw/gpx/2026-05-12/yamap_2022-03-12_08_31.gpx,6017,菊ヶ森,51,false,false
yamap_2022-03-12_09_19.gpx,data/01_raw/gpx/2026-05-12/yamap_2022-03-12_09_19.gpx,16359,道後山,146,false,false
yamap_2022-03-13_09_49.gpx,data/01_raw/gpx/2026-05-12/yamap_2022-03-13_09_49.gpx,57441,倉谷山・芝ヶ峠・淡路ヶ峠・宝ヶ峯,523,false,false
yamap_2022-03-20_07_06.gpx,data/01_raw/gpx/2026-05-12/yamap_2022-03-20_07_06.gpx,74409,大久保山・八里ヶ峠・中坂山・天神山・室岡山・潮見山,427,false,false
yamap_2022-03-23_07_38.gpx,data/01_raw/gpx/2026-05-12/yamap_2022-03-23_07_38.gpx,20674,明神山・潮見山,185,false,false
yamap_2022-03-25_12_12.gpx,data/01_raw/gpx/2026-05-12/yamap_2022-03-25_12_12.gpx,40274,十門山(十門城址)・ヨソ山,367,false,false
yamap_2022-04-06_09_25.gpx,data/01_raw/gpx/2026-05-12/yamap_2022-04-06_09_25.gpx,3832,忽那山,31,false,false
yamap_2022-04-08_09_33.gpx,data/01_raw/gpx/2026-05-12/yamap_2022-04-08_09_33.gpx,65570,鬼ヶ城山・大久保山・八面山・三本杭・横ノ森・小屋ヶ森・毛山,583,false,false
yamap_2022-04-09_14_44.gpx,data/01_raw/gpx/2026-05-12/yamap_2022-04-09_14_44.gpx,30544,大月山・高縄山,277,false,false
yamap_2022-04-15_11_52.gpx,data/01_raw/gpx/2026-05-12/yamap_2022-04-15_11_52.gpx,48533,皿ヶ嶺・引地山,431,false,false
yamap_2022-04-16_07_39.gpx,data/01_raw/gpx/2026-05-12/yamap_2022-04-16_07_39.gpx,71429,東三方ヶ森,655,false,false
yamap_2022-04-22_11_13.gpx,data/01_raw/gpx/2026-05-12/yamap_2022-04-22_11_13.gpx,15037,甲が森,131,false,false
yamap_2022-04-22_12_22.gpx,data/01_raw/gpx/2026-05-12/yamap_2022-04-22_12_22.gpx,15451,三滝山,135,false,false
yamap_2022-04-22_14_13.gpx,data/01_raw/gpx/2026-05-12/yamap_2022-04-22_14_13.gpx,11620,雨包山,100,false,false
yamap_2022-04-22_16_48.gpx,data/01_raw/gpx/2026-05-12/yamap_2022-04-22_16_48.gpx,8979,源氏ヶ駄場（薊野峰）,76,false,false
yamap_2022-04-22_17_29.gpx,data/01_raw/gpx/2026-05-12/yamap_2022-04-22_17_29.gpx,3034,碁石ヶ森,23,false,false
yamap_2022-04-25_11_35.gpx,data/01_raw/gpx/2026-05-12/yamap_2022-04-25_11_35.gpx,38573,伊之子山・左谷ノ森,352,false,false
yamap_2022-04-27_10_31.gpx,data/01_raw/gpx/2026-05-12/yamap_2022-04-27_10_31.gpx,74244,御在所山,665,false,false
yamap_2022-04-30_08_30.gpx,data/01_raw/gpx/2026-05-12/yamap_2022-04-30_08_30.gpx,62273,岩黒山・筒上山・手箱山,554,false,false
yamap_2022-05-02_09_06.gpx,data/01_raw/gpx/2026-05-12/yamap_2022-05-02_09_06.gpx,35172,大川嶺・笠取山・ウバホド山,311,false,false
yamap_2022-05-05_13_29.gpx,data/01_raw/gpx/2026-05-12/yamap_2022-05-05_13_29.gpx,37623,陣ヶ森・前々司山・うなめご,341,false,false
yamap_2022-05-07_07_14.gpx,data/01_raw/gpx/2026-05-12/yamap_2022-05-07_07_14.gpx,94538,寒川山・鋸山・七々木山・豊受山・赤星山,863,false,false
yamap_2022-05-07_13_44.gpx,data/01_raw/gpx/2026-05-12/yamap_2022-05-07_13_44.gpx,1666,翠波峰,11,false,false
yamap_2022-05-07_14_18.gpx,data/01_raw/gpx/2026-05-12/yamap_2022-05-07_14_18.gpx,2569,平石山,19,false,false
yamap_2022-05-15_06_10.gpx,data/01_raw/gpx/2026-05-12/yamap_2022-05-15_06_10.gpx,128872,割石東山・青滝山・堂ヶ森,1171,false,false
yamap_2022-05-22_08_09.gpx,data/01_raw/gpx/2026-05-12/yamap_2022-05-22_08_09.gpx,53136,石鎚山・天狗岳・南尖峰,472,false,false
yamap_2022-05-25_09_48.gpx,data/01_raw/gpx/2026-05-12/yamap_2022-05-25_09_48.gpx,21222,自念子ノ頭,186,false,false
yamap_2022-06-04_14_13.gpx,data/01_raw/gpx/2026-05-12/yamap_2022-06-04_14_13.gpx,9906,勝山,85,false,false
yamap_2022-06-16_16_00.gpx,data/01_raw/gpx/2026-05-12/yamap_2022-06-16_16_00.gpx,2914,姫草,22,false,false
yamap_2022-06-16_16_25.gpx,data/01_raw/gpx/2026-05-12/yamap_2022-06-16_16_25.gpx,4484,牛城,36,false,false
yamap_2022-06-18_11_15.gpx,data/01_raw/gpx/2026-05-12/yamap_2022-06-18_11_15.gpx,29287,積善山,259,false,false
yamap_2022-06-18_13_12.gpx,data/01_raw/gpx/2026-05-12/yamap_2022-06-18_13_12.gpx,11176,鉢巻山,96,false,false
yamap_2022-06-18_14_26.gpx,data/01_raw/gpx/2026-05-12/yamap_2022-06-18_14_26.gpx,9465,立石山,81,false,false
yamap_2022-06-20_12_02.gpx,data/01_raw/gpx/2026-05-12/yamap_2022-06-20_12_02.gpx,42553,安神山・鷲ヶ頭山,378,false,false
yamap_2022-06-23_13_59.gpx,data/01_raw/gpx/2026-05-12/yamap_2022-06-23_13_59.gpx,11561,篠山,100,false,false
yamap_2022-06-29_08_48.gpx,data/01_raw/gpx/2026-05-12/yamap_2022-06-29_08_48.gpx,13971,横山(横山城址),124,false,false
yamap_2022-07-02_07_43.gpx,data/01_raw/gpx/2026-05-12/yamap_2022-07-02_07_43.gpx,91153,石鎚山・西ノ冠岳・面河の頭・二ノ森・鞍瀬ノ頭,827,false,false
yamap_2022-07-10_07_25.gpx,data/01_raw/gpx/2026-05-12/yamap_2022-07-10_07_25.gpx,38996,男山・瓶ヶ森・西黒森,348,false,false
yamap_2022-07-14_09_57.gpx,data/01_raw/gpx/2026-05-12/yamap_2022-07-14_09_57.gpx,12892,小富士,114,false,false
yamap_2022-07-14_11_15.gpx,data/01_raw/gpx/2026-05-12/yamap_2022-07-14_11_15.gpx,2090,龍石山,15,false,false
yamap_2022-07-21_10_02.gpx,data/01_raw/gpx/2026-05-12/yamap_2022-07-21_10_02.gpx,4952,子持山（頂上にたどり着けず）,41,false,false
yamap_2022-08-21_15_44.gpx,data/01_raw/gpx/2026-05-12/yamap_2022-08-21_15_44.gpx,8844,大峰ヶ台,77,false,false
yamap_2022-08-26_08_45.gpx,data/01_raw/gpx/2026-05-12/yamap_2022-08-26_08_45.gpx,23191,世田山・笠松山,204,false,false
yamap_2022-08-27_06_05.gpx,data/01_raw/gpx/2026-05-12/yamap_2022-08-27_06_05.gpx,53086,北三方ヶ森,485,false,false
yamap_2022-09-04_12_08.gpx,data/01_raw/gpx/2026-05-12/yamap_2022-09-04_12_08.gpx,34758,大友山,316,false,false
yamap_2022-09-07_13_28.gpx,data/01_raw/gpx/2026-05-12/yamap_2022-09-07_13_28.gpx,2497,湯築山,19,false,false
yamap_2022-09-09_06_58.gpx,data/01_raw/gpx/2026-05-12/yamap_2022-09-09_06_58.gpx,70821,寒風山・笹ヶ峰・ちち山,643,false,false
yamap_2022-09-14_12_28.gpx,data/01_raw/gpx/2026-05-12/yamap_2022-09-14_12_28.gpx,4151,松軒山,33,false,false
yamap_2022-09-15_09_20.gpx,data/01_raw/gpx/2026-05-12/yamap_2022-09-15_09_20.gpx,35063,三山,316,false,false
yamap_2022-09-15_11_02.gpx,data/01_raw/gpx/2026-05-12/yamap_2022-09-15_11_02.gpx,5457,伊勢山,46,false,false
yamap_2022-09-15_11_50.gpx,data/01_raw/gpx/2026-05-12/yamap_2022-09-15_11_50.gpx,2755,久司山,21,false,false
yamap_2022-09-15_12_35.gpx,data/01_raw/gpx/2026-05-12/yamap_2022-09-15_12_35.gpx,14844,石灰山・古法皇山,132,false,false
yamap_2022-09-20_13_59.gpx,data/01_raw/gpx/2026-05-12/yamap_2022-09-20_13_59.gpx,5236,狩江権現山,44,false,false
yamap_2022-09-20_14_24.gpx,data/01_raw/gpx/2026-05-12/yamap_2022-09-20_14_24.gpx,8076,極山,70,false,false
yamap_2022-09-21_13_09.gpx,data/01_raw/gpx/2026-05-12/yamap_2022-09-21_13_09.gpx,11043,高文殊山,95,false,false
yamap_2022-09-24_08_33.gpx,data/01_raw/gpx/2026-05-12/yamap_2022-09-24_08_33.gpx,52319,石鎚山,474,false,false
yamap_2022-09-26_12_07.gpx,data/01_raw/gpx/2026-05-12/yamap_2022-09-26_12_07.gpx,11931,三本榎,105,false,false
yamap_2022-09-26_14_04.gpx,data/01_raw/gpx/2026-05-12/yamap_2022-09-26_14_04.gpx,14746,鏡山,132,false,false
yamap_2022-10-01_08_30.gpx,data/01_raw/gpx/2026-05-12/yamap_2022-10-01_08_30.gpx,39858,戸祇御前山,355,false,false
yamap_2022-10-03_14_57.gpx,data/01_raw/gpx/2026-05-12/yamap_2022-10-03_14_57.gpx,15699,雄甲山・雌甲山,137,false,false
yamap_2022-10-04_12_47.gpx,data/01_raw/gpx/2026-05-12/yamap_2022-10-04_12_47.gpx,22713,泉ガ森,201,false,false
yamap_2022-10-08_06_12.gpx,data/01_raw/gpx/2026-05-12/yamap_2022-10-08_06_12.gpx,99029,東山・西赤石山・物住頭・前赤石山・東赤石山・八巻山,902,false,false
yamap_2022-10-11_15_15.gpx,data/01_raw/gpx/2026-05-12/yamap_2022-10-11_15_15.gpx,12942,黒崎山,115,false,false
yamap_2022-10-14_12_05.gpx,data/01_raw/gpx/2026-05-12/yamap_2022-10-14_12_05.gpx,4521,高戸山,37,false,false
yamap_2022-10-14_13_01.gpx,data/01_raw/gpx/2026-05-12/yamap_2022-10-14_13_01.gpx,7682,犬吠山,66,false,false
yamap_2022-10-14_13_42.gpx,data/01_raw/gpx/2026-05-12/yamap_2022-10-14_13_42.gpx,10921,泰の山,97,false,false
yamap_2022-10-16_10_19.gpx,data/01_raw/gpx/2026-05-12/yamap_2022-10-16_10_19.gpx,53448,楢原山・古権現山・中三方ヶ森,487,false,false
yamap_2022-10-19_16_00.gpx,data/01_raw/gpx/2026-05-12/yamap_2022-10-19_16_00.gpx,16771,西港山・大丸山・港山,150,false,false
yamap_2022-10-21_09_17.gpx,data/01_raw/gpx/2026-05-12/yamap_2022-10-21_09_17.gpx,4039,すくも山,32,false,false
yamap_2022-10-21_12_15.gpx,data/01_raw/gpx/2026-05-12/yamap_2022-10-21_12_15.gpx,18922,愛ノ山,166,false,false
yamap_2022-10-27_13_37.gpx,data/01_raw/gpx/2026-05-12/yamap_2022-10-27_13_37.gpx,4913,冨士山,40,false,false
yamap_2022-10-28_06_21.gpx,data/01_raw/gpx/2026-05-12/yamap_2022-10-28_06_21.gpx,82042,割石峠山・石墨山・法師山・白猪山・根無山・樽谷山・梅ヶ谷山,748,false,false
yamap_2022-11-05_04_38.gpx,data/01_raw/gpx/2026-05-12/yamap_2022-11-05_04_38.gpx,102163,権現山・黒岳・エビラ山・二ッ岳,935,false,false
yamap_2022-11-07_12_37.gpx,data/01_raw/gpx/2026-05-12/yamap_2022-11-07_12_37.gpx,11848,鹿島山,102,false,false
yamap_2022-11-14_13_02.gpx,data/01_raw/gpx/2026-05-12/yamap_2022-11-14_13_02.gpx,6113,出石山,51,false,false
yamap_2022-11-26_04_41.gpx,data/01_raw/gpx/2026-05-12/yamap_2022-11-26_04_41.gpx,113919,銅山峰・西山・綱繰山・獅子舞の鼻・冠山・平家平,1044,false,false
yamap_2022-12-12_08_41.gpx,data/01_raw/gpx/2026-05-12/yamap_2022-12-12_08_41.gpx,9999,遠ヶ森,88,false,false
yamap_2022-12-12_10_30.gpx,data/01_raw/gpx/2026-05-12/yamap_2022-12-12_10_30.gpx,12281,扇山,109,false,false
yamap_2022-12-25_10_09.gpx,data/01_raw/gpx/2026-05-12/yamap_2022-12-25_10_09.gpx,7462,高山,64,false,false
yamap_2022-12-25_10_46.gpx,data/01_raw/gpx/2026-05-12/yamap_2022-12-25_10_46.gpx,2961,塔ノ峰,23,false,false
yamap_2022-12-25_11_10.gpx,data/01_raw/gpx/2026-05-12/yamap_2022-12-25_11_10.gpx,1861,海山,13,false,false
yamap_2022-12-25_11_41.gpx,data/01_raw/gpx/2026-05-12/yamap_2022-12-25_11_41.gpx,5675,近見山,48,false,false
yamap_2022-12-25_12_44.gpx,data/01_raw/gpx/2026-05-12/yamap_2022-12-25_12_44.gpx,5352,唐子山,44,false,false
yamap_2022-12-25_13_36.gpx,data/01_raw/gpx/2026-05-12/yamap_2022-12-25_13_36.gpx,4490,医王山,37,false,false
yamap_2022-12-25_15_08.gpx,data/01_raw/gpx/2026-05-12/yamap_2022-12-25_15_08.gpx,4708,佐々久山,39,false,false
yamap_2022-12-31_14_13.gpx,data/01_raw/gpx/2026-05-12/yamap_2022-12-31_14_13.gpx,2284,土亀山,17,false,false
yamap_2022-12-31_14_27.gpx,data/01_raw/gpx/2026-05-12/yamap_2022-12-31_14_27.gpx,1990,天山,14,false,false
yamap_2022-12-31_14_45.gpx,data/01_raw/gpx/2026-05-12/yamap_2022-12-31_14_45.gpx,3056,東山,24,false,false
yamap_2022-12-31_15_00.gpx,data/01_raw/gpx/2026-05-12/yamap_2022-12-31_15_00.gpx,5728,星岡山,49,false,false
yamap_2023-01-03_07_36.gpx,data/01_raw/gpx/2026-05-12/yamap_2023-01-03_07_36.gpx,78461,福見山・河原樋山・真松嶺・柿王寺森,717,false,false
yamap_2023-01-06_11_33.gpx,data/01_raw/gpx/2026-05-12/yamap_2023-01-06_11_33.gpx,39435,岩子山・垣生山・津田山・弁天山,360,false,false
yamap_2023-01-08_09_18.gpx,data/01_raw/gpx/2026-05-12/yamap_2023-01-08_09_18.gpx,33387,権現山,296,false,false
yamap_2023-01-08_14_24.gpx,data/01_raw/gpx/2026-05-12/yamap_2023-01-08_14_24.gpx,21253,黒瀬山(黒瀬城址)・岡山(岡山城址)・鉢ヶ森(鉢ヶ森城址)・護摩ヶ森(護摩ヶ森城址)・我合山(...,190,false,false
yamap_2023-01-10_10_30.gpx,data/01_raw/gpx/2026-05-12/yamap_2023-01-10_10_30.gpx,39465,由良山,358,false,false
yamap_2023-01-21_09_56.gpx,data/01_raw/gpx/2026-05-12/yamap_2023-01-21_09_56.gpx,4456,大森山,37,false,false
yamap_2023-01-21_10_45.gpx,data/01_raw/gpx/2026-05-12/yamap_2023-01-21_10_45.gpx,4269,見晴山,35,false,false
yamap_2023-01-21_11_14.gpx,data/01_raw/gpx/2026-05-12/yamap_2023-01-21_11_14.gpx,4097,権現山,33,false,false
yamap_2023-01-21_12_02.gpx,data/01_raw/gpx/2026-05-12/yamap_2023-01-21_12_02.gpx,2530,遠見山,19,false,false
yamap_2023-01-21_12_43.gpx,data/01_raw/gpx/2026-05-12/yamap_2023-01-21_12_43.gpx,28024,石神山・金比羅山,253,false,false
yamap_2023-01-28_11_53.gpx,data/01_raw/gpx/2026-05-12/yamap_2023-01-28_11_53.gpx,5979,鳥越山,51,false,false
yamap_2023-01-28_12_19.gpx,data/01_raw/gpx/2026-05-12/yamap_2023-01-28_12_19.gpx,12374,谷田山・金毘羅山,109,false,false
yamap_2023-01-28_13_44.gpx,data/01_raw/gpx/2026-05-12/yamap_2023-01-28_13_44.gpx,5350,佐古田山,45,false,false
yamap_2023-01-28_14_27.gpx,data/01_raw/gpx/2026-05-12/yamap_2023-01-28_14_27.gpx,13418,古城山・尾崎山,120,false,false
yamap_2023-03-05_11_09.gpx,data/01_raw/gpx/2026-05-12/yamap_2023-03-05_11_09.gpx,31335,宝ヶ峯・淡路ヶ峠,285,false,false
yamap_2023-03-11_06_08.gpx,data/01_raw/gpx/2026-05-12/yamap_2023-03-11_06_08.gpx,111528,福見山・明神ヶ森・南三方ヶ森・魚谷森・左谷ノ森,1017,false,false
yamap_2023-03-15_09_53.gpx,data/01_raw/gpx/2026-05-12/yamap_2023-03-15_09_53.gpx,20527,真城ヶ台,185,false,false
yamap_2023-03-20_15_17.gpx,data/01_raw/gpx/2026-05-12/yamap_2023-03-20_15_17.gpx,34584,千羽ヶ岳,315,false,false
yamap_2023-03-29_05_31.gpx,data/01_raw/gpx/2026-05-12/yamap_2023-03-29_05_31.gpx,104594,えんとつ山・生子山・犬返・種子川山・西赤石山・物住頭・上兜山・下兜山,953,false,false
yamap_2023-04-04_12_51.gpx,data/01_raw/gpx/2026-05-12/yamap_2023-04-04_12_51.gpx,34647,黒森山,314,false,false
yamap_2023-04-09_09_08.gpx,data/01_raw/gpx/2026-05-12/yamap_2023-04-09_09_08.gpx,44506,菊ヶ森・餓鬼ヶ森,406,false,false
yamap_2023-04-18_06_58.gpx,data/01_raw/gpx/2026-05-12/yamap_2023-04-18_06_58.gpx,23248,船野山,208,false,false
yamap_2023-04-18_10_53.gpx,data/01_raw/gpx/2026-05-12/yamap_2023-04-18_10_53.gpx,18890,黒滝山・木久ヶ森,166,false,false
yamap_2023-05-27_09_55.gpx,data/01_raw/gpx/2026-05-12/yamap_2023-05-27_09_55.gpx,45227,前善神山・善神山,411,false,false
yamap_2023-06-11_11_57.gpx,data/01_raw/gpx/2026-05-12/yamap_2023-06-11_11_57.gpx,49863,五葉が森,455,false,false
yamap_2023-06-18_10_45.gpx,data/01_raw/gpx/2026-05-12/yamap_2023-06-18_10_45.gpx,4180,亀老山,34,false,false
yamap_2023-09-06_13_30.gpx,data/01_raw/gpx/2026-05-12/yamap_2023-09-06_13_30.gpx,8136,冠岳,71,false,false
yamap_2023-10-13_10_02.gpx,data/01_raw/gpx/2026-05-12/yamap_2023-10-13_10_02.gpx,25935,ベツソ山・歯朶谷山,235,false,false
yamap_2023-10-14_07_53.gpx,data/01_raw/gpx/2026-05-12/yamap_2023-10-14_07_53.gpx,21661,丸山,195,false,false
yamap_2023-10-22_06_44.gpx,data/01_raw/gpx/2026-05-12/yamap_2023-10-22_06_44.gpx,43706,二ノ岳・高森,397,false,false
yamap_2023-11-11_07_17.gpx,data/01_raw/gpx/2026-05-12/yamap_2023-11-11_07_17.gpx,86009,四辻ノ森・三光ノ辻山,770,false,false
yamap_2023-11-19_06_46.gpx,data/01_raw/gpx/2026-05-12/yamap_2023-11-19_06_46.gpx,89230,瀬戸黒森・三森・羽子山・観音森,814,false,false
yamap_2023-12-17_07_11.gpx,data/01_raw/gpx/2026-05-12/yamap_2023-12-17_07_11.gpx,7440,総津権現山,64,false,false
yamap_2023-12-17_09_45.gpx,data/01_raw/gpx/2026-05-12/yamap_2023-12-17_09_45.gpx,1203,秦皇山,7,false,false
yamap_2023-12-17_10_30.gpx,data/01_raw/gpx/2026-05-12/yamap_2023-12-17_10_30.gpx,5705,平岡山(平岡城址) ,47,false,false
yamap_2024-01-14_10_18.gpx,data/01_raw/gpx/2026-05-12/yamap_2024-01-14_10_18.gpx,23536,竜門山・大黒山,212,false,false
yamap_2024-01-27_08_01.gpx,data/01_raw/gpx/2026-05-12/yamap_2024-01-27_08_01.gpx,16637,大空山,148,false,false
yamap_2024-01-27_10_11.gpx,data/01_raw/gpx/2026-05-12/yamap_2024-01-27_10_11.gpx,6622,御串山,57,false,false
yamap_2024-01-27_13_31.gpx,data/01_raw/gpx/2026-05-12/yamap_2024-01-27_13_31.gpx,3747,宝股山,30,false,false
yamap_2024-01-27_14_28.gpx,data/01_raw/gpx/2026-05-12/yamap_2024-01-27_14_28.gpx,1648,開山,11,false,false
yamap_2024-02-10_07_09.gpx,data/01_raw/gpx/2026-05-12/yamap_2024-02-10_07_09.gpx,45593,鳥屋ヶ森,416,false,false
yamap_2024-02-10_09_58.gpx,data/01_raw/gpx/2026-05-12/yamap_2024-02-10_09_58.gpx,37202,熊ガ峰,340,false,false
yamap_2024-02-10_13_09.gpx,data/01_raw/gpx/2026-05-12/yamap_2024-02-10_13_09.gpx,23719,権現山,209,false,false
yamap_2024-02-17_05_38.gpx,data/01_raw/gpx/2026-05-12/yamap_2024-02-17_05_38.gpx,82498,大黒山・譲ヶ葉森,746,false,false
yamap_2024-02-24_07_06.gpx,data/01_raw/gpx/2026-05-12/yamap_2024-02-24_07_06.gpx,67001,高月山・東高月山・郭公岳・櫨ヶ森・毛山,611,false,false
yamap_2024-03-03_06_23.gpx,data/01_raw/gpx/2026-05-12/yamap_2024-03-03_06_23.gpx,24872,白石山,220,false,false
yamap_2024-03-03_08_44.gpx,data/01_raw/gpx/2026-05-12/yamap_2024-03-03_08_44.gpx,4469,観音岳,37,false,false
yamap_2024-03-03_10_00.gpx,data/01_raw/gpx/2026-05-12/yamap_2024-03-03_10_00.gpx,32458,音無山,295,false,false
yamap_2024-03-03_13_33.gpx,data/01_raw/gpx/2026-05-12/yamap_2024-03-03_13_33.gpx,24830,天ガ森,219,false,false
yamap_2024-03-10_07_12.gpx,data/01_raw/gpx/2026-05-12/yamap_2024-03-10_07_12.gpx,76905,夫婦山・白山・観音山・国見山・城山・御勧請山,687,false,false
yamap_2024-03-16_09_21.gpx,data/01_raw/gpx/2026-05-12/yamap_2024-03-16_09_21.gpx,61538,トギ・張木山・高手山,549,false,false
yamap_2024-03-16_13_58.gpx,data/01_raw/gpx/2026-05-12/yamap_2024-03-16_13_58.gpx,25370,斎藤山,224,false,false
yamap_2024-03-30_07_11.gpx,data/01_raw/gpx/2026-05-12/yamap_2024-03-30_07_11.gpx,71641,御祝山・横ノ森・小屋ヶ森・串ヶ森・目黒鳥屋・長尾森,654,false,false
yamap_2024-04-07_06_45.gpx,data/01_raw/gpx/2026-05-12/yamap_2024-04-07_06_45.gpx,70788,二箆山・西雑誌山,645,false,false
yamap_2024-04-20_05_43.gpx,data/01_raw/gpx/2026-05-12/yamap_2024-04-20_05_43.gpx,72594,気多山・八辻ノ峰・五代ヶ森,661,false,false
yamap_2024-04-27_08_04.gpx,data/01_raw/gpx/2026-05-12/yamap_2024-04-27_08_04.gpx,29318,桂ヶ森,265,false,false
yamap_2024-04-28_07_11.gpx,data/01_raw/gpx/2026-05-12/yamap_2024-04-28_07_11.gpx,19212,狼ヶ城山,172,false,false
yamap_2024-04-28_10_37.gpx,data/01_raw/gpx/2026-05-12/yamap_2024-04-28_10_37.gpx,42674,日浦嶺・打越山,389,false,false
yamap_2024-05-03_08_45.gpx,data/01_raw/gpx/2026-05-12/yamap_2024-05-03_08_45.gpx,44445,面河山,404,false,false
yamap_2024-05-11_07_45.gpx,data/01_raw/gpx/2026-05-12/yamap_2024-05-11_07_45.gpx,38834,丸笹山,351,false,false
yamap_2024-05-11_13_46.gpx,data/01_raw/gpx/2026-05-12/yamap_2024-05-11_13_46.gpx,3153,丸滝山,25,false,false
yamap_2024-05-15_11_16.gpx,data/01_raw/gpx/2026-05-12/yamap_2024-05-15_11_16.gpx,7122,名石山,61,false,false
yamap_2024-05-19_08_47.gpx,data/01_raw/gpx/2026-05-12/yamap_2024-05-19_08_47.gpx,23653,二反山・青刈山,213,false,false
yamap_2024-06-01_07_14.gpx,data/01_raw/gpx/2026-05-12/yamap_2024-06-01_07_14.gpx,55516,椿山,504,false,false
yamap_2024-06-08_08_42.gpx,data/01_raw/gpx/2026-05-12/yamap_2024-06-08_08_42.gpx,44904,沓掛山・黒森山,407,false,false
yamap_2024-06-14_06_46.gpx,data/01_raw/gpx/2026-05-12/yamap_2024-06-14_06_46.gpx,19380,二反山,175,false,false
yamap_2024-06-15_08_50.gpx,data/01_raw/gpx/2026-05-12/yamap_2024-06-15_08_50.gpx,39121,平家平,352,false,false
yamap_2024-06-16_07_27.gpx,data/01_raw/gpx/2026-05-12/yamap_2024-06-16_07_27.gpx,15734,薬師山,141,false,false
yamap_2024-07-06_10_01.gpx,data/01_raw/gpx/2026-05-12/yamap_2024-07-06_10_01.gpx,22214,子持権現山・男山・瓶ヶ森,198,false,false
yamap_2024-07-08_11_33.gpx,data/01_raw/gpx/2026-05-12/yamap_2024-07-08_11_33.gpx,8035,宅並山,68,false,false
yamap_2024-07-28_15_53.gpx,data/01_raw/gpx/2026-05-12/yamap_2024-07-28_15_53.gpx,18120,岩屋山,163,false,false
yamap_2024-08-03_20_36.gpx,data/01_raw/gpx/2026-05-12/yamap_2024-08-03_20_36.gpx,6449,高縄山,54,false,false
yamap_2024-09-14_07_46.gpx,data/01_raw/gpx/2026-05-12/yamap_2024-09-14_07_46.gpx,68430,伊予富士,622,false,false
yamap_2024-09-23_07_35.gpx,data/01_raw/gpx/2026-05-12/yamap_2024-09-23_07_35.gpx,57306,中津山(明神山)・猿越山,519,false,false
yamap_2024-10-05_06_40.gpx,data/01_raw/gpx/2026-05-12/yamap_2024-10-05_06_40.gpx,39141,銅山峰・西山・三の森・二の森・一の森,354,false,false
yamap_2024-10-14_04_48.gpx,data/01_raw/gpx/2026-05-12/yamap_2024-10-14_04_48.gpx,80271,三ッ足山・カガマシ山・橡尾山・笹ヶ峰,733,false,false
yamap_2024-10-20_06_42.gpx,data/01_raw/gpx/2026-05-12/yamap_2024-10-20_06_42.gpx,33192,ハネズル山,302,false,false
yamap_2024-10-20_11_05.gpx,data/01_raw/gpx/2026-05-12/yamap_2024-10-20_11_05.gpx,7422,天堤山,64,false,false
yamap_2024-12-01_06_40.gpx,data/01_raw/gpx/2026-05-12/yamap_2024-12-01_06_40.gpx,78046,唐谷山・天狗森・木峰・金見山・高丸・五郎丸・大谷山・龍王山,713,false,false
yamap_2024-12-01_14_17.gpx,data/01_raw/gpx/2026-05-12/yamap_2024-12-01_14_17.gpx,2825,城山,22,false,false
yamap_2024-12-08_06_59.gpx,data/01_raw/gpx/2026-05-12/yamap_2024-12-08_06_59.gpx,86286,本尊山・秋葉山・立烏帽子山・明神山,789,false,false
yamap_2024-12-15_07_21.gpx,data/01_raw/gpx/2026-05-12/yamap_2024-12-15_07_21.gpx,90417,陣が森・岩が森・スクモ塚・高萩山・長者森,824,false,false
yamap_2024-12-22_06_34.gpx,data/01_raw/gpx/2026-05-12/yamap_2024-12-22_06_34.gpx,50750,八倉山・行道山・水晶ヶ森,461,false,false
yamap_2024-12-22_10_25.gpx,data/01_raw/gpx/2026-05-12/yamap_2024-12-22_10_25.gpx,9014,笹ヶ平山,78,false,false
yamap_2025-01-03_07_19.gpx,data/01_raw/gpx/2026-05-12/yamap_2025-01-03_07_19.gpx,94109,壺神山・滝山・足山・皿が森,844,false,false
yamap_2025-01-11_08_43.gpx,data/01_raw/gpx/2026-05-12/yamap_2025-01-11_08_43.gpx,34635,尉之山・小山岳,313,false,false
yamap_2025-01-11_11_51.gpx,data/01_raw/gpx/2026-05-12/yamap_2025-01-11_11_51.gpx,8858,勝山,77,false,false
yamap_2025-01-24_13_34.gpx,data/01_raw/gpx/2026-05-12/yamap_2025-01-24_13_34.gpx,40406,御篠山・松葉山（松葉城址）・烏殿,366,false,false
yamap_2025-01-26_07_09.gpx,data/01_raw/gpx/2026-05-12/yamap_2025-01-26_07_09.gpx,73394,天が森・浄心山・銅が鳴,657,false,false
yamap_2025-01-30_06_55.gpx,data/01_raw/gpx/2026-05-12/yamap_2025-01-30_06_55.gpx,21683,弥八山,195,false,false
yamap_2025-01-30_08_48.gpx,data/01_raw/gpx/2026-05-12/yamap_2025-01-30_08_48.gpx,6163,西の山,51,false,false
yamap_2025-01-30_10_12.gpx,data/01_raw/gpx/2026-05-12/yamap_2025-01-30_10_12.gpx,14692,北山,130,false,false
yamap_2025-01-30_12_21.gpx,data/01_raw/gpx/2026-05-12/yamap_2025-01-30_12_21.gpx,4259,垣生山,34,false,false
yamap_2025-01-30_13_18.gpx,data/01_raw/gpx/2026-05-12/yamap_2025-01-30_13_18.gpx,13268,金子山,115,false,false
yamap_2025-01-30_14_42.gpx,data/01_raw/gpx/2026-05-12/yamap_2025-01-30_14_42.gpx,10914,八堂山,96,false,false
yamap_2025-02-09_07_31.gpx,data/01_raw/gpx/2026-05-12/yamap_2025-02-09_07_31.gpx,2785,カレイ山,21,false,false
yamap_2025-02-09_08_01.gpx,data/01_raw/gpx/2026-05-12/yamap_2025-02-09_08_01.gpx,20436,念仏山,183,false,false
yamap_2025-02-09_09_27.gpx,data/01_raw/gpx/2026-05-12/yamap_2025-02-09_09_27.gpx,15815,大頭山,142,false,false
yamap_2025-02-09_11_27.gpx,data/01_raw/gpx/2026-05-12/yamap_2025-02-09_11_27.gpx,2431,高取山,18,false,false
yamap_2025-02-09_12_21.gpx,data/01_raw/gpx/2026-05-12/yamap_2025-02-09_12_21.gpx,8805,八幡山,77,false,false
yamap_2025-02-11_08_43.gpx,data/01_raw/gpx/2026-05-12/yamap_2025-02-11_08_43.gpx,7326,要害山,64,false,false
yamap_2025-02-11_09_46.gpx,data/01_raw/gpx/2026-05-12/yamap_2025-02-11_09_46.gpx,13646,高穴山,121,false,false
yamap_2025-02-11_13_28.gpx,data/01_raw/gpx/2026-05-12/yamap_2025-02-11_13_28.gpx,16699,高仙山,149,false,false
yamap_2025-02-24_07_30.gpx,data/01_raw/gpx/2026-05-12/yamap_2025-02-24_07_30.gpx,20820,無宗天山,187,false,false
yamap_2025-02-24_09_04.gpx,data/01_raw/gpx/2026-05-12/yamap_2025-02-24_09_04.gpx,5473,若いもん山,46,false,false
yamap_2025-02-24_10_12.gpx,data/01_raw/gpx/2026-05-12/yamap_2025-02-24_10_12.gpx,13889,霊仙山,124,false,false
yamap_2025-02-28_07_34.gpx,data/01_raw/gpx/2026-05-12/yamap_2025-02-28_07_34.gpx,32667,綱付山・幻城上城,296,false,false
yamap_2025-02-28_10_24.gpx,data/01_raw/gpx/2026-05-12/yamap_2025-02-28_10_24.gpx,5511,幻城下城,46,false,false
yamap_2025-03-02_13_17.gpx,data/01_raw/gpx/2026-05-12/yamap_2025-03-02_13_17.gpx,17175,階上山,154,false,false
yamap_2025-03-10_08_18.gpx,data/01_raw/gpx/2026-05-12/yamap_2025-03-10_08_18.gpx,13390,姫政山,119,false,false
yamap_2025-03-10_10_25.gpx,data/01_raw/gpx/2026-05-12/yamap_2025-03-10_10_25.gpx,27946,館山,254,false,false
yamap_2025-03-17_13_17.gpx,data/01_raw/gpx/2026-05-12/yamap_2025-03-17_13_17.gpx,9860,高森山,87,false,false
yamap_2025-03-17_14_08.gpx,data/01_raw/gpx/2026-05-12/yamap_2025-03-17_14_08.gpx,9072,大登山,79,false,false
yamap_2025-03-20_08_27.gpx,data/01_raw/gpx/2026-05-12/yamap_2025-03-20_08_27.gpx,87905,高山・大里山・泰ノ山,807,false,false
yamap_2025-03-23_11_12.gpx,data/01_raw/gpx/2026-05-12/yamap_2025-03-23_11_12.gpx,37797,北ヶ森・高土の峰,343,false,false
yamap_2025-03-30_07_01.gpx,data/01_raw/gpx/2026-05-12/yamap_2025-03-30_07_01.gpx,14600,竜王山,129,false,false
yamap_2025-03-30_08_20.gpx,data/01_raw/gpx/2026-05-12/yamap_2025-03-30_08_20.gpx,6337,岳山,53,false,false
yamap_2025-03-30_09_12.gpx,data/01_raw/gpx/2026-05-12/yamap_2025-03-30_09_12.gpx,3461,一ヶ森,27,false,false
yamap_2025-03-30_12_56.gpx,data/01_raw/gpx/2026-05-12/yamap_2025-03-30_12_56.gpx,20778,京の森・大迫山,183,false,false
yamap_2025-04-04_06_19.gpx,data/01_raw/gpx/2026-05-12/yamap_2025-04-04_06_19.gpx,27324,コクゾ峰,248,false,false
yamap_2025-04-06_08_48.gpx,data/01_raw/gpx/2026-05-12/yamap_2025-04-06_08_48.gpx,64957,加塚山,593,false,false
yamap_2025-04-09_06_48.gpx,data/01_raw/gpx/2026-05-12/yamap_2025-04-09_06_48.gpx,68387,新谷神南山・五十崎神南山,626,false,false
yamap_2025-04-14_05_56.gpx,data/01_raw/gpx/2026-05-12/yamap_2025-04-14_05_56.gpx,34060,笠成山,308,false,false
yamap_2025-04-19_07_10.gpx,data/01_raw/gpx/2026-05-12/yamap_2025-04-19_07_10.gpx,73180,小屋山・丸石山,665,false,false
yamap_2025-04-27_06_23.gpx,data/01_raw/gpx/2026-05-12/yamap_2025-04-27_06_23.gpx,87669,野地峰・黒岩山・大野山,799,false,false
yamap_2025-06-21_08_53.gpx,data/01_raw/gpx/2026-05-12/yamap_2025-06-21_08_53.gpx,30133,貝渚山・水なし山,270,false,false
yamap_2025-07-06_07_10.gpx,data/01_raw/gpx/2026-05-12/yamap_2025-07-06_07_10.gpx,9315,谷崎山,81,false,false
yamap_2025-07-06_09_43.gpx,data/01_raw/gpx/2026-05-12/yamap_2025-07-06_09_43.gpx,13070,東黒森,115,false,false
yamap_2025-07-06_12_03.gpx,data/01_raw/gpx/2026-05-12/yamap_2025-07-06_12_03.gpx,3708,伊吹山,29,false,false
yamap_2025-08-15_09_21.gpx,data/01_raw/gpx/2026-05-12/yamap_2025-08-15_09_21.gpx,11448,天狗ノ森 ,100,false,false
yamap_2025-08-15_10_51.gpx,data/01_raw/gpx/2026-05-12/yamap_2025-08-15_10_51.gpx,3957,小牛城,32,false,false
yamap_2025-08-15_11_47.gpx,data/01_raw/gpx/2026-05-12/yamap_2025-08-15_11_47.gpx,6320,五段城,54,false,false
yamap_2025-08-15_12_44.gpx,data/01_raw/gpx/2026-05-12/yamap_2025-08-15_12_44.gpx,8671,正木ノ森,75,false,false
yamap_2025-09-07_08_00.gpx,data/01_raw/gpx/2026-05-12/yamap_2025-09-07_08_00.gpx,48251,鶴ノ子ノ頭・石鎚山,428,false,false
yamap_2025-09-21_08_53.gpx,data/01_raw/gpx/2026-05-12/yamap_2025-09-21_08_53.gpx,41646,前社ヶ森・剣山・黒川山,377,false,false
yamap_2025-09-27_06_52.gpx,data/01_raw/gpx/2026-05-12/yamap_2025-09-27_06_52.gpx,39300,東光森山・別子山,354,false,false
yamap_2025-10-05_08_42.gpx,data/01_raw/gpx/2026-05-12/yamap_2025-10-05_08_42.gpx,68143,三ッ森山・大座礼山,620,false,false
yamap_2025-10-11_06_24.gpx,data/01_raw/gpx/2026-05-12/yamap_2025-10-11_06_24.gpx,82393,大森山・佐々連尾山・三つ足山,751,false,false
yamap_2025-10-23_15_58.gpx,data/01_raw/gpx/2026-05-12/yamap_2025-10-23_15_58.gpx,5135,大峰,42,false,false
yamap_2025-10-23_16_38.gpx,data/01_raw/gpx/2026-05-12/yamap_2025-10-23_16_38.gpx,5152,堂堂山,42,false,false
yamap_2025-10-26_11_45.gpx,data/01_raw/gpx/2026-05-12/yamap_2025-10-26_11_45.gpx,17830,堂所山,160,false,false
yamap_2025-12-06_08_06.gpx,data/01_raw/gpx/2026-05-12/yamap_2025-12-06_08_06.gpx,74541,霧立山・地蔵山,667,false,false
yamap_2025-12-10_11_40.gpx,data/01_raw/gpx/2026-05-12/yamap_2025-12-10_11_40.gpx,12668,天道ヶ頭,112,false,false
yamap_2025-12-14_08_56.gpx,data/01_raw/gpx/2026-05-12/yamap_2025-12-14_08_56.gpx,29238,梁瀬山・紅葉山,264,false,false
yamap_2025-12-14_12_03.gpx,data/01_raw/gpx/2026-05-12/yamap_2025-12-14_12_03.gpx,17008,根太山,152,false,false
yamap_2025-12-20_07_28.gpx,data/01_raw/gpx/2026-05-12/yamap_2025-12-20_07_28.gpx,25588,池ノ城山,231,false,false
yamap_2026-01-04_08_20.gpx,data/01_raw/gpx/2026-05-12/yamap_2026-01-04_08_20.gpx,33755,雨森山,307,false,false
yamap_2026-01-04_11_16.gpx,data/01_raw/gpx/2026-05-12/yamap_2026-01-04_11_16.gpx,12916,峠ヶ森,112,false,false
yamap_2026-01-07_07_05.gpx,data/01_raw/gpx/2026-05-12/yamap_2026-01-07_07_05.gpx,28183,御在所山,255,false,false
yamap_2026-01-07_09_14.gpx,data/01_raw/gpx/2026-05-12/yamap_2026-01-07_09_14.gpx,19874,高雄山,178,false,false
yamap_2026-01-11_07_50.gpx,data/01_raw/gpx/2026-05-12/yamap_2026-01-11_07_50.gpx,30288,黒岩岳,275,false,false
yamap_2026-01-11_10_38.gpx,data/01_raw/gpx/2026-05-12/yamap_2026-01-11_10_38.gpx,15370,陣が森岳,138,false,false
yamap_2026-01-18_06_03.gpx,data/01_raw/gpx/2026-05-12/yamap_2026-01-18_06_03.gpx,20559,大判山,185,false,false
yamap_2026-01-18_09_11.gpx,data/01_raw/gpx/2026-05-12/yamap_2026-01-18_09_11.gpx,6791,竜王の峰,57,false,false
yamap_2026-01-25_07_43.gpx,data/01_raw/gpx/2026-05-12/yamap_2026-01-25_07_43.gpx,64455,船ヶ迫岳・鎌倉山,588,false,false
yamap_2026-01-31_07_40.gpx,data/01_raw/gpx/2026-05-12/yamap_2026-01-31_07_40.gpx,29905,槇ノ山,270,false,false
yamap_2026-01-31_10_49.gpx,data/01_raw/gpx/2026-05-12/yamap_2026-01-31_10_49.gpx,25937,遠見山,234,false,false
yamap_2026-01-31_13_52.gpx,data/01_raw/gpx/2026-05-12/yamap_2026-01-31_13_52.gpx,23042,高森山,208,false,false
yamap_2026-02-07_07_21.gpx,data/01_raw/gpx/2026-05-12/yamap_2026-02-07_07_21.gpx,49285,牛の峰・尻高峰,450,false,false
yamap_2026-02-07_11_17.gpx,data/01_raw/gpx/2026-05-12/yamap_2026-02-07_11_17.gpx,27885,鞍掛山,252,false,false
yamap_2026-02-14_08_22.gpx,data/01_raw/gpx/2026-05-12/yamap_2026-02-14_08_22.gpx,32433,大畑山,295,false,false
yamap_2026-02-14_13_33.gpx,data/01_raw/gpx/2026-05-12/yamap_2026-02-14_13_33.gpx,46547,権現山,425,false,false
yamap_2026-02-22_06_23.gpx,data/01_raw/gpx/2026-05-12/yamap_2026-02-22_06_23.gpx,12432,大森山,108,false,false
yamap_2026-02-22_07_32.gpx,data/01_raw/gpx/2026-05-12/yamap_2026-02-22_07_32.gpx,78932,高森山・町木山・寒台山・鎧掛山,708,false,false
yamap_2026-02-23_14_06.gpx,data/01_raw/gpx/2026-05-12/yamap_2026-02-23_14_06.gpx,1673,花見山,11,false,false
yamap_2026-03-01_06_45.gpx,data/01_raw/gpx/2026-05-12/yamap_2026-03-01_06_45.gpx,93300,剣ノ山・三傍示山・塩塚峰,851,false,false
yamap_2026-03-04_06_40.gpx,data/01_raw/gpx/2026-05-12/yamap_2026-03-04_06_40.gpx,30889,登議城山,280,false,false
yamap_2026-03-04_09_46.gpx,data/01_raw/gpx/2026-05-12/yamap_2026-03-04_09_46.gpx,14692,愛宕山,130,false,false
yamap_2026-03-06_09_00.gpx,data/01_raw/gpx/2026-05-12/yamap_2026-03-06_09_00.gpx,17070,世田山・笠松山東峰・笠松山,153,false,false
yamap_2026-03-07_09_28.gpx,data/01_raw/gpx/2026-05-12/yamap_2026-03-07_09_28.gpx,19316,尻割山・四本松,173,false,false
yamap_2026-03-07_11_08.gpx,data/01_raw/gpx/2026-05-12/yamap_2026-03-07_11_08.gpx,12754,権現山,113,false,false
yamap_2026-03-08_07_27.gpx,data/01_raw/gpx/2026-05-12/yamap_2026-03-08_07_27.gpx,5901,呉石山,49,false,false
yamap_2026-03-08_08_05.gpx,data/01_raw/gpx/2026-05-12/yamap_2026-03-08_08_05.gpx,27237,峰畑山,242,false,false
yamap_2026-03-08_10_45.gpx,data/01_raw/gpx/2026-05-12/yamap_2026-03-08_10_45.gpx,10106,白木山,89,false,false
yamap_2026-03-11_10_35.gpx,data/01_raw/gpx/2026-05-12/yamap_2026-03-11_10_35.gpx,6451,野津子山・軽ノ山,55,false,false
yamap_2026-03-15_06_14.gpx,data/01_raw/gpx/2026-05-12/yamap_2026-03-15_06_14.gpx,50034,長山,447,false,false
yamap_2026-03-15_10_21.gpx,data/01_raw/gpx/2026-05-12/yamap_2026-03-15_10_21.gpx,21094,高研山,186,false,false
yamap_2026-03-17_06_58.gpx,data/01_raw/gpx/2026-05-12/yamap_2026-03-17_06_58.gpx,32208,大ノ森,292,false,false
yamap_2026-03-21_07_01.gpx,data/01_raw/gpx/2026-05-12/yamap_2026-03-21_07_01.gpx,59100,雨乞山・妙見森,528,false,false
yamap_2026-03-21_13_44.gpx,data/01_raw/gpx/2026-05-12/yamap_2026-03-21_13_44.gpx,8915,笹峠山,77,false,false
yamap_2026-03-21_14_58.gpx,data/01_raw/gpx/2026-05-12/yamap_2026-03-21_14_58.gpx,15761,雨霧山,141,false,false
yamap_2026-04-11_09_14.gpx,data/01_raw/gpx/2026-05-12/yamap_2026-04-11_09_14.gpx,28363,三郷の辻,257,false,false
yamap_2026-04-12_11_03.gpx,data/01_raw/gpx/2026-05-12/yamap_2026-04-12_11_03.gpx,5124,権現山,43,false,false
yamap_2026-04-19_07_43.gpx,data/01_raw/gpx/2026-05-12/yamap_2026-04-19_07_43.gpx,34646,雨乞山,314,false,false
yamap_2026-04-19_10_27.gpx,data/01_raw/gpx/2026-05-12/yamap_2026-04-19_10_27.gpx,20138,鼻欠山,177,false,false
yamap_2026-04-29_06_34.gpx,data/01_raw/gpx/2026-05-12/yamap_2026-04-29_06_34.gpx,69761,面木山・黒森,638,false,false
yamap_2026-05-02_09_29.gpx,data/01_raw/gpx/2026-05-12/yamap_2026-05-02_09_29.gpx,30195,男山・瓶ヶ森・台ヶ森,271,false,false
yamap_2026-05-06_07_28.gpx,data/01_raw/gpx/2026-05-12/yamap_2026-05-06_07_28.gpx,44802,丸山・ちち山・笹ヶ峰,405,false,false
