mountain_no,mountain_name,review_category,proposed_candidate_id,proposed_candidate_type,canonical_summit_candidate_id,supplemental_candidate_id,supplemental_duplicate_of_canonical_candidate_id,distance_supplemental_to_canonical_m,proposed_lat,proposed_lon,proposed_ele_m,source_gpx_basename,distance_gemini_to_proposed_m,distance_csv_to_proposed_m,elevation_diff_csv_to_proposed_m,confidence,needs_human_review,review_reason_codes,notes
49,大久保山,gemini_only_coordinate_review,,,,,,,33.7225,132.646944,412,,0,,-237,0.94,true,gemini_only_coordinate,No GPX summit candidate found within 1000m. Proposing Gemini grounding coordinate directly.
50,八里ヶ峠,gemini_only_coordinate_review,,,,,,,33.743611,132.695833,373,,0,,-191,0.97,true,gemini_only_coordinate,No GPX summit candidate found within 1000m. Proposing Gemini grounding coordinate directly.
52,天神山,gemini_only_coordinate_review,,,,,,,33.729167,133.053889,1010,,0,,-963,0.93,true,gemini_only_coordinate,No GPX summit candidate found within 1000m. Proposing Gemini grounding coordinate directly.
53,室岡山,gemini_only_coordinate_review,,,,,,,33.731667,133.061944,1177,,0,,-1135,0.95,true,gemini_only_coordinate,No GPX summit candidate found within 1000m. Proposing Gemini grounding coordinate directly.
54,潮見山,gemini_only_coordinate_review,,,,,,,33.7275,133.049444,1011,,0,,-888,0.93,true,gemini_only_coordinate,No GPX summit candidate found within 1000m. Proposing Gemini grounding coordinate directly.
55,明神山,gemini_only_coordinate_review,,,,,,,33.738056,133.045,1410,,0,,-1249,0.92,true,gemini_only_coordinate,No GPX summit candidate found within 1000m. Proposing Gemini grounding coordinate directly.
63,大久保山,gemini_only_coordinate_review,,,,,,,33.844167,133.315556,1698,,0,,-543,0.98,true,gemini_only_coordinate,No GPX summit candidate found within 1000m. Proposing Gemini grounding coordinate directly.
65,引地山,gemini_only_coordinate_review,,,,,,,33.725556,132.868611,1027,,0,,0,0.96,true,gemini_only_coordinate,No GPX summit candidate found within 1000m. Proposing Gemini grounding coordinate directly.
66,東三方ヶ森,gemini_only_coordinate_review,,,,,,,33.911389,132.934167,1233,,0,,0,0.98,true,gemini_only_coordinate,No GPX summit candidate found within 1000m. Proposing Gemini grounding coordinate directly.
71,碁石ヶ森,gemini_only_coordinate_review,,,,,,,33.393889,132.656944,1183,,0,,0,0.95,true,gemini_only_coordinate,No GPX summit candidate found within 1000m. Proposing Gemini grounding coordinate directly.
73,御在所山,gemini_only_coordinate_review,,,,,,,33.355,132.6975,915,,0,,0,0.93,true,gemini_only_coordinate,No GPX summit candidate found within 1000m. Proposing Gemini grounding coordinate directly.
74,岩黒山,gemini_only_coordinate_review,,,,,,,33.754444,133.123889,1746,,0,,0,0.99,true,gemini_only_coordinate,No GPX summit candidate found within 1000m. Proposing Gemini grounding coordinate directly.
76,手箱山,gemini_only_coordinate_review,,,,,,,33.738889,133.117778,1806,,0,,0,0.98,true,gemini_only_coordinate,No GPX summit candidate found within 1000m. Proposing Gemini grounding coordinate directly.
77,大川嶺,gemini_only_coordinate_review,,,,,,,33.565,132.915,1525,,0,,0,0.97,true,gemini_only_coordinate,No GPX summit candidate found within 1000m. Proposing Gemini grounding coordinate directly.
79,ウバホド山,gemini_only_coordinate_review,,,,,,,33.560278,132.951944,1482,,0,,0,0.96,true,gemini_only_coordinate,No GPX summit candidate found within 1000m. Proposing Gemini grounding coordinate directly.
83,寒川山,gemini_only_coordinate_review,,,,,,,33.955556,133.518611,817,,0,,0,0.94,true,gemini_only_coordinate,No GPX summit candidate found within 1000m. Proposing Gemini grounding coordinate directly.
84,豊受山,gemini_only_coordinate_review,,,,,,,33.947222,133.473056,1247,,0,,0,0.98,true,gemini_only_coordinate,No GPX summit candidate found within 1000m. Proposing Gemini grounding coordinate directly.
86,七々木山,gemini_only_coordinate_review,,,,,,,33.935556,133.493056,1145,,0,,0,0.95,true,gemini_only_coordinate,No GPX summit candidate found within 1000m. Proposing Gemini grounding coordinate directly.
87,鋸山,gemini_only_coordinate_review,,,,,,,33.931389,133.513889,1017,,0,,0,0.98,true,gemini_only_coordinate,No GPX summit candidate found within 1000m. Proposing Gemini grounding coordinate directly.
88,翠波峰,gemini_only_coordinate_review,,,,,,,33.938889,133.551667,891,,0,,0,0.99,true,gemini_only_coordinate,No GPX summit candidate found within 1000m. Proposing Gemini grounding coordinate directly.
89,平石山,gemini_only_coordinate_review,,,,,,,33.945556,133.578611,826,,0,,0,0.94,true,gemini_only_coordinate,No GPX summit candidate found within 1000m. Proposing Gemini grounding coordinate directly.
91,青滝山,gemini_only_coordinate_review,,,,,,,33.647222,132.951111,1303,,0,,0,0.95,true,gemini_only_coordinate,No GPX summit candidate found within 1000m. Proposing Gemini grounding coordinate directly.
96,姫草,gemini_only_coordinate_review,,,,,,,33.376944,132.695278,1274,,0,,0,0.94,true,gemini_only_coordinate,No GPX summit candidate found within 1000m. Proposing Gemini grounding coordinate directly.
97,牛城,gemini_only_coordinate_review,,,,,,,33.381389,132.709444,1342,,0,,0,0.96,true,gemini_only_coordinate,No GPX summit candidate found within 1000m. Proposing Gemini grounding coordinate directly.
99,鉢巻山,gemini_only_coordinate_review,,,,,,,34.285833,133.181667,142,,0,,0,0.95,true,gemini_only_coordinate,No GPX summit candidate found within 1000m. Proposing Gemini grounding coordinate directly.
103,篠山,gemini_only_coordinate_review,,,,,,,32.965556,132.6625,1065,,0,,0,0.99,true,gemini_only_coordinate,No GPX summit candidate found within 1000m. Proposing Gemini grounding coordinate directly.
107,面河の頭,gemini_only_coordinate_review,,,,,,,33.748333,133.056944,1866,,0,,0,0.97,true,gemini_only_coordinate,No GPX summit candidate found within 1000m. Proposing Gemini grounding coordinate directly.
118,湯築山,gemini_only_coordinate_review,,,,,,,33.845833,132.785278,71,,0,,0,0.99,true,gemini_only_coordinate,No GPX summit candidate found within 1000m. Proposing Gemini grounding coordinate directly.
170,高山,gemini_only_coordinate_review,,,,,,,34.113056,132.946389,135,,0,,0,0.94,true,gemini_only_coordinate,No GPX summit candidate found within 1000m. Proposing Gemini grounding coordinate directly.
171,塔ノ峰,gemini_only_coordinate_review,,,,,,,34.111111,132.9575,150,,0,,0,0.95,true,gemini_only_coordinate,No GPX summit candidate found within 1000m. Proposing Gemini grounding coordinate directly.
172,海山,gemini_only_coordinate_review,,,,,,,34.111111,132.966944,155,,0,,0,0.95,true,gemini_only_coordinate,No GPX summit candidate found within 1000m. Proposing Gemini grounding coordinate directly.
175,医王山,gemini_only_coordinate_review,,,,,,,33.911389,133.069167,100,,0,,0,0.94,true,gemini_only_coordinate,No GPX summit candidate found within 1000m. Proposing Gemini grounding coordinate directly.
177,佐々久山,gemini_only_coordinate_review,,,,,,,33.931944,133.090556,56,,0,,0,0.94,true,gemini_only_coordinate,No GPX summit candidate found within 1000m. Proposing Gemini grounding coordinate directly.
179,天山,gemini_only_coordinate_review,,,,,,,33.823611,132.778056,51,,0,,0,0.98,true,gemini_only_coordinate,No GPX summit candidate found within 1000m. Proposing Gemini grounding coordinate directly.
180,東山,gemini_only_coordinate_review,,,,,,,33.811389,133.364444,1392,,0,,0,0.96,true,gemini_only_coordinate,No GPX summit candidate found within 1000m. Proposing Gemini grounding coordinate directly.
182,河原樋山,gemini_only_coordinate_review,,,,,,,33.708789,132.813878,864,,0,,0,0.98,true,gemini_only_coordinate,No GPX summit candidate found within 1000m. Proposing Gemini grounding coordinate directly.
183,真松嶺,gemini_only_coordinate_review,,,,,,,33.719623,132.805391,548,,0,,0,0.96,true,gemini_only_coordinate,No GPX summit candidate found within 1000m. Proposing Gemini grounding coordinate directly.
184,柿王寺森,gemini_only_coordinate_review,,,,,,,33.724167,132.803889,545,,0,,0,0.96,true,gemini_only_coordinate,No GPX summit candidate found within 1000m. Proposing Gemini grounding coordinate directly.
187,津田山,gemini_only_coordinate_review,,,,,,,33.825556,132.713889,110,,0,,0,0.95,true,gemini_only_coordinate,No GPX summit candidate found within 1000m. Proposing Gemini grounding coordinate directly.
188,弁天山,gemini_only_coordinate_review,,,,,,,33.821389,132.711944,130,,0,,0,0.96,true,gemini_only_coordinate,No GPX summit candidate found within 1000m. Proposing Gemini grounding coordinate directly.
190,黒瀬山（黒瀬城址）,gemini_only_coordinate_review,,,,,,,33.359167,132.523889,341,,0,,0,0.98,true,gemini_only_coordinate,No GPX summit candidate found within 1000m. Proposing Gemini grounding coordinate directly.
191,岡山（岡城址）,gemini_only_coordinate_review,,,,,,,33.364444,132.531389,360,,0,,0,0.97,true,gemini_only_coordinate,No GPX summit candidate found within 1000m. Proposing Gemini grounding coordinate directly.
195,由良山,gemini_only_coordinate_review,,,,,,,33.111111,132.441944,249,,0,,0,0.95,true,gemini_only_coordinate,No GPX summit candidate found within 1000m. Proposing Gemini grounding coordinate directly.
196,大森山,gemini_only_coordinate_review,,,,,,,33.483611,132.321389,291,,0,,0,0.94,true,gemini_only_coordinate,No GPX summit candidate found within 1000m. Proposing Gemini grounding coordinate directly.
197,見晴山,gemini_only_coordinate_review,,,,,,,33.4475,132.203611,395,,0,,0,0.96,true,gemini_only_coordinate,No GPX summit candidate found within 1000m. Proposing Gemini grounding coordinate directly.
198,権現山,gemini_only_coordinate_review,,,,,,,33.445278,132.197222,375,,0,,0,0.95,true,gemini_only_coordinate,No GPX summit candidate found within 1000m. Proposing Gemini grounding coordinate directly.
200,石神山,gemini_only_coordinate_review,,,,,,,33.464444,132.235556,303,,0,,0,0.94,true,gemini_only_coordinate,No GPX summit candidate found within 1000m. Proposing Gemini grounding coordinate directly.
203,谷田山,gemini_only_coordinate_review,,,,,,,33.901111,132.695278,78,,0,,0,0.94,true,gemini_only_coordinate,No GPX summit candidate found within 1000m. Proposing Gemini grounding coordinate directly.
204,金毘羅山,gemini_only_coordinate_review,,,,,,,33.897222,132.691389,41,,0,,0,0.93,true,gemini_only_coordinate,No GPX summit candidate found within 1000m. Proposing Gemini grounding coordinate directly.
205,佐古田山,gemini_only_coordinate_review,,,,,,,33.905556,132.699722,77,,0,,0,0.94,true,gemini_only_coordinate,No GPX summit candidate found within 1000m. Proposing Gemini grounding coordinate directly.
207,尾崎山,gemini_only_coordinate_review,,,,,,,33.963333,132.8075,260,,0,,0,0.94,true,gemini_only_coordinate,No GPX summit candidate found within 1000m. Proposing Gemini grounding coordinate directly.
211,明神ヶ森,gemini_only_coordinate_review,,,,,,,33.836667,132.895556,1217,,0,,0,0.99,true,gemini_only_coordinate,No GPX summit candidate found within 1000m. Proposing Gemini grounding coordinate directly.
212,南三方ヶ森,gemini_only_coordinate_review,,,,,,,33.876389,132.918611,1156,,0,,0,0.98,true,gemini_only_coordinate,No GPX summit candidate found within 1000m. Proposing Gemini grounding coordinate directly.
213,魚谷森,gemini_only_coordinate_review,,,,,,,33.830556,132.887222,1005,,0,,0,0.95,true,gemini_only_coordinate,No GPX summit candidate found within 1000m. Proposing Gemini grounding coordinate directly.
218,えんとつ山,gemini_only_coordinate_review,,,,,,,33.905634,133.278335,127,,0,,0,0.95,true,gemini_only_coordinate,No GPX summit candidate found within 1000m. Proposing Gemini grounding coordinate directly.
219,生子山,gemini_only_coordinate_review,,,,,,,33.901111,133.277222,301,,0,,0,0.96,true,gemini_only_coordinate,No GPX summit candidate found within 1000m. Proposing Gemini grounding coordinate directly.
220,犬返,gemini_only_coordinate_review,,,,,,,33.8825,133.284444,576,,0,,0,0.93,true,gemini_only_coordinate,No GPX summit candidate found within 1000m. Proposing Gemini grounding coordinate directly.
221,種子川山,gemini_only_coordinate_review,,,,,,,33.881389,133.292222,539,,0,,0,0.94,true,gemini_only_coordinate,No GPX summit candidate found within 1000m. Proposing Gemini grounding coordinate directly.
224,上兜山,gemini_only_coordinate_review,,,,,,,33.858333,133.297222,1559,,0,,0,0.95,true,gemini_only_coordinate,No GPX summit candidate found within 1000m. Proposing Gemini grounding coordinate directly.
226,黒森山,gemini_only_coordinate_review,,,,,,,33.818889,132.923889,1154,,0,,0,0.95,true,gemini_only_coordinate,No GPX summit candidate found within 1000m. Proposing Gemini grounding coordinate directly.
227,菊ヶ森,gemini_only_coordinate_review,,,,,,,33.645556,132.884722,914,,0,,0,0.94,true,gemini_only_coordinate,No GPX summit candidate found within 1000m. Proposing Gemini grounding coordinate directly.
230,木久ヶ森,gemini_only_coordinate_review,,,,,,,33.895556,133.153889,752,,0,,0,0.94,true,gemini_only_coordinate,No GPX summit candidate found within 1000m. Proposing Gemini grounding coordinate directly.
231,黒滝山,gemini_only_coordinate_review,,,,,,,33.882778,133.161111,809,,0,,0,0.95,true,gemini_only_coordinate,No GPX summit candidate found within 1000m. Proposing Gemini grounding coordinate directly.
235,善神山,gemini_only_coordinate_review,,,,,,,33.823611,132.969444,1094,,0,,0,0.96,true,gemini_only_coordinate,No GPX summit candidate found within 1000m. Proposing Gemini grounding coordinate directly.
236,前善神山,gemini_only_coordinate_review,,,,,,,33.818333,132.966389,1070,,0,,0,0.95,true,gemini_only_coordinate,No GPX summit candidate found within 1000m. Proposing Gemini grounding coordinate directly.
237,五葉が森,gemini_only_coordinate_review,,,,,,,33.951111,132.951111,841,,0,,0,0.96,true,gemini_only_coordinate,No GPX summit candidate found within 1000m. Proposing Gemini grounding coordinate directly.
240,八巻山,gemini_only_coordinate_review,,,,,,,33.864167,133.333333,1698,,0,,0,0.98,true,gemini_only_coordinate,No GPX summit candidate found within 1000m. Proposing Gemini grounding coordinate directly.
241,ベツソ山,gemini_only_coordinate_review,,,,,,,33.7225,132.658889,266,,0,,0,0.94,true,gemini_only_coordinate,No GPX summit candidate found within 1000m. Proposing Gemini grounding coordinate directly.
242,歯朶谷山,gemini_only_coordinate_review,,,,,,,33.681667,132.693611,314,,0,,0,0.94,true,gemini_only_coordinate,No GPX summit candidate found within 1000m. Proposing Gemini grounding coordinate directly.
244,二ノ岳,gemini_only_coordinate_review,,,,,,,33.664444,132.935556,1156,,0,,0,0.95,true,gemini_only_coordinate,No GPX summit candidate found within 1000m. Proposing Gemini grounding coordinate directly.
245,高森,gemini_only_coordinate_review,,,,,,,33.564722,133.003333,1360,,0,,0,0.96,true,gemini_only_coordinate,No GPX summit candidate found within 1000m. Proposing Gemini grounding coordinate directly.
253,秦皇山,gemini_only_coordinate_review,,,,,,,33.649722,132.721389,874,,0,,0,0.99,true,gemini_only_coordinate,No GPX summit candidate found within 1000m. Proposing Gemini grounding coordinate directly.
254,平岡山(平岡城址),gemini_only_coordinate_review,,,,,,,33.682222,132.648333,414,,0,,0,0.96,true,gemini_only_coordinate,No GPX summit candidate found within 1000m. Proposing Gemini grounding coordinate directly.
255,竜門山,gemini_only_coordinate_review,,,,,,,33.882222,133.018611,439,,0,,0,0.95,true,gemini_only_coordinate,No GPX summit candidate found within 1000m. Proposing Gemini grounding coordinate directly.
256,大黒山,gemini_only_coordinate_review,,,,,,,33.951111,133.123889,321,,0,,0,0.95,true,gemini_only_coordinate,No GPX summit candidate found within 1000m. Proposing Gemini grounding coordinate directly.
260,開山,gemini_only_coordinate_review,,,,,,,34.223889,133.0675,149,,0,,0,0.99,true,gemini_only_coordinate,No GPX summit candidate found within 1000m. Proposing Gemini grounding coordinate directly.
269,櫨ヶ森,gemini_only_coordinate_review,,,,,,,33.174444,132.628889,1064,,0,,0,0.95,true,gemini_only_coordinate,No GPX summit candidate found within 1000m. Proposing Gemini grounding coordinate directly.
276,白山,gemini_only_coordinate_review,,,,,,,33.882222,132.846944,327,,0,,0,0.94,true,gemini_only_coordinate,No GPX summit candidate found within 1000m. Proposing Gemini grounding coordinate directly.
280,御勧請山,gemini_only_coordinate_review,,,,,,,33.881111,132.851944,327,,0,,0,0.94,true,gemini_only_coordinate,No GPX summit candidate found within 1000m. Proposing Gemini grounding coordinate directly.
281,トギ,gemini_only_coordinate_review,,,,,,,33.565556,132.613889,391,,0,,0,0.95,true,gemini_only_coordinate,No GPX summit candidate found within 1000m. Proposing Gemini grounding coordinate directly.
282,張木山,gemini_only_coordinate_review,,,,,,,33.561111,132.618611,468,,0,,0,0.95,true,gemini_only_coordinate,No GPX summit candidate found within 1000m. Proposing Gemini grounding coordinate directly.
283,高手山,gemini_only_coordinate_review,,,,,,,33.498333,132.614444,381,,0,,0,0.95,true,gemini_only_coordinate,No GPX summit candidate found within 1000m. Proposing Gemini grounding coordinate directly.
285,御祝山,gemini_only_coordinate_review,,,,,,,33.243333,132.654444,999,,0,,0,0.98,true,gemini_only_coordinate,No GPX summit candidate found within 1000m. Proposing Gemini grounding coordinate directly.
286,横ノ森,gemini_only_coordinate_review,,,,,,,33.193611,132.621389,1200,,0,,0,0.96,true,gemini_only_coordinate,No GPX summit candidate found within 1000m. Proposing Gemini grounding coordinate directly.
294,八辻ノ峰,gemini_only_coordinate_review,,,,,,,33.741111,133.107222,1724,,0,,0,0.98,true,gemini_only_coordinate,No GPX summit candidate found within 1000m. Proposing Gemini grounding coordinate directly.
297,狼ヶ城山,gemini_only_coordinate_review,,,,,,,33.606111,132.955278,1380,,0,,0,0.98,true,gemini_only_coordinate,No GPX summit candidate found within 1000m. Proposing Gemini grounding coordinate directly.
298,日浦嶺,gemini_only_coordinate_review,,,,,,,33.680278,132.842778,901,,0,,0,0.96,true,gemini_only_coordinate,No GPX summit candidate found within 1000m. Proposing Gemini grounding coordinate directly.
299,打越山,gemini_only_coordinate_review,,,,,,,33.685278,132.825278,860,,0,,0,0.96,true,gemini_only_coordinate,No GPX summit candidate found within 1000m. Proposing Gemini grounding coordinate directly.
303,名石山,gemini_only_coordinate_review,,,,,,,33.916389,132.831389,297,,0,,0,0.95,true,gemini_only_coordinate,No GPX summit candidate found within 1000m. Proposing Gemini grounding coordinate directly.
304,青刈山,gemini_only_coordinate_review,,,,,,,34.254167,133.023889,342,,0,,0,0.95,true,gemini_only_coordinate,No GPX summit candidate found within 1000m. Proposing Gemini grounding coordinate directly.
306,黒森山,gemini_only_coordinate_review,,,,,,,33.784444,133.096389,1678,,0,,0,0.99,true,gemini_only_coordinate,No GPX summit candidate found within 1000m. Proposing Gemini grounding coordinate directly.
307,沓掛山,gemini_only_coordinate_review,,,,,,,33.778889,133.203333,1691,,0,,0,0.98,true,gemini_only_coordinate,No GPX summit candidate found within 1000m. Proposing Gemini grounding coordinate directly.
309,平家平,gemini_only_coordinate_review,,,,,,,33.811111,133.411111,1693,,0,,0,0.99,true,gemini_only_coordinate,No GPX summit candidate found within 1000m. Proposing Gemini grounding coordinate directly.
312,男山,gemini_only_coordinate_review,,,,,,,33.805556,133.193889,1838,,0,,0,0.97,true,gemini_only_coordinate,No GPX summit candidate found within 1000m. Proposing Gemini grounding coordinate directly.
313,瓶ヶ森,gemini_only_coordinate_review,,,,,,,33.805556,133.197222,1897,,0,,0,0.99,true,gemini_only_coordinate,No GPX summit candidate found within 1000m. Proposing Gemini grounding coordinate directly.
316,高縄山,gemini_only_coordinate_review,,,,,,,33.942778,132.868611,993,,0,,0,0.99,true,gemini_only_coordinate,No GPX summit candidate found within 1000m. Proposing Gemini grounding coordinate directly.
319,猿越山,gemini_only_coordinate_review,,,,,,,33.605,132.964167,1435,,0,,0,0.96,true,gemini_only_coordinate,No GPX summit candidate found within 1000m. Proposing Gemini grounding coordinate directly.
320,銅山峰,gemini_only_coordinate_review,,,,,,,33.864722,133.284444,1330,,0,,0,0.98,true,gemini_only_coordinate,No GPX summit candidate found within 1000m. Proposing Gemini grounding coordinate directly.
321,西山,gemini_only_coordinate_review,,,,,,,33.861111,133.297222,1429,,0,,0,0.96,true,gemini_only_coordinate,No GPX summit candidate found within 1000m. Proposing Gemini grounding coordinate directly.
322,三の森,gemini_only_coordinate_review,,,,,,,33.811389,133.189444,1154,,0,,0,0.95,true,gemini_only_coordinate,No GPX summit candidate found within 1000m. Proposing Gemini grounding coordinate directly.
325,三ッ足山,gemini_only_coordinate_review,,,,,,,33.914444,133.606944,1103,,0,,0,0.97,true,gemini_only_coordinate,No GPX summit candidate found within 1000m. Proposing Gemini grounding coordinate directly.
326,カガマシ山,gemini_only_coordinate_review,,,,,,,33.911111,133.593611,1343,,0,,0,0.98,true,gemini_only_coordinate,No GPX summit candidate found within 1000m. Proposing Gemini grounding coordinate directly.
327,橡尾山,gemini_only_coordinate_review,,,,,,,33.905556,133.584167,1222,,0,,0,0.97,true,gemini_only_coordinate,No GPX summit candidate found within 1000m. Proposing Gemini grounding coordinate directly.
329,ハネズル山,gemini_only_coordinate_review,,,,,,,33.824722,133.568333,1299,,0,,0,0.98,true,gemini_only_coordinate,No GPX summit candidate found within 1000m. Proposing Gemini grounding coordinate directly.
331,五郎丸,gemini_only_coordinate_review,,,,,,,33.916944,133.585278,595,,0,,0,0.94,true,gemini_only_coordinate,No GPX summit candidate found within 1000m. Proposing Gemini grounding coordinate directly.
332,高丸,gemini_only_coordinate_review,,,,,,,33.918611,133.578333,589,,0,,0,0.94,true,gemini_only_coordinate,No GPX summit candidate found within 1000m. Proposing Gemini grounding coordinate directly.
333,金見山,gemini_only_coordinate_review,,,,,,,33.915278,133.584722,596,,0,,0,0.95,true,gemini_only_coordinate,No GPX summit candidate found within 1000m. Proposing Gemini grounding coordinate directly.
334,木峰,gemini_only_coordinate_review,,,,,,,33.910278,133.576111,594,,0,,0,0.94,true,gemini_only_coordinate,No GPX summit candidate found within 1000m. Proposing Gemini grounding coordinate directly.
335,天狗森,gemini_only_coordinate_review,,,,,,,33.908889,133.571944,535,,0,,0,0.94,true,gemini_only_coordinate,No GPX summit candidate found within 1000m. Proposing Gemini grounding coordinate directly.
336,唐谷山,gemini_only_coordinate_review,,,,,,,33.905556,133.566389,485,,0,,0,0.93,true,gemini_only_coordinate,No GPX summit candidate found within 1000m. Proposing Gemini grounding coordinate directly.
337,龍王山,gemini_only_coordinate_review,,,,,,,33.901111,133.561944,450,,0,,0,0.94,true,gemini_only_coordinate,No GPX summit candidate found within 1000m. Proposing Gemini grounding coordinate directly.
338,大谷山,gemini_only_coordinate_review,,,,,,,33.903611,133.575278,507,,0,,0,0.95,true,gemini_only_coordinate,No GPX summit candidate found within 1000m. Proposing Gemini grounding coordinate directly.
339,城山,gemini_only_coordinate_review,,,,,,,34.020833,133.573889,62,,0,,0,0.98,true,gemini_only_coordinate,No GPX summit candidate found within 1000m. Proposing Gemini grounding coordinate directly.
340,本尊山,gemini_only_coordinate_review,,,,,,,33.718889,132.693333,187,,0,,0,0.95,true,gemini_only_coordinate,No GPX summit candidate found within 1000m. Proposing Gemini grounding coordinate directly.
344,陣が森,gemini_only_coordinate_review,,,,,,,33.743056,132.784722,538,,0,,0,0.96,true,gemini_only_coordinate,No GPX summit candidate found within 1000m. Proposing Gemini grounding coordinate directly.
345,岩が森,gemini_only_coordinate_review,,,,,,,33.7475,132.791389,413,,0,,0,0.94,true,gemini_only_coordinate,No GPX summit candidate found within 1000m. Proposing Gemini grounding coordinate directly.
347,高萩山,gemini_only_coordinate_review,,,,,,,33.753889,132.776389,356,,0,,0,0.95,true,gemini_only_coordinate,No GPX summit candidate found within 1000m. Proposing Gemini grounding coordinate directly.
349,八倉山,gemini_only_coordinate_review,,,,,,,33.758056,132.793889,257,,0,,0,0.96,true,gemini_only_coordinate,No GPX summit candidate found within 1000m. Proposing Gemini grounding coordinate directly.
351,水晶ヶ森,gemini_only_coordinate_review,,,,,,,33.743889,132.766111,403,,0,,0,0.95,true,gemini_only_coordinate,No GPX summit candidate found within 1000m. Proposing Gemini grounding coordinate directly.
352,笹ヶ平山,gemini_only_coordinate_review,,,,,,,33.764722,132.805833,261,,0,,0,0.94,true,gemini_only_coordinate,No GPX summit candidate found within 1000m. Proposing Gemini grounding coordinate directly.
353,壺神山,gemini_only_coordinate_review,,,,,,,33.585556,132.553889,971,,0,,0,0.99,true,gemini_only_coordinate,No GPX summit candidate found within 1000m. Proposing Gemini grounding coordinate directly.
355,足山,gemini_only_coordinate_review,,,,,,,33.606944,132.579444,675,,0,,0,0.96,true,gemini_only_coordinate,No GPX summit candidate found within 1000m. Proposing Gemini grounding coordinate directly.
358,小山岳,gemini_only_coordinate_review,,,,,,,33.878889,132.844167,435,,0,,0,0.95,true,gemini_only_coordinate,No GPX summit candidate found within 1000m. Proposing Gemini grounding coordinate directly.
359,勝山,gemini_only_coordinate_review,,,,,,,33.882778,132.841389,385,,0,,0,0.95,true,gemini_only_coordinate,No GPX summit candidate found within 1000m. Proposing Gemini grounding coordinate directly.
363,天が森,gemini_only_coordinate_review,,,,,,,33.483611,132.441944,393,,0,,0,0.95,true,gemini_only_coordinate,No GPX summit candidate found within 1000m. Proposing Gemini grounding coordinate directly.
364,浄心山,gemini_only_coordinate_review,,,,,,,33.528889,132.421111,781,,0,,0,0.97,true,gemini_only_coordinate,No GPX summit candidate found within 1000m. Proposing Gemini grounding coordinate directly.
365,銅が鳴,gemini_only_coordinate_review,,,,,,,33.535,132.429444,767,,0,,0,0.96,true,gemini_only_coordinate,No GPX summit candidate found within 1000m. Proposing Gemini grounding coordinate directly.
367,西の山,gemini_only_coordinate_review,,,,,,,33.9575,133.431389,244,,0,,0,0.94,true,gemini_only_coordinate,No GPX summit candidate found within 1000m. Proposing Gemini grounding coordinate directly.
368,北山,gemini_only_coordinate_review,,,,,,,33.951111,133.423611,241,,0,,0,0.94,true,gemini_only_coordinate,No GPX summit candidate found within 1000m. Proposing Gemini grounding coordinate directly.
372,亀老山,gemini_only_coordinate_review,,,,,,,34.119444,133.029444,301,,0,,0,0.99,true,gemini_only_coordinate,No GPX summit candidate found within 1000m. Proposing Gemini grounding coordinate directly.
381,霊仙山,gemini_only_coordinate_review,,,,,,,34.020556,132.997222,156,,0,,0,0.96,true,gemini_only_coordinate,No GPX summit candidate found within 1000m. Proposing Gemini grounding coordinate directly.
382,若いもん山,gemini_only_coordinate_review,,,,,,,34.016667,133.003333,127,,0,,0,0.95,true,gemini_only_coordinate,No GPX summit candidate found within 1000m. Proposing Gemini grounding coordinate directly.
394,大里山,gemini_only_coordinate_review,,,,,,,33.9575,132.623611,296,,0,,0,0.97,true,gemini_only_coordinate,No GPX summit candidate found within 1000m. Proposing Gemini grounding coordinate directly.
395,北ヶ森,gemini_only_coordinate_review,,,,,,,33.725833,132.813889,1010,,0,,0,0.98,true,gemini_only_coordinate,No GPX summit candidate found within 1000m. Proposing Gemini grounding coordinate directly.
397,竜王山,gemini_only_coordinate_review,,,,,,,33.376944,132.531389,460,,0,,0,0.95,true,gemini_only_coordinate,No GPX summit candidate found within 1000m. Proposing Gemini grounding coordinate directly.
398,岳山,gemini_only_coordinate_review,,,,,,,33.535833,132.610556,606,,0,,0,0.96,true,gemini_only_coordinate,No GPX summit candidate found within 1000m. Proposing Gemini grounding coordinate directly.
399,一ヶ森,gemini_only_coordinate_review,,,,,,,33.528333,132.611389,597,,0,,0,0.95,true,gemini_only_coordinate,No GPX summit candidate found within 1000m. Proposing Gemini grounding coordinate directly.
400,愛の森,gemini_only_coordinate_review,,,,,,,33.506667,132.593611,466,,0,,0,0.95,true,gemini_only_coordinate,No GPX summit candidate found within 1000m. Proposing Gemini grounding coordinate directly.
401,京の森,gemini_only_coordinate_review,,,,,,,33.532778,132.631667,545,,0,,0,0.94,true,gemini_only_coordinate,No GPX summit candidate found within 1000m. Proposing Gemini grounding coordinate directly.
402,大迫山,gemini_only_coordinate_review,,,,,,,33.543333,132.628889,559,,0,,0,0.94,true,gemini_only_coordinate,No GPX summit candidate found within 1000m. Proposing Gemini grounding coordinate directly.
403,船山,gemini_only_coordinate_review,,,,,,,33.666944,132.813611,910,,0,,0,0.96,true,gemini_only_coordinate,No GPX summit candidate found within 1000m. Proposing Gemini grounding coordinate directly.
407,五十崎神南山,gemini_only_coordinate_review,,,,,,,33.541389,132.585556,710,,0,,0,0.99,true,gemini_only_coordinate,No GPX summit candidate found within 1000m. Proposing Gemini grounding coordinate directly.
409,小屋山,gemini_only_coordinate_review,,,,,,,33.376111,132.730278,1344,,0,,0,0.97,true,gemini_only_coordinate,No GPX summit candidate found within 1000m. Proposing Gemini grounding coordinate directly.
410,丸石山,gemini_only_coordinate_review,,,,,,,33.385556,132.731389,1327,,0,,0,0.95,true,gemini_only_coordinate,No GPX summit candidate found within 1000m. Proposing Gemini grounding coordinate directly.
411,野地峰,gemini_only_coordinate_review,,,,,,,33.840278,133.585556,1279,,0,,0,0.99,true,gemini_only_coordinate,No GPX summit candidate found within 1000m. Proposing Gemini grounding coordinate directly.
412,黒岩山,gemini_only_coordinate_review,,,,,,,33.829167,133.593333,1350,,0,,0,0.96,true,gemini_only_coordinate,No GPX summit candidate found within 1000m. Proposing Gemini grounding coordinate directly.
413,大野山,gemini_only_coordinate_review,,,,,,,33.825556,133.606389,1400,,0,,0,0.96,true,gemini_only_coordinate,No GPX summit candidate found within 1000m. Proposing Gemini grounding coordinate directly.
414,水なし山,gemini_only_coordinate_review,,,,,,,33.474444,132.964444,1406,,0,,0,0.95,true,gemini_only_coordinate,No GPX summit candidate found within 1000m. Proposing Gemini grounding coordinate directly.
418,伊吹山,gemini_only_coordinate_review,,,,,,,33.773889,133.155556,1503,,0,,0,0.99,true,gemini_only_coordinate,No GPX summit candidate found within 1000m. Proposing Gemini grounding coordinate directly.
419,小牛城,gemini_only_coordinate_review,,,,,,,33.391389,132.711111,1142,,0,,0,0.94,true,gemini_only_coordinate,No GPX summit candidate found within 1000m. Proposing Gemini grounding coordinate directly.
423,鶴ノ子ノ頭,gemini_only_coordinate_review,,,,,,,33.714444,133.102222,1637,,0,,0,0.98,true,gemini_only_coordinate,No GPX summit candidate found within 1000m. Proposing Gemini grounding coordinate directly.
426,前社ヶ森,gemini_only_coordinate_review,,,,,,,33.766389,133.151111,1592,,0,,0,0.98,true,gemini_only_coordinate,No GPX summit candidate found within 1000m. Proposing Gemini grounding coordinate directly.
432,三つ足山,gemini_only_coordinate_review,,,,,,,33.819444,133.580556,1452,,0,,0,0.95,true,gemini_only_coordinate,No GPX summit candidate found within 1000m. Proposing Gemini grounding coordinate directly.
433,大森山,gemini_only_coordinate_review,,,,,,,33.821111,133.626389,1433,,0,,0,0.98,true,gemini_only_coordinate,No GPX summit candidate found within 1000m. Proposing Gemini grounding coordinate directly.
434,佐々連尾山,gemini_only_coordinate_review,,,,,,,33.823611,133.642778,1404,,0,,0,0.99,true,gemini_only_coordinate,No GPX summit candidate found within 1000m. Proposing Gemini grounding coordinate directly.
444,紅葉山,gemini_only_coordinate_review,,,,,,,33.518611,132.561111,376,,0,,0,0.95,true,gemini_only_coordinate,No GPX summit candidate found within 1000m. Proposing Gemini grounding coordinate directly.
446,池ノ城山,gemini_only_coordinate_review,,,,,,,33.528333,132.684167,589,,0,,0,0.96,true,gemini_only_coordinate,No GPX summit candidate found within 1000m. Proposing Gemini grounding coordinate directly.
449,御在所山,gemini_only_coordinate_review,,,,,,,33.501389,132.511111,668,,0,,0,0.96,true,gemini_only_coordinate,No GPX summit candidate found within 1000m. Proposing Gemini grounding coordinate directly.
450,高雄山,gemini_only_coordinate_review,,,,,,,33.353611,132.423611,388,,0,,0,0.97,true,gemini_only_coordinate,No GPX summit candidate found within 1000m. Proposing Gemini grounding coordinate directly.
454,竜王の峰,gemini_only_coordinate_review,,,,,,,33.376944,132.613889,534,,0,,0,0.95,true,gemini_only_coordinate,No GPX summit candidate found within 1000m. Proposing Gemini grounding coordinate directly.
455,船ヶ迫岳,gemini_only_coordinate_review,,,,,,,33.552778,132.653889,631,,0,,0,0.96,true,gemini_only_coordinate,No GPX summit candidate found within 1000m. Proposing Gemini grounding coordinate directly.
456,鎌倉山,gemini_only_coordinate_review,,,,,,,33.565278,132.685556,681,,0,,0,0.98,true,gemini_only_coordinate,No GPX summit candidate found within 1000m. Proposing Gemini grounding coordinate directly.
459,高森山,gemini_only_coordinate_review,,,,,,,33.335556,132.546111,634,,0,,0,0.96,true,gemini_only_coordinate,No GPX summit candidate found within 1000m. Proposing Gemini grounding coordinate directly.
461,尻高峰,gemini_only_coordinate_review,,,,,,,33.525556,132.471667,566,,0,,0,0.97,true,gemini_only_coordinate,No GPX summit candidate found within 1000m. Proposing Gemini grounding coordinate directly.
462,鞍掛山,gemini_only_coordinate_review,,,,,,,33.513511,132.446864,629,,0,,0,0.96,true,gemini_only_coordinate,No GPX summit candidate found within 1000m. Proposing Gemini grounding coordinate directly.
463,大畑山,gemini_only_coordinate_review,,,,,,,33.535972,132.41725,645,,0,,0,0.95,true,gemini_only_coordinate,No GPX summit candidate found within 1000m. Proposing Gemini grounding coordinate directly.
465,権現山,gemini_only_coordinate_review,,,,,,,33.483472,132.399583,364,,0,,0,0.94,true,gemini_only_coordinate,No GPX summit candidate found within 1000m. Proposing Gemini grounding coordinate directly.
466,大森山,gemini_only_coordinate_review,,,,,,,33.479528,132.531278,729,,0,,0,0.96,true,gemini_only_coordinate,No GPX summit candidate found within 1000m. Proposing Gemini grounding coordinate directly.
467,高森山,gemini_only_coordinate_review,,,,,,,33.435778,132.529806,819,,0,,0,0.98,true,gemini_only_coordinate,No GPX summit candidate found within 1000m. Proposing Gemini grounding coordinate directly.
469,寒台山,gemini_only_coordinate_review,,,,,,,33.513472,132.748694,895,,0,,0,0.95,true,gemini_only_coordinate,No GPX summit candidate found within 1000m. Proposing Gemini grounding coordinate directly.
470,鎧掛山,gemini_only_coordinate_review,,,,,,,33.447556,132.508583,788,,0,,0,0.96,true,gemini_only_coordinate,No GPX summit candidate found within 1000m. Proposing Gemini grounding coordinate directly.
471,花見山,gemini_only_coordinate_review,,,,,,,33.835833,132.793889,23,,0,,0,0.94,true,gemini_only_coordinate,No GPX summit candidate found within 1000m. Proposing Gemini grounding coordinate directly.
472,剣ノ山,gemini_only_coordinate_review,,,,,,,33.992222,133.729167,1105,,0,,0,0.97,true,gemini_only_coordinate,No GPX summit candidate found within 1000m. Proposing Gemini grounding coordinate directly.
473,三傍示山,gemini_only_coordinate_review,,,,,,,33.984167,133.716111,1157,,0,,0,0.98,true,gemini_only_coordinate,No GPX summit candidate found within 1000m. Proposing Gemini grounding coordinate directly.
479,四本松,gemini_only_coordinate_review,,,,,,,33.161111,132.580556,721,,0,,0,0.95,true,gemini_only_coordinate,No GPX summit candidate found within 1000m. Proposing Gemini grounding coordinate directly.
484,軽ノ山,gemini_only_coordinate_review,,,,,,,33.982222,132.793889,171,,0,,0,0.94,true,gemini_only_coordinate,No GPX summit candidate found within 1000m. Proposing Gemini grounding coordinate directly.
485,野津子山,gemini_only_coordinate_review,,,,,,,33.978889,132.791111,144,,0,,0,0.94,true,gemini_only_coordinate,No GPX summit candidate found within 1000m. Proposing Gemini grounding coordinate directly.
488,大ノ森,gemini_only_coordinate_review,,,,,,,33.593889,132.964444,1320,,0,,0,0.96,true,gemini_only_coordinate,No GPX summit candidate found within 1000m. Proposing Gemini grounding coordinate directly.
490,妙見森,gemini_only_coordinate_review,,,,,,,33.535556,132.905556,1325,,0,,0,0.96,true,gemini_only_coordinate,No GPX summit candidate found within 1000m. Proposing Gemini grounding coordinate directly.
491,笹峠山,gemini_only_coordinate_review,,,,,,,33.504167,132.846389,954,,0,,0,0.95,true,gemini_only_coordinate,No GPX summit candidate found within 1000m. Proposing Gemini grounding coordinate directly.
493,三郷の辻,gemini_only_coordinate_review,,,,,,,33.626944,132.991667,931,,0,,0,0.96,true,gemini_only_coordinate,No GPX summit candidate found within 1000m. Proposing Gemini grounding coordinate directly.
494,権現山,gemini_only_coordinate_review,,,,,,,33.945833,132.784722,117,,0,,0,0.95,true,gemini_only_coordinate,No GPX summit candidate found within 1000m. Proposing Gemini grounding coordinate directly.
498,黒森,gemini_only_coordinate_review,,,,,,,33.805556,132.941667,903,,0,,0,0.95,true,gemini_only_coordinate,No GPX summit candidate found within 1000m. Proposing Gemini grounding coordinate directly.
499,台ヶ森,gemini_only_coordinate_review,,,,,,,33.778611,133.155556,1501,,0,,0,0.96,true,gemini_only_coordinate,No GPX summit candidate found within 1000m. Proposing Gemini grounding coordinate directly.
501,大森山,gemini_only_coordinate_review,,,,,,,33.782402,133.153201,1399,,0,0,0,1,true,gemini_only_coordinate,No GPX summit candidate found within 1000m. Proposing Gemini grounding coordinate directly.
502,うつむき山,gemini_only_coordinate_review,,,,,,,33.568889,132.755111,535,,0,0,0,1,true,gemini_only_coordinate,No GPX summit candidate found within 1000m. Proposing Gemini grounding coordinate directly.
503,妙見山,gemini_only_coordinate_review,,,,,,,33.559167,132.600056,535,,0,0,0,1,true,gemini_only_coordinate,No GPX summit candidate found within 1000m. Proposing Gemini grounding coordinate directly.
504,鉢が森,gemini_only_coordinate_review,,,,,,,33.399236,132.615513,552,,0,0,0,1,true,gemini_only_coordinate,No GPX summit candidate found within 1000m. Proposing Gemini grounding coordinate directly.
505,高山寺山,gemini_only_coordinate_review,,,,,,,33.522925,132.510191,561,,0,0,0,1,true,gemini_only_coordinate,No GPX summit candidate found within 1000m. Proposing Gemini grounding coordinate directly.
506,陣ヶ森,gemini_only_coordinate_review,,,,,,,33.590092,132.709728,565,,0,0,0,1,true,gemini_only_coordinate,No GPX summit candidate found within 1000m. Proposing Gemini grounding coordinate directly.
507,牛ヶ首,gemini_only_coordinate_review,,,,,,,33.92209,133.35514,584,,0,0,0,1,true,gemini_only_coordinate,No GPX summit candidate found within 1000m. Proposing Gemini grounding coordinate directly.
508,三石山,gemini_only_coordinate_review,,,,,,,33.568778,132.856417,616,,0,0,0,1,true,gemini_only_coordinate,No GPX summit candidate found within 1000m. Proposing Gemini grounding coordinate directly.
509,感応寺山,gemini_only_coordinate_review,,,,,,,33.561222,132.579639,688,,0,0,0,1,true,gemini_only_coordinate,No GPX summit candidate found within 1000m. Proposing Gemini grounding coordinate directly.
510,水無権現,gemini_only_coordinate_review,,,,,,,33.612515,132.72112,703,,0,0,0,1,true,gemini_only_coordinate,No GPX summit candidate found within 1000m. Proposing Gemini grounding coordinate directly.
511,秋葉山,gemini_only_coordinate_review,,,,,,,33.596611,132.606278,722,,0,0,0,1,true,gemini_only_coordinate,No GPX summit candidate found within 1000m. Proposing Gemini grounding coordinate directly.
512,黒山,gemini_only_coordinate_review,,,,,,,33.638972,132.610639,729,,0,0,0,1,true,gemini_only_coordinate,No GPX summit candidate found within 1000m. Proposing Gemini grounding coordinate directly.
513,大野山,gemini_only_coordinate_review,,,,,,,33.423639,132.552972,800,,0,0,0,1,true,gemini_only_coordinate,No GPX summit candidate found within 1000m. Proposing Gemini grounding coordinate directly.
514,棟山,gemini_only_coordinate_review,,,,,,,33.622639,132.6035,808,,0,0,0,1,true,gemini_only_coordinate,No GPX summit candidate found within 1000m. Proposing Gemini grounding coordinate directly.
515,星ヶ森,gemini_only_coordinate_review,,,,,,,33.835478,133.107797,820,,0,0,0,1,true,gemini_only_coordinate,No GPX summit candidate found within 1000m. Proposing Gemini grounding coordinate directly.
516,草屋敷,gemini_only_coordinate_review,,,,,,,33.606248,132.614092,824,,0,0,0,1,true,gemini_only_coordinate,No GPX summit candidate found within 1000m. Proposing Gemini grounding coordinate directly.
517,大熊山,gemini_only_coordinate_review,,,,,,,33.767056,132.938056,856,,0,0,0,1,true,gemini_only_coordinate,No GPX summit candidate found within 1000m. Proposing Gemini grounding coordinate directly.
519,蒲山,gemini_only_coordinate_review,,,,,,,33.645583,132.76275,873,,0,0,0,1,true,gemini_only_coordinate,No GPX summit candidate found within 1000m. Proposing Gemini grounding coordinate directly.
520,牛ノ峯,gemini_only_coordinate_review,,,,,,,33.656753,132.649133,895,,0,0,0,1,true,gemini_only_coordinate,No GPX summit candidate found within 1000m. Proposing Gemini grounding coordinate directly.
521,小森,gemini_only_coordinate_review,,,,,,,33.791278,133.154833,932,,0,0,0,1,true,gemini_only_coordinate,No GPX summit candidate found within 1000m. Proposing Gemini grounding coordinate directly.
522,辻ヶ峰,gemini_only_coordinate_review,,,,,,,33.891811,133.292249,957,,0,0,0,1,true,gemini_only_coordinate,No GPX summit candidate found within 1000m. Proposing Gemini grounding coordinate directly.
523,常住,gemini_only_coordinate_review,,,,,,,33.781833,133.169194,984,,0,0,0,1,true,gemini_only_coordinate,No GPX summit candidate found within 1000m. Proposing Gemini grounding coordinate directly.
524,熊鷹山,gemini_only_coordinate_review,,,,,,,33.910568,133.401798,1095,,0,0,0,1,true,gemini_only_coordinate,No GPX summit candidate found within 1000m. Proposing Gemini grounding coordinate directly.
525,櫛ヶ峰,gemini_only_coordinate_review,,,,,,,33.867577,133.222072,1112,,0,0,0,1,true,gemini_only_coordinate,No GPX summit candidate found within 1000m. Proposing Gemini grounding coordinate directly.
526,大旗山,gemini_only_coordinate_review,,,,,,,33.507467,132.828131,1184,,0,0,0,1,true,gemini_only_coordinate,No GPX summit candidate found within 1000m. Proposing Gemini grounding coordinate directly.
527,兵庫山,gemini_only_coordinate_review,,,,,,,33.84801,133.50827,1303,,0,0,0,1,true,gemini_only_coordinate,No GPX summit candidate found within 1000m. Proposing Gemini grounding coordinate directly.
528,生之越,gemini_only_coordinate_review,,,,,,,33.466177,132.958796,1310,,0,0,0,1,true,gemini_only_coordinate,No GPX summit candidate found within 1000m. Proposing Gemini grounding coordinate directly.
529,玉取山,gemini_only_coordinate_review,,,,,,,33.863523,133.526051,1330,,0,0,0,1,true,gemini_only_coordinate,No GPX summit candidate found within 1000m. Proposing Gemini grounding coordinate directly.
530,三ヶ森,gemini_only_coordinate_review,,,,,,,33.803672,132.06812,1377,,0,92396.9,0,1,true,gemini_only_coordinate;csv_coordinate_mismatch,No GPX summit candidate found within 1000m. Proposing Gemini grounding coordinate directly.
531,扇山,gemini_only_coordinate_review,,,,,,,33.8244,133.214509,1392,,0,0,0,1,true,gemini_only_coordinate,No GPX summit candidate found within 1000m. Proposing Gemini grounding coordinate directly.
