source_gpx_basename,track_name,activity_titles,mountain_names_in_track_or_title,csv_mountain_nos_matched_by_name,csv_mountain_names_matched_by_name,summit_candidate_count_for_gpx,summit_candidate_ids_for_gpx,assigned_mountain_nos_using_gpx,assigned_mountain_names_using_gpx,coverage_status,diagnostic_note
yamap_2022-01-15_08_17.gpx,関ヶ森・観音山・倉谷山・芝ヶ峠,関ヶ森・観音山・倉谷山・芝ヶ峠,関ヶ森;観音山;倉谷山;芝ヶ峠;観音山,1;2;47;48;277,関ヶ森;観音山;倉谷山;芝ヶ峠;観音山,4,summit-candidate:a0c35720552a78c8;summit-candidate:cb62a56e70cedbce;summit-candidate:feca346909b97b92;summit-candidate:c284068144ec2cfd,,,candidate_count_less_than_named_peaks,Under-detection: candidate count (4) is less than named peaks (5).
yamap_2022-01-22_09_04.gpx,高森山・岩伽羅山・衣掛山・吉山(吉山城址),高森山・岩伽羅山・衣掛山・吉山(吉山城址),高森山;岩伽羅山;衣掛山;吉山(吉山城址);高森;高森山;高森山;高森山,3;4;5;6;245;390;459;467,高森山;岩伽羅山;衣掛山;吉山(吉山城址);高森;高森山;高森山;高森山,2,summit-candidate:e7ae682a07af2e10;summit-candidate:d03c84134ca0989d,3;210;214,高森山;福見山;左谷ノ森,candidate_count_less_than_named_peaks,Under-detection: candidate count (2) is less than named peaks (8).
yamap_2022-01-28_12_28.gpx,尾ノ峰・新城山・腰折山・恵良山,尾ノ峰・新城山・腰折山・恵良山,尾ノ峰;新城山;腰折山;恵良山,7;8;9;10,尾ノ峰;新城山;腰折山;恵良山,4,summit-candidate:36e3ac8003e8b5d0;summit-candidate:ac7a1ebef52ea30c;summit-candidate:d6b806525709cc22;summit-candidate:40260be41579ab8f,,,candidate_count_matches_named_peaks,Candidate count (4) matches the number of named peaks in track/title.
yamap_2022-01-29_08_35.gpx,皿ヶ森・経座ヶ森・ヨソ山,皿ヶ森・経座ヶ森・ヨソ山,皿ヶ森;経座ヶ森;ヨソ山,11;12;58,皿ヶ森;経座ヶ森;ヨソ山,2,summit-candidate:59c561a08189d6b9;summit-candidate:7c532ef1be71a4d1,497,面木山,candidate_count_less_than_named_peaks,Under-detection: candidate count (2) is less than named peaks (3).
yamap_2022-02-06_08_26.gpx,谷上山・権現山・白滝山・障子山,谷上山・権現山・白滝山・障子山,谷上山;権現山;白滝山;障子山;権現山;権現山;権現山;権現山;権現山;権現山;権現山,13;14;15;16;159;189;198;263;465;480;494,谷上山;権現山;白滝山;障子山;権現山;権現山;権現山;権現山;権現山;権現山;権現山,5,summit-candidate:0eff3d1ea2b48d73;summit-candidate:c94d8d76133fda1a;summit-candidate:2c817617699a0a45;summit-candidate:ea5f711625df386b;summit-candidate:a0ef25e9a532b62e,,,candidate_count_less_than_named_peaks,Under-detection: candidate count (5) is less than named peaks (11).
yamap_2022-02-11_08_26.gpx,塩ヶ森・番駄ヶ森・ケタ山・大磨山・鍵山（象ヶ森）,塩ヶ森・番駄ヶ森・ケタ山・大磨山・鍵山（象ヶ森）,塩ヶ森;番駄ヶ森;ケタ山;大磨山;鍵山（象ヶ森）,18;19;20;21;22,塩ヶ森;番駄ヶ森;ケタ山;大磨山;鍵山（象ヶ森）,5,summit-candidate:0c210f0edfbda06f;summit-candidate:a637fbc518f58ac5;summit-candidate:24dc6cf37ce4e715;summit-candidate:d4dc6f2bbe1f994f;summit-candidate:c2491268ea5645b7,,,candidate_count_matches_named_peaks,Candidate count (5) matches the number of named peaks in track/title.
yamap_2022-02-15_10_36.gpx,天神山・御幸寺山,天神山・御幸寺山,天神山;御幸寺山;天神山,23;24;52,天神山;御幸寺山;天神山,2,summit-candidate:543b4550a3ef3e87;summit-candidate:e4808690532bb46c,,,candidate_count_less_than_named_peaks,Under-detection: candidate count (2) is less than named peaks (3).
yamap_2022-02-16_11_57.gpx,愛宕山・常光寺山,愛宕山・常光寺山,愛宕山;常光寺山;愛宕山,25;26;476,愛宕山;常光寺山;愛宕山,2,summit-candidate:22b4a5a5c856bf4d;summit-candidate:d9391b001d4bc442,,,candidate_count_less_than_named_peaks,Under-detection: candidate count (2) is less than named peaks (3).
yamap_2022-02-23_08_42.gpx,西山・経ヶ森・岩子山・護摩ヶ森,西山・経ヶ森・岩子山・護摩ヶ森,西山;岩子山;経ヶ森;護摩ヶ森;岩子山;西山,31;32;33;34;185;321,西山;岩子山;経ヶ森;護摩ヶ森;岩子山;西山,2,summit-candidate:bdfa250c89c1ca90;summit-candidate:23c112538ef91e0d,,,candidate_count_less_than_named_peaks,Under-detection: candidate count (2) is less than named peaks (6).
yamap_2022-02-26_07_43.gpx,御岳山,御岳山;石槌山;モニタリング調査ライン,御岳山;石槌山,35;36,御岳山;石槌山,2,summit-candidate:54cf4155ab259d9d;summit-candidate:80fb4ff56016a4dd,,,candidate_count_matches_named_peaks,Candidate count (2) matches the number of named peaks in track/title.
yamap_2022-02-28_13_13.gpx,花木山,花木山;重茂山,重茂山;花木山,38;39,重茂山;花木山,1,summit-candidate:fbd725fc8006e2c8,,,single_candidate_for_multi_peak_track,Only 1 candidate extracted for a track named with 2 peaks. Severe peak merging occurred.
yamap_2022-03-03_10_47.gpx,奥之城山・ヌタノサコ,奥之城山・ヌタノサコ,ヌタノサコ;奥之城山,40;232,ヌタノサコ;奥之城山,3,summit-candidate:ea33d870d4700a56;summit-candidate:7d7066baad9d7077;summit-candidate:0ec3be2fa2295b82,357,尉之山,candidate_count_greater_than_named_peaks,Over-detection or secondary features: candidate count (3) exceeds named peaks (2).
yamap_2022-03-05_09_44.gpx,城山・水梨山・向山,城山・水梨山・向山,城山;水梨山;向山;城山;城山,41;42;43;279;339,城山;水梨山;向山;城山;城山,5,summit-candidate:c1f175d0616be696;summit-candidate:07834c521328cc1d;summit-candidate:0a765b89058b256b;summit-candidate:cf1e11202c4f4280;summit-candidate:edd15dad4a862cba,,,candidate_count_matches_named_peaks,Candidate count (5) matches the number of named peaks in track/title.
yamap_2022-03-12_08_31.gpx,菊ヶ森,菊ヶ森;道後山;鞍馬山・貴船山【鞍馬駅▶️貴船口駅】🌟🌟,菊ヶ森;道後山;菊ヶ森,45;46;227,菊ヶ森;道後山;菊ヶ森,1,summit-candidate:ab8cf0f07d2a219d,,,single_candidate_for_multi_peak_track,Only 1 candidate extracted for a track named with 3 peaks. Severe peak merging occurred.
yamap_2022-03-12_09_19.gpx,道後山,道後山;菊ヶ森;鞍馬山・貴船山【鞍馬駅▶️貴船口駅】🌟🌟,菊ヶ森;道後山;菊ヶ森,45;46;227,菊ヶ森;道後山;菊ヶ森,1,summit-candidate:7c680b0eed0187fa,,,single_candidate_for_multi_peak_track,Only 1 candidate extracted for a track named with 3 peaks. Severe peak merging occurred.
yamap_2022-03-13_09_49.gpx,倉谷山・芝ヶ峠・淡路ヶ峠・宝ヶ峯,倉谷山・芝ヶ峠・淡路ヶ峠・宝ヶ峯,倉谷山;芝ヶ峠;宝ヶ峯;淡路ヶ峠,47;48;208;209,倉谷山;芝ヶ峠;宝ヶ峯;淡路ヶ峠,3,summit-candidate:aba609f471e97e4a;summit-candidate:079ae30d76fb11c2;summit-candidate:b9e78d4a587ceaa0,,,candidate_count_less_than_named_peaks,Under-detection: candidate count (3) is less than named peaks (4).
yamap_2022-03-20_07_06.gpx,大久保山・八里ヶ峠・中坂山・天神山・室岡山・潮見山,大久保山・八里ヶ峠・中坂山・天神山・室岡山・潮見山,天神山;大久保山;八里ヶ峠;中坂山;天神山;室岡山;潮見山;潮見山;大久保山,23;49;50;51;52;53;54;56;63,天神山;大久保山;八里ヶ峠;中坂山;天神山;室岡山;潮見山;潮見山;大久保山,4,summit-candidate:5e94c87cc5fcc87b;summit-candidate:5aff666aa93b3a17;summit-candidate:c2c9094225d1da63;summit-candidate:452c10a1db199870,,,candidate_count_less_than_named_peaks,Under-detection: candidate count (4) is less than named peaks (9).
yamap_2022-03-23_07_38.gpx,明神山・潮見山,明神山・潮見山,潮見山;明神山;潮見山;明神山,54;55;56;343,潮見山;明神山;潮見山;明神山,2,summit-candidate:3259dfe3d9ce60c5;summit-candidate:45439217573adfc4,,,candidate_count_less_than_named_peaks,Under-detection: candidate count (2) is less than named peaks (4).
yamap_2022-03-25_12_12.gpx,十門山(十門城址)・ヨソ山,十門山(十門城址)・ヨソ山,十門山(十門城址);ヨソ山,57;58,十門山(十門城址);ヨソ山,2,summit-candidate:a94564816fd4afff;summit-candidate:555fd1e3be8780dd,58,ヨソ山,candidate_count_matches_named_peaks,Candidate count (2) matches the number of named peaks in track/title.
yamap_2022-04-08_09_33.gpx,鬼ヶ城山・大久保山・八面山・三本杭・横ノ森・小屋ヶ森・毛山,鬼ヶ城山・大久保山・八面山・三本杭・横ノ森・小屋ヶ森・毛山,大久保山;鬼ヶ城山;三本杭;八面山;大久保山;毛山;横ノ森;小屋ヶ森,49;60;61;62;63;270;286;287,大久保山;鬼ヶ城山;三本杭;八面山;大久保山;毛山;横ノ森;小屋ヶ森,5,summit-candidate:7ceb76663c2bb81b;summit-candidate:27c1036d4aa2230e;summit-candidate:babbcdf7bbd23463;summit-candidate:91ebf1d99654d5b2;summit-candidate:40068653b28bad40,266;287;288;290;478,郭公岳;小屋ヶ森;串ヶ森;長尾森;尻割山,candidate_count_less_than_named_peaks,Under-detection: candidate count (5) is less than named peaks (8).
yamap_2022-04-09_14_44.gpx,大月山・高縄山,大月山・高縄山;白山　桜山-2022-04-09,大月山;白山;高縄山,64;276;316,大月山;白山;高縄山,2,summit-candidate:9a68e7a3a97831ff;summit-candidate:6ba0d3c6b0fb6b96,,,candidate_count_less_than_named_peaks,Under-detection: candidate count (2) is less than named peaks (3).
yamap_2022-04-15_11_52.gpx,皿ヶ嶺・引地山,皿ヶ嶺・引地山,引地山;皿ヶ嶺,65;217,引地山;皿ヶ嶺,2,summit-candidate:7a1f0e8b5f9e5cc2;summit-candidate:b06e13a9483478e5,217,皿ヶ嶺,candidate_count_matches_named_peaks,Candidate count (2) matches the number of named peaks in track/title.
yamap_2022-04-22_11_13.gpx,甲が森,甲が森;三滝山;雨包山;源氏ヶ駄場（薊野峰）;碁石ヶ森,甲が森;三滝山;雨包山;源氏ヶ駄場（薊野峰）;碁石ヶ森,67;68;69;70;71,甲が森;三滝山;雨包山;源氏ヶ駄場（薊野峰）;碁石ヶ森,1,summit-candidate:50d68ea03af3c4ff,,,single_candidate_for_multi_peak_track,Only 1 candidate extracted for a track named with 5 peaks. Severe peak merging occurred.
yamap_2022-04-22_12_22.gpx,三滝山,三滝山;甲が森;雨包山;源氏ヶ駄場（薊野峰）;碁石ヶ森,甲が森;三滝山;雨包山;源氏ヶ駄場（薊野峰）;碁石ヶ森,67;68;69;70;71,甲が森;三滝山;雨包山;源氏ヶ駄場（薊野峰）;碁石ヶ森,1,summit-candidate:da65a16f23740e83,,,single_candidate_for_multi_peak_track,Only 1 candidate extracted for a track named with 5 peaks. Severe peak merging occurred.
yamap_2022-04-22_14_13.gpx,雨包山,雨包山;甲が森;三滝山;源氏ヶ駄場（薊野峰）;碁石ヶ森,甲が森;三滝山;雨包山;源氏ヶ駄場（薊野峰）;碁石ヶ森,67;68;69;70;71,甲が森;三滝山;雨包山;源氏ヶ駄場（薊野峰）;碁石ヶ森,1,summit-candidate:6198ad7009d86ec2,,,single_candidate_for_multi_peak_track,Only 1 candidate extracted for a track named with 5 peaks. Severe peak merging occurred.
yamap_2022-04-22_16_48.gpx,源氏ヶ駄場（薊野峰）,源氏ヶ駄場（薊野峰）;甲が森;三滝山;雨包山;碁石ヶ森,甲が森;三滝山;雨包山;源氏ヶ駄場（薊野峰）;碁石ヶ森,67;68;69;70;71,甲が森;三滝山;雨包山;源氏ヶ駄場（薊野峰）;碁石ヶ森,1,summit-candidate:e85b9bd32eb5e6f1,,,single_candidate_for_multi_peak_track,Only 1 candidate extracted for a track named with 5 peaks. Severe peak merging occurred.
yamap_2022-04-22_17_29.gpx,碁石ヶ森,碁石ヶ森;甲が森;三滝山;雨包山;源氏ヶ駄場（薊野峰）,甲が森;三滝山;雨包山;源氏ヶ駄場（薊野峰）;碁石ヶ森,67;68;69;70;71,甲が森;三滝山;雨包山;源氏ヶ駄場（薊野峰）;碁石ヶ森,1,summit-candidate:ee9d736a090185dd,,,single_candidate_for_multi_peak_track,Only 1 candidate extracted for a track named with 5 peaks. Severe peak merging occurred.
yamap_2022-04-25_11_35.gpx,伊之子山・左谷ノ森,横岳・大川入山;二ッ箭山・暑いです！！,伊之子山;左谷ノ森,72;214,伊之子山;左谷ノ森,2,summit-candidate:e793f83b8a4fd86f;summit-candidate:15c71a530dcecd2e,,,candidate_count_matches_named_peaks,Candidate count (2) matches the number of named peaks in track/title.
yamap_2022-04-27_10_31.gpx,御在所山,御在所山,御在所山;御在所山,73;449,御在所山;御在所山,1,summit-candidate:61f36127d879648f,,,single_candidate_for_multi_peak_track,Only 1 candidate extracted for a track named with 2 peaks. Severe peak merging occurred.
yamap_2022-04-30_08_30.gpx,岩黒山・筒上山・手箱山,岩黒山・筒上山・手箱山;大菩薩嶺・妙見ノ頭,岩黒山;筒上山;手箱山,74;75;76,岩黒山;筒上山;手箱山,4,summit-candidate:591204fdc01b55b6;summit-candidate:71b10e23075edf20;summit-candidate:43f9d4fa36aabb79;summit-candidate:d13554ef3debca9d,,,candidate_count_greater_than_named_peaks,Over-detection or secondary features: candidate count (4) exceeds named peaks (3).
yamap_2022-05-02_09_06.gpx,大川嶺・笠取山・ウバホド山,大川嶺・笠取山・ウバホド山,大川嶺;笠取山;ウバホド山,77;78;79,大川嶺;笠取山;ウバホド山,2,summit-candidate:33637f0e3b5b1405;summit-candidate:1ebd63d8e2790409,78,笠取山,candidate_count_less_than_named_peaks,Under-detection: candidate count (2) is less than named peaks (3).
yamap_2022-05-05_13_29.gpx,陣ヶ森・前々司山・うなめご,陣ヶ森・前々司山・うなめご,うなめご;前々司山;陣ヶ森;陣ヶ森,80;81;82;506,うなめご;前々司山;陣ヶ森;陣ヶ森,3,summit-candidate:e084389cc60ad329;summit-candidate:e7e4429a39f6359f;summit-candidate:ea6bebee79234da7,80;81,うなめご;前々司山,candidate_count_less_than_named_peaks,Under-detection: candidate count (3) is less than named peaks (4).
yamap_2022-05-07_07_14.gpx,寒川山・鋸山・七々木山・豊受山・赤星山,寒川山・鋸山・七々木山・豊受山・赤星山;翠波峰;平石山,寒川山;豊受山;赤星山;七々木山;鋸山;翠波峰;平石山,83;84;85;86;87;88;89,寒川山;豊受山;赤星山;七々木山;鋸山;翠波峰;平石山,3,summit-candidate:2f7dbee4c5bde53e;summit-candidate:db51ae1b2be57eea;summit-candidate:eaabf45a5163fb65,,,candidate_count_less_than_named_peaks,Under-detection: candidate count (3) is less than named peaks (7).
yamap_2022-05-15_06_10.gpx,割石東山・青滝山・堂ヶ森,割石東山・青滝山・堂ヶ森;高岳・中岳・南岳;烏帽子岳,割石東山;青滝山;堂ヶ森,90;91;92,割石東山;青滝山;堂ヶ森,6,summit-candidate:4b33f9c73e644793;summit-candidate:2b97141dc260a078;summit-candidate:242762a3c600ff91;summit-candidate:124ae25a51aa9a64;summit-candidate:bb644412fd9a132c;summit-candidate:57e8c6cb102c9500,105;106;108,鞍瀬ノ頭;二ノ森;西ノ冠岳,candidate_count_greater_than_named_peaks,Over-detection or secondary features: candidate count (6) exceeds named peaks (3).
yamap_2022-05-22_08_09.gpx,石鎚山・天狗岳・南尖峰,石鎚山・天狗岳・南尖峰;万二郎岳（天城山）・万三郎岳（天城山）,南尖峰;天狗岳;石鎚山,93;233;234,南尖峰;天狗岳;石鎚山,1,summit-candidate:3b98b67bbe0fe0f9,,,single_candidate_for_multi_peak_track,Only 1 candidate extracted for a track named with 3 peaks. Severe peak merging occurred.
yamap_2022-06-04_14_13.gpx,勝山,勝山,勝山;勝山,95;359,勝山;勝山,1,summit-candidate:91cacd7deced8470,279,城山,single_candidate_for_multi_peak_track,Only 1 candidate extracted for a track named with 2 peaks. Severe peak merging occurred.
yamap_2022-06-16_16_00.gpx,姫草,姫草;牛城,姫草;牛城,96;97,姫草;牛城,1,summit-candidate:dc456a72b89d4d52,,,single_candidate_for_multi_peak_track,Only 1 candidate extracted for a track named with 2 peaks. Severe peak merging occurred.
yamap_2022-06-16_16_25.gpx,牛城,牛城;姫草,姫草;牛城,96;97,姫草;牛城,1,summit-candidate:c7ff156edb321d12,,,single_candidate_for_multi_peak_track,Only 1 candidate extracted for a track named with 2 peaks. Severe peak merging occurred.
yamap_2022-06-18_11_15.gpx,積善山,積善山;鉢巻山;立石山,積善山;鉢巻山;立石山,98;99;100,積善山;鉢巻山;立石山,1,summit-candidate:76a5e492c9dcf980,,,single_candidate_for_multi_peak_track,Only 1 candidate extracted for a track named with 3 peaks. Severe peak merging occurred.
yamap_2022-06-18_13_12.gpx,鉢巻山,鉢巻山;積善山;立石山,積善山;鉢巻山;立石山,98;99;100,積善山;鉢巻山;立石山,1,summit-candidate:c4169cdcaf61f31a,,,single_candidate_for_multi_peak_track,Only 1 candidate extracted for a track named with 3 peaks. Severe peak merging occurred.
yamap_2022-06-18_14_26.gpx,立石山,立石山;積善山;鉢巻山,積善山;鉢巻山;立石山,98;99;100,積善山;鉢巻山;立石山,1,summit-candidate:50aa5073a99759cf,100,立石山,single_candidate_for_multi_peak_track,Only 1 candidate extracted for a track named with 3 peaks. Severe peak merging occurred.
yamap_2022-06-20_12_02.gpx,安神山・鷲ヶ頭山,安神山・鷲ヶ頭山,鷲ヶ頭山;安神山,101;102,鷲ヶ頭山;安神山,2,summit-candidate:a92a94d8b5e0fb90;summit-candidate:159deb385560c198,101;102,鷲ヶ頭山;安神山,candidate_count_matches_named_peaks,Candidate count (2) matches the number of named peaks in track/title.
yamap_2022-07-02_07_43.gpx,石鎚山・西ノ冠岳・面河の頭・二ノ森・鞍瀬ノ頭,石鎚山・西ノ冠岳・面河の頭・二ノ森・鞍瀬ノ頭,鞍瀬ノ頭;二ノ森;面河の頭;西ノ冠岳;石鎚山,105;106;107;108;234,鞍瀬ノ頭;二ノ森;面河の頭;西ノ冠岳;石鎚山,3,summit-candidate:fe43b0b6aa90cb8f;summit-candidate:bca203164e26ce6a;summit-candidate:846b096132c533d6,,,candidate_count_less_than_named_peaks,Under-detection: candidate count (3) is less than named peaks (5).
yamap_2022-07-10_07_25.gpx,男山・瓶ヶ森・西黒森,,西黒森;男山;瓶ヶ森,109;312;313,西黒森;男山;瓶ヶ森,3,summit-candidate:db28fcca36deb720;summit-candidate:f09a1f754bcb761e;summit-candidate:ccaadb71f8ae2bd1,311,子持権現山,candidate_count_matches_named_peaks,Candidate count (3) matches the number of named peaks in track/title.
yamap_2022-07-14_09_57.gpx,小富士,小富士;龍石山,小富士;龍石山,110;111,小富士;龍石山,1,summit-candidate:75832271d4e4d0ba,,,single_candidate_for_multi_peak_track,Only 1 candidate extracted for a track named with 2 peaks. Severe peak merging occurred.
yamap_2022-08-26_08_45.gpx,世田山・笠松山,世田山・笠松山,世田山;笠松山;笠松山,114;115;518,世田山;笠松山;笠松山,2,summit-candidate:9d5a3bd31bedfeda;summit-candidate:d0f2d4ee46a862c3,176,永納山(永納山城址),candidate_count_less_than_named_peaks,Under-detection: candidate count (2) is less than named peaks (3).
yamap_2022-09-09_06_58.gpx,寒風山・笹ヶ峰・ちち山,寒風山・笹ヶ峰・ちち山,寒風山;ちち山;笹ヶ峰;笹ヶ峰,119;120;121;328,寒風山;ちち山;笹ヶ峰;笹ヶ峰,4,summit-candidate:23eea13de5db5c9f;summit-candidate:9a59c4b620ba3792;summit-candidate:7213c478833fd90f;summit-candidate:395bb631522975b6,,,candidate_count_matches_named_peaks,Candidate count (4) matches the number of named peaks in track/title.
yamap_2022-09-15_09_20.gpx,三山,三山;伊勢山;久司山;石灰山・古法皇山,三山;伊勢山;久司山;石灰山;古法皇山,123;124;125;126;127,三山;伊勢山;久司山;石灰山;古法皇山,1,summit-candidate:35b464661fa62df9,,,single_candidate_for_multi_peak_track,Only 1 candidate extracted for a track named with 5 peaks. Severe peak merging occurred.
yamap_2022-09-15_11_02.gpx,伊勢山,伊勢山;三山;久司山;石灰山・古法皇山,三山;伊勢山;久司山;石灰山;古法皇山,123;124;125;126;127,三山;伊勢山;久司山;石灰山;古法皇山,1,summit-candidate:bd145a45a7d01b99,,,single_candidate_for_multi_peak_track,Only 1 candidate extracted for a track named with 5 peaks. Severe peak merging occurred.
yamap_2022-09-15_11_50.gpx,久司山,久司山;三山;伊勢山;石灰山・古法皇山,三山;伊勢山;久司山;石灰山;古法皇山,123;124;125;126;127,三山;伊勢山;久司山;石灰山;古法皇山,1,summit-candidate:507809fc1a4b9e4e,,,single_candidate_for_multi_peak_track,Only 1 candidate extracted for a track named with 5 peaks. Severe peak merging occurred.
yamap_2022-09-15_12_35.gpx,石灰山・古法皇山,石灰山・古法皇山;三山;伊勢山;久司山,三山;伊勢山;久司山;石灰山;古法皇山,123;124;125;126;127,三山;伊勢山;久司山;石灰山;古法皇山,1,summit-candidate:4d0f5f75da9165b8,,,single_candidate_for_multi_peak_track,Only 1 candidate extracted for a track named with 5 peaks. Severe peak merging occurred.
yamap_2022-09-20_14_24.gpx,極山,極山;狩江権現山,権現山;狩江権現山;極山;権現山;権現山;権現山;権現山;権現山;権現山;権現山,14;128;129;159;189;198;263;465;480;494,権現山;狩江権現山;極山;権現山;権現山;権現山;権現山;権現山;権現山;権現山,1,summit-candidate:ef5127a689eaf48a,,,single_candidate_for_multi_peak_track,Only 1 candidate extracted for a track named with 10 peaks. Severe peak merging occurred.
yamap_2022-09-26_12_07.gpx,三本榎,三本榎;二反山・青刈山;鏡山,三本榎;鏡山;青刈山;二反山,131;132;304;308,三本榎;鏡山;青刈山;二反山,1,summit-candidate:8251283605282249,,,single_candidate_for_multi_peak_track,Only 1 candidate extracted for a track named with 4 peaks. Severe peak merging occurred.
yamap_2022-09-26_14_04.gpx,鏡山,鏡山;二反山・青刈山;三本榎,三本榎;鏡山;青刈山;二反山,131;132;304;308,三本榎;鏡山;青刈山;二反山,1,summit-candidate:588c967023117267,,,single_candidate_for_multi_peak_track,Only 1 candidate extracted for a track named with 4 peaks. Severe peak merging occurred.
yamap_2022-10-03_14_57.gpx,雄甲山・雌甲山,雄甲山・雌甲山,雄甲山;雌甲山,134;135,雄甲山;雌甲山,1,summit-candidate:82d3009a6c1b2511,206,古城山,single_candidate_for_multi_peak_track,Only 1 candidate extracted for a track named with 2 peaks. Severe peak merging occurred.
yamap_2022-10-08_06_12.gpx,東山・西赤石山・物住頭・前赤石山・東赤石山・八巻山,東山・西赤石山・物住頭・前赤石山・東赤石山・八巻山,東山;前赤石山;東山;西赤石山;物住頭;東赤石山;八巻山,137;138;180;222;223;239;240,東山;前赤石山;東山;西赤石山;物住頭;東赤石山;八巻山,4,summit-candidate:5104c47f17101d63;summit-candidate:61a5956a49a7ace2;summit-candidate:e2bdd25969c7f122;summit-candidate:2b7cce23b57844a5,239,東赤石山,candidate_count_less_than_named_peaks,Under-detection: candidate count (4) is less than named peaks (7).
yamap_2022-10-14_12_05.gpx,高戸山,高戸山;犬吠山;泰の山,高戸山;犬吠山;泰の山,140;141;142,高戸山;犬吠山;泰の山,1,summit-candidate:aadeb26cf0359691,,,single_candidate_for_multi_peak_track,Only 1 candidate extracted for a track named with 3 peaks. Severe peak merging occurred.
yamap_2022-10-14_13_01.gpx,犬吠山,犬吠山;高戸山;泰の山,高戸山;犬吠山;泰の山,140;141;142,高戸山;犬吠山;泰の山,1,summit-candidate:cc3fbb2358d0d4fc,,,single_candidate_for_multi_peak_track,Only 1 candidate extracted for a track named with 3 peaks. Severe peak merging occurred.
yamap_2022-10-14_13_42.gpx,泰の山,泰の山;高戸山;犬吠山,高戸山;犬吠山;泰の山,140;141;142,高戸山;犬吠山;泰の山,1,summit-candidate:c7de309bf838af87,202,鳥越山,single_candidate_for_multi_peak_track,Only 1 candidate extracted for a track named with 3 peaks. Severe peak merging occurred.
yamap_2022-10-16_10_19.gpx,楢原山・古権現山・中三方ヶ森,楢原山・古権現山・中三方ヶ森,権現山;中三方ヶ森;古権現山;楢原山;権現山;権現山;権現山;権現山;権現山;権現山;権現山,14;143;144;145;159;189;198;263;465;480;494,権現山;中三方ヶ森;古権現山;楢原山;権現山;権現山;権現山;権現山;権現山;権現山;権現山,4,summit-candidate:c7ac7ff98cacc074;summit-candidate:0c2609d9e7e31a00;summit-candidate:17b2365d322cd022;summit-candidate:bcf5d9d5a90e5cda,,,candidate_count_less_than_named_peaks,Under-detection: candidate count (4) is less than named peaks (11).
yamap_2022-10-19_16_00.gpx,西港山・大丸山・港山,西港山・大丸山・港山,西港山;大丸山;港山,146;147;148,西港山;大丸山;港山,3,summit-candidate:bf2b3499e08da2df;summit-candidate:a9a2a270fb6273fe;summit-candidate:5f001ac124f82ef6,,,candidate_count_matches_named_peaks,Candidate count (3) matches the number of named peaks in track/title.
yamap_2022-10-21_12_15.gpx,愛ノ山,愛ノ山;すくも山,すくも山;愛ノ山,149;150,すくも山;愛ノ山,1,summit-candidate:f676e5a22f523492,,,single_candidate_for_multi_peak_track,Only 1 candidate extracted for a track named with 2 peaks. Severe peak merging occurred.
yamap_2022-10-28_06_21.gpx,割石峠山・石墨山・法師山・白猪山・根無山・樽谷山・梅ヶ谷山,割石峠山・石墨山・法師山・白猪山・根無山・樽谷山・梅ヶ谷山,割石峠山;石墨山;法師山;白猪山;梅ヶ谷山;樽谷山;根無山,152;153;154;155;156;157;158,割石峠山;石墨山;法師山;白猪山;梅ヶ谷山;樽谷山;根無山,6,summit-candidate:45f2c6fc88212acd;summit-candidate:9f01494435790d72;summit-candidate:16e9de2bedeb2d1c;summit-candidate:25e47e34740282d2;summit-candidate:5cb1fa3d9dcf60f5;summit-candidate:c2fc382b492cfde4,82,陣ヶ森,candidate_count_less_than_named_peaks,Under-detection: candidate count (6) is less than named peaks (7).
yamap_2022-11-05_04_38.gpx,権現山・黒岳・エビラ山・二ッ岳,権現山・黒岳・エビラ山・二ッ岳,権現山;権現山;黒岳;エビラ山;二ッ岳;権現山;権現山;権現山;権現山;権現山;権現山,14;159;160;161;162;189;198;263;465;480;494,権現山;権現山;黒岳;エビラ山;二ッ岳;権現山;権現山;権現山;権現山;権現山;権現山,4,summit-candidate:cf97b8470d2ed1d7;summit-candidate:ffa6a88e4e680fd5;summit-candidate:09547fd48f24d064;summit-candidate:7ef7c15a52318cc9,,,candidate_count_less_than_named_peaks,Under-detection: candidate count (4) is less than named peaks (11).
yamap_2022-11-26_04_41.gpx,銅山峰・西山・綱繰山・獅子舞の鼻・冠山・平家平,銅山峰・西山・綱繰山・獅子舞の鼻・冠山・平家平,西山;綱繰山;獅子舞の鼻;冠山;平家平;銅山峰;西山,31;165;166;167;309;320;321,西山;綱繰山;獅子舞の鼻;冠山;平家平;銅山峰;西山,6,summit-candidate:a557f14fb032a808;summit-candidate:53d0e375c60814f6;summit-candidate:a00d481162af54e2;summit-candidate:006436491de34784;summit-candidate:c256cfef3720557f;summit-candidate:a03fbec9bab2fe7a,222;223;428;500,西赤石山;物住頭;東光森山;丸山,candidate_count_less_than_named_peaks,Under-detection: candidate count (6) is less than named peaks (7).
yamap_2022-12-12_08_41.gpx,遠ヶ森,遠ヶ森;扇山,遠ヶ森;扇山;扇山,168;169;531,遠ヶ森;扇山;扇山,1,summit-candidate:02fa4cfab6fa90d3,396,高土の峰,single_candidate_for_multi_peak_track,Only 1 candidate extracted for a track named with 3 peaks. Severe peak merging occurred.
yamap_2022-12-12_10_30.gpx,扇山,扇山;遠ヶ森,遠ヶ森;扇山;扇山,168;169;531,遠ヶ森;扇山;扇山,1,summit-candidate:9acc21860aa8a208,,,single_candidate_for_multi_peak_track,Only 1 candidate extracted for a track named with 3 peaks. Severe peak merging occurred.
yamap_2022-12-25_10_09.gpx,高山,高山;塔ノ峰;海山;近見山;唐子山;医王山;永納山(永納山城址);佐々久山,高山;高山;塔ノ峰;海山;近見山;唐子山;医王山;永納山(永納山城址);佐々久山;高山,29;170;171;172;173;174;175;176;177;392,高山;高山;塔ノ峰;海山;近見山;唐子山;医王山;永納山(永納山城址);佐々久山;高山,1,summit-candidate:101c1b0635c0bec0,,,single_candidate_for_multi_peak_track,Only 1 candidate extracted for a track named with 10 peaks. Severe peak merging occurred.
yamap_2022-12-25_11_41.gpx,近見山,近見山;高山;塔ノ峰;海山;唐子山;医王山;永納山(永納山城址);佐々久山,高山;高山;塔ノ峰;海山;近見山;唐子山;医王山;永納山(永納山城址);佐々久山;高山,29;170;171;172;173;174;175;176;177;392,高山;高山;塔ノ峰;海山;近見山;唐子山;医王山;永納山(永納山城址);佐々久山;高山,1,summit-candidate:d5b708b4d3aa86a0,,,single_candidate_for_multi_peak_track,Only 1 candidate extracted for a track named with 10 peaks. Severe peak merging occurred.
yamap_2022-12-25_12_44.gpx,唐子山,唐子山;高山;塔ノ峰;海山;近見山;医王山;永納山(永納山城址);佐々久山,高山;高山;塔ノ峰;海山;近見山;唐子山;医王山;永納山(永納山城址);佐々久山;高山,29;170;171;172;173;174;175;176;177;392,高山;高山;塔ノ峰;海山;近見山;唐子山;医王山;永納山(永納山城址);佐々久山;高山,1,summit-candidate:71f4bbfe52f75585,,,single_candidate_for_multi_peak_track,Only 1 candidate extracted for a track named with 10 peaks. Severe peak merging occurred.
yamap_2022-12-25_13_36.gpx,医王山,医王山;高山;塔ノ峰;海山;近見山;唐子山;永納山(永納山城址);佐々久山,高山;高山;塔ノ峰;海山;近見山;唐子山;医王山;永納山(永納山城址);佐々久山;高山,29;170;171;172;173;174;175;176;177;392,高山;高山;塔ノ峰;海山;近見山;唐子山;医王山;永納山(永納山城址);佐々久山;高山,1,summit-candidate:1ed32ce6414c2781,114;115;477,世田山;笠松山;笠松山東峰,single_candidate_for_multi_peak_track,Only 1 candidate extracted for a track named with 10 peaks. Severe peak merging occurred.
yamap_2022-12-31_15_00.gpx,星岡山,星岡山;土亀山;天山;東山,東山;土亀山;天山;東山;星岡山,137;178;179;180;181,東山;土亀山;天山;東山;星岡山,1,summit-candidate:5c9365b2a5a9c97f,181,星岡山,single_candidate_for_multi_peak_track,Only 1 candidate extracted for a track named with 5 peaks. Severe peak merging occurred.
yamap_2023-01-03_07_36.gpx,福見山・河原樋山・真松嶺・柿王寺森,福見山・河原樋山・真松嶺・柿王寺森,河原樋山;真松嶺;柿王寺森;福見山,182;183;184;210,河原樋山;真松嶺;柿王寺森;福見山,5,summit-candidate:4fec4dd128e55ab0;summit-candidate:90f628409cfebc32;summit-candidate:b1d864fd1fcc9dcb;summit-candidate:f2aae42aff3dea24;summit-candidate:74dd1729abbd7bb5,72,伊之子山,candidate_count_greater_than_named_peaks,Over-detection or secondary features: candidate count (5) exceeds named peaks (4).
yamap_2023-01-06_11_33.gpx,岩子山・垣生山・津田山・弁天山,岩子山・垣生山・津田山・弁天山,岩子山;岩子山;垣生山;津田山;弁天山;垣生山,32;185;186;187;188;369,岩子山;岩子山;垣生山;津田山;弁天山;垣生山,4,summit-candidate:49cfd09def5fce03;summit-candidate:45f49d8fd831427c;summit-candidate:8178723bbadb1c72;summit-candidate:ea18d38abe59ed57,185;186,岩子山;垣生山,candidate_count_less_than_named_peaks,Under-detection: candidate count (4) is less than named peaks (6).
yamap_2023-01-08_09_18.gpx,権現山,権現山;黒瀬山(黒瀬城址)・岡山(岡山城址)・鉢ヶ森(鉢ヶ森城址)・護摩ヶ森(護摩ヶ森城址)・我合山(...,権現山;護摩ヶ森;権現山;権現山;黒瀬山（黒瀬城址）;鉢ヶ森（鉢ヶ森城址）;護摩ヶ森（護摩ヶ森城址）;権現山;権現山;権現山;権現山;権現山,14;34;159;189;190;192;193;198;263;465;480;494,権現山;護摩ヶ森;権現山;権現山;黒瀬山（黒瀬城址）;鉢ヶ森（鉢ヶ森城址）;護摩ヶ森（護摩ヶ森城址）;権現山;権現山;権現山;権現山;権現山,2,summit-candidate:047b9599ec28c6ad;summit-candidate:32bb5e7e1071e808,,,candidate_count_less_than_named_peaks,Under-detection: candidate count (2) is less than named peaks (12).
yamap_2023-01-08_14_24.gpx,黒瀬山(黒瀬城址)・岡山(岡山城址)・鉢ヶ森(鉢ヶ森城址)・護摩ヶ森(護摩ヶ森城址)・我合山(...,黒瀬山(黒瀬城址)・岡山(岡山城址)・鉢ヶ森(鉢ヶ森城址)・護摩ヶ森(護摩ヶ森城址)・我合山(...;権現山,権現山;護摩ヶ森;権現山;権現山;黒瀬山（黒瀬城址）;鉢ヶ森（鉢ヶ森城址）;護摩ヶ森（護摩ヶ森城址）;権現山;権現山;権現山;権現山;権現山,14;34;159;189;190;192;193;198;263;465;480;494,権現山;護摩ヶ森;権現山;権現山;黒瀬山（黒瀬城址）;鉢ヶ森（鉢ヶ森城址）;護摩ヶ森（護摩ヶ森城址）;権現山;権現山;権現山;権現山;権現山,3,summit-candidate:a660f8ef78c69ab0;summit-candidate:a5f51c62e44d0847;summit-candidate:8a7a47d167c1aba6,194,我合山（我合城址）,candidate_count_less_than_named_peaks,Under-detection: candidate count (3) is less than named peaks (12).
yamap_2023-01-21_09_56.gpx,大森山,大森山;見晴山;権現山;遠見山;石神山・金比羅山,権現山;権現山;権現山;大森山;見晴山;権現山;遠見山;石神山;金比羅山;権現山;大森山;遠見山;権現山;大森山;権現山;権現山;大森山,14;159;189;196;197;198;199;200;201;263;433;458;465;466;480;494;501,権現山;権現山;権現山;大森山;見晴山;権現山;遠見山;石神山;金比羅山;権現山;大森山;遠見山;権現山;大森山;権現山;権現山;大森山,1,summit-candidate:830c63408bf56cc5,,,single_candidate_for_multi_peak_track,Only 1 candidate extracted for a track named with 17 peaks. Severe peak merging occurred.
yamap_2023-01-21_12_43.gpx,石神山・金比羅山,石神山・金比羅山;大森山;見晴山;権現山;遠見山,権現山;権現山;権現山;大森山;見晴山;権現山;遠見山;石神山;金比羅山;権現山;大森山;遠見山;権現山;大森山;権現山;権現山;大森山,14;159;189;196;197;198;199;200;201;263;433;458;465;466;480;494;501,権現山;権現山;権現山;大森山;見晴山;権現山;遠見山;石神山;金比羅山;権現山;大森山;遠見山;権現山;大森山;権現山;権現山;大森山,2,summit-candidate:47129c06b82cf694;summit-candidate:c6ced2088a2376f5,,,candidate_count_less_than_named_peaks,Under-detection: candidate count (2) is less than named peaks (17).
yamap_2023-01-28_11_53.gpx,鳥越山,鳥越山;谷田山・金毘羅山;佐古田山;古城山・尾崎山,鳥越山;谷田山;金毘羅山;佐古田山;古城山;尾崎山,202;203;204;205;206;207,鳥越山;谷田山;金毘羅山;佐古田山;古城山;尾崎山,1,summit-candidate:5b7c833ac0535534,,,single_candidate_for_multi_peak_track,Only 1 candidate extracted for a track named with 6 peaks. Severe peak merging occurred.
yamap_2023-01-28_12_19.gpx,谷田山・金毘羅山,谷田山・金毘羅山;鳥越山;佐古田山;古城山・尾崎山,鳥越山;谷田山;金毘羅山;佐古田山;古城山;尾崎山,202;203;204;205;206;207,鳥越山;谷田山;金毘羅山;佐古田山;古城山;尾崎山,1,summit-candidate:ab7edbc3a52d24bf,,,single_candidate_for_multi_peak_track,Only 1 candidate extracted for a track named with 6 peaks. Severe peak merging occurred.
yamap_2023-01-28_13_44.gpx,佐古田山,佐古田山;鳥越山;谷田山・金毘羅山;古城山・尾崎山,鳥越山;谷田山;金毘羅山;佐古田山;古城山;尾崎山,202;203;204;205;206;207,鳥越山;谷田山;金毘羅山;佐古田山;古城山;尾崎山,1,summit-candidate:cf6802c2dafdbf46,,,single_candidate_for_multi_peak_track,Only 1 candidate extracted for a track named with 6 peaks. Severe peak merging occurred.
yamap_2023-01-28_14_27.gpx,古城山・尾崎山,古城山・尾崎山;鳥越山;谷田山・金毘羅山;佐古田山,鳥越山;谷田山;金毘羅山;佐古田山;古城山;尾崎山,202;203;204;205;206;207,鳥越山;谷田山;金毘羅山;佐古田山;古城山;尾崎山,1,summit-candidate:1432f597b5dca157,178,土亀山,single_candidate_for_multi_peak_track,Only 1 candidate extracted for a track named with 6 peaks. Severe peak merging occurred.
yamap_2023-03-05_11_09.gpx,宝ヶ峯・淡路ヶ峠,宝ヶ峯・淡路ヶ峠,宝ヶ峯;淡路ヶ峠,208;209,宝ヶ峯;淡路ヶ峠,1,summit-candidate:d43fade4de3e33c8,208;209,宝ヶ峯;淡路ヶ峠,single_candidate_for_multi_peak_track,Only 1 candidate extracted for a track named with 2 peaks. Severe peak merging occurred.
yamap_2023-03-11_06_08.gpx,福見山・明神ヶ森・南三方ヶ森・魚谷森・左谷ノ森,福見山・明神ヶ森・南三方ヶ森・魚谷森・左谷ノ森,福見山;明神ヶ森;南三方ヶ森;魚谷森;左谷ノ森,210;211;212;213;214,福見山;明神ヶ森;南三方ヶ森;魚谷森;左谷ノ森,4,summit-candidate:446b5fe1e7a8b2fd;summit-candidate:83f3af0488659ac8;summit-candidate:5b124255339c0714;summit-candidate:0ff024bf702c13bb,,,candidate_count_less_than_named_peaks,Under-detection: candidate count (4) is less than named peaks (5).
yamap_2023-03-29_05_31.gpx,えんとつ山・生子山・犬返・種子川山・西赤石山・物住頭・上兜山・下兜山,えんとつ山・生子山・犬返・種子川山・西赤石山・物住頭・上兜山・下兜山,えんとつ山;生子山;犬返;種子川山;西赤石山;物住頭;上兜山;下兜山,218;219;220;221;222;223;224;225,えんとつ山;生子山;犬返;種子川山;西赤石山;物住頭;上兜山;下兜山,4,summit-candidate:339138a4e53293da;summit-candidate:473a62086144ac33;summit-candidate:a6379cb2ebc004fb;summit-candidate:4311f3ae9948ea08,,,candidate_count_less_than_named_peaks,Under-detection: candidate count (4) is less than named peaks (8).
yamap_2023-04-04_12_51.gpx,黒森山,黒森山,黒森山;黒森山;黒森,226;306;498,黒森山;黒森山;黒森,1,summit-candidate:924ccfedeb6c2d2c,,,single_candidate_for_multi_peak_track,Only 1 candidate extracted for a track named with 3 peaks. Severe peak merging occurred.
yamap_2023-04-09_09_08.gpx,菊ヶ森・餓鬼ヶ森,菊ヶ森・餓鬼ヶ森,菊ヶ森;菊ヶ森;餓鬼ヶ森,45;227;228,菊ヶ森;菊ヶ森;餓鬼ヶ森,3,summit-candidate:2a670286f545beb2;summit-candidate:4ffd2320af7e6acc;summit-candidate:be07cff01023e072,238;518,冠岳;笠松山,candidate_count_matches_named_peaks,Candidate count (3) matches the number of named peaks in track/title.
yamap_2023-04-18_06_58.gpx,船野山,船野山;黒滝山・木久ヶ森,船野山;木久ヶ森;黒滝山,229;230;231,船野山;木久ヶ森;黒滝山,1,summit-candidate:7880c9d0de83468b,,,single_candidate_for_multi_peak_track,Only 1 candidate extracted for a track named with 3 peaks. Severe peak merging occurred.
yamap_2023-04-18_10_53.gpx,黒滝山・木久ヶ森,黒滝山・木久ヶ森;船野山,船野山;木久ヶ森;黒滝山,229;230;231,船野山;木久ヶ森;黒滝山,1,summit-candidate:9669b668bebfc145,,,single_candidate_for_multi_peak_track,Only 1 candidate extracted for a track named with 3 peaks. Severe peak merging occurred.
yamap_2023-05-27_09_55.gpx,前善神山・善神山,前善神山・善神山,善神山;前善神山,235;236,善神山;前善神山,1,summit-candidate:367897a1c7a2d287,,,single_candidate_for_multi_peak_track,Only 1 candidate extracted for a track named with 2 peaks. Severe peak merging occurred.
yamap_2023-10-13_10_02.gpx,ベツソ山・歯朶谷山,ベツソ山・歯朶谷山,ベツソ山;歯朶谷山,241;242,ベツソ山;歯朶谷山,1,summit-candidate:dba931625b34d9ac,,,single_candidate_for_multi_peak_track,Only 1 candidate extracted for a track named with 2 peaks. Severe peak merging occurred.
yamap_2023-10-14_07_53.gpx,丸山,丸山,丸山;丸山,243;500,丸山;丸山,1,summit-candidate:2670057d58a25475,,,single_candidate_for_multi_peak_track,Only 1 candidate extracted for a track named with 2 peaks. Severe peak merging occurred.
yamap_2023-10-22_06_44.gpx,二ノ岳・高森,二ノ岳・高森,二ノ岳;高森,244;245,二ノ岳;高森,3,summit-candidate:b58470f57bb41331;summit-candidate:5771cdd191c3861d;summit-candidate:a61fd78e4e062683,323,二の森,candidate_count_greater_than_named_peaks,Over-detection or secondary features: candidate count (3) exceeds named peaks (2).
yamap_2023-11-11_07_17.gpx,四辻ノ森・三光ノ辻山,四辻ノ森・三光ノ辻山,四辻ノ森;三光ノ辻山,246;247,四辻ノ森;三光ノ辻山,5,summit-candidate:c4504025c94f843c;summit-candidate:d659f1dc6e5fa0b5;summit-candidate:ad2256a1bfd3ef78;summit-candidate:b27cb491de0f94b6;summit-candidate:05f8527418663d3a,,,candidate_count_greater_than_named_peaks,Over-detection or secondary features: candidate count (5) exceeds named peaks (2).
yamap_2023-11-19_06_46.gpx,瀬戸黒森・三森・羽子山・観音森,瀬戸黒森・三森・羽子山・観音森,瀬戸黒森;羽子山;観音森;三森,248;249;250;251,瀬戸黒森;羽子山;観音森;三森,5,summit-candidate:290abf917754fd0b;summit-candidate:f7593239fa7bdcc9;summit-candidate:9a0532ee2b40e5f3;summit-candidate:b997b8fd6709731d;summit-candidate:cf1cb583d492455c,248,瀬戸黒森,candidate_count_greater_than_named_peaks,Over-detection or secondary features: candidate count (5) exceeds named peaks (4).
yamap_2023-12-17_07_11.gpx,総津権現山,総津権現山;秦皇山;平岡山(平岡城址),権現山;権現山;権現山;権現山;総津権現山;秦皇山;平岡山(平岡城址);権現山;権現山;権現山;権現山,14;159;189;198;252;253;254;263;465;480;494,権現山;権現山;権現山;権現山;総津権現山;秦皇山;平岡山(平岡城址);権現山;権現山;権現山;権現山,1,summit-candidate:f108570a8e33ce90,,,single_candidate_for_multi_peak_track,Only 1 candidate extracted for a track named with 11 peaks. Severe peak merging occurred.
yamap_2023-12-17_10_30.gpx,平岡山(平岡城址) ,平岡山(平岡城址);総津権現山;秦皇山,権現山;権現山;権現山;権現山;総津権現山;秦皇山;平岡山(平岡城址);権現山;権現山;権現山;権現山,14;159;189;198;252;253;254;263;465;480;494,権現山;権現山;権現山;権現山;総津権現山;秦皇山;平岡山(平岡城址);権現山;権現山;権現山;権現山,1,summit-candidate:1d97e1955af85092,,,single_candidate_for_multi_peak_track,Only 1 candidate extracted for a track named with 11 peaks. Severe peak merging occurred.
yamap_2024-01-14_10_18.gpx,竜門山・大黒山,竜門山・大黒山,竜門山;大黒山;大黒山,255;256;264,竜門山;大黒山;大黒山,2,summit-candidate:64a47ed9c06f56d5;summit-candidate:99b1b356cad63b98,,,candidate_count_less_than_named_peaks,Under-detection: candidate count (2) is less than named peaks (3).
yamap_2024-01-27_08_01.gpx,大空山,大空山;御串山;薬師山;宝股山;開山,大空山;御串山;宝股山;開山;薬師山,257;258;259;260;310,大空山;御串山;宝股山;開山;薬師山,1,summit-candidate:fd13fabb918486e6,,,single_candidate_for_multi_peak_track,Only 1 candidate extracted for a track named with 5 peaks. Severe peak merging occurred.
yamap_2024-01-27_10_11.gpx,御串山,御串山;大空山;薬師山;宝股山;開山,大空山;御串山;宝股山;開山;薬師山,257;258;259;260;310,大空山;御串山;宝股山;開山;薬師山,1,summit-candidate:02d59cd1260af017,258,御串山,single_candidate_for_multi_peak_track,Only 1 candidate extracted for a track named with 5 peaks. Severe peak merging occurred.
yamap_2024-01-27_13_31.gpx,宝股山,宝股山;大空山;御串山;薬師山;開山,大空山;御串山;宝股山;開山;薬師山,257;258;259;260;310,大空山;御串山;宝股山;開山;薬師山,1,summit-candidate:468c5bbccd8aba53,,,single_candidate_for_multi_peak_track,Only 1 candidate extracted for a track named with 5 peaks. Severe peak merging occurred.
yamap_2024-02-10_07_09.gpx,鳥屋ヶ森,鳥屋ヶ森;熊ガ峰;権現山,権現山;権現山;権現山;権現山;鳥屋ヶ森;熊ガ峰;権現山;権現山;権現山;権現山,14;159;189;198;261;262;263;465;480;494,権現山;権現山;権現山;権現山;鳥屋ヶ森;熊ガ峰;権現山;権現山;権現山;権現山,1,summit-candidate:ef6730fa259856ec,,,single_candidate_for_multi_peak_track,Only 1 candidate extracted for a track named with 10 peaks. Severe peak merging occurred.
yamap_2024-02-10_09_58.gpx,熊ガ峰,熊ガ峰;鳥屋ヶ森;権現山,権現山;権現山;権現山;権現山;鳥屋ヶ森;熊ガ峰;権現山;権現山;権現山;権現山,14;159;189;198;261;262;263;465;480;494,権現山;権現山;権現山;権現山;鳥屋ヶ森;熊ガ峰;権現山;権現山;権現山;権現山,1,summit-candidate:ef3e845b5d632dd3,,,single_candidate_for_multi_peak_track,Only 1 candidate extracted for a track named with 10 peaks. Severe peak merging occurred.
yamap_2024-02-10_13_09.gpx,権現山,権現山;鳥屋ヶ森;熊ガ峰,権現山;権現山;権現山;権現山;鳥屋ヶ森;熊ガ峰;権現山;権現山;権現山;権現山,14;159;189;198;261;262;263;465;480;494,権現山;権現山;権現山;権現山;鳥屋ヶ森;熊ガ峰;権現山;権現山;権現山;権現山,1,summit-candidate:84f974876f397da1,,,single_candidate_for_multi_peak_track,Only 1 candidate extracted for a track named with 10 peaks. Severe peak merging occurred.
yamap_2024-02-17_05_38.gpx,大黒山・譲ヶ葉森,大黒山・譲ヶ葉森,大黒山;大黒山;譲ヶ葉森,256;264;265,大黒山;大黒山;譲ヶ葉森,4,summit-candidate:282882317c3aab0b;summit-candidate:f5c22dac4bd015ae;summit-candidate:19baf3ce30f8991a;summit-candidate:56cffb103cbe3aac,,,candidate_count_greater_than_named_peaks,Over-detection or secondary features: candidate count (4) exceeds named peaks (3).
yamap_2024-02-24_07_06.gpx,高月山・東高月山・郭公岳・櫨ヶ森・毛山,高月山・東高月山・郭公岳・櫨ヶ森・毛山,郭公岳;東高月山;高月山;櫨ヶ森;毛山,266;267;268;269;270,郭公岳;東高月山;高月山;櫨ヶ森;毛山,5,summit-candidate:ba56c1ac8ac55c5f;summit-candidate:90c3723735d95c0d;summit-candidate:62351b8782d6f597;summit-candidate:3853fbbba7330ec4;summit-candidate:f7e5fd7b11eb7bd4,264,大黒山,candidate_count_matches_named_peaks,Candidate count (5) matches the number of named peaks in track/title.
yamap_2024-03-03_06_23.gpx,白石山,白石山;観音岳;音無山;天ガ森,白石山;観音岳;音無山;天ガ森,271;272;273;274,白石山;観音岳;音無山;天ガ森,1,summit-candidate:ac8e3853fbbf0c6f,,,single_candidate_for_multi_peak_track,Only 1 candidate extracted for a track named with 4 peaks. Severe peak merging occurred.
yamap_2024-03-03_08_44.gpx,観音岳,観音岳;白石山;音無山;天ガ森,白石山;観音岳;音無山;天ガ森,271;272;273;274,白石山;観音岳;音無山;天ガ森,1,summit-candidate:a53cc9868b7f2f70,,,single_candidate_for_multi_peak_track,Only 1 candidate extracted for a track named with 4 peaks. Severe peak merging occurred.
yamap_2024-03-03_10_00.gpx,音無山,音無山;白石山;観音岳;天ガ森,白石山;観音岳;音無山;天ガ森,271;272;273;274,白石山;観音岳;音無山;天ガ森,1,summit-candidate:97e45d6eab227d56,,,single_candidate_for_multi_peak_track,Only 1 candidate extracted for a track named with 4 peaks. Severe peak merging occurred.
yamap_2024-03-03_13_33.gpx,天ガ森,天ガ森;白石山;観音岳;音無山,白石山;観音岳;音無山;天ガ森,271;272;273;274,白石山;観音岳;音無山;天ガ森,1,summit-candidate:93a4d66ef3ee559d,,,single_candidate_for_multi_peak_track,Only 1 candidate extracted for a track named with 4 peaks. Severe peak merging occurred.
yamap_2024-03-10_07_12.gpx,夫婦山・白山・観音山・国見山・城山・御勧請山,夫婦山・白山・観音山・国見山・城山・御勧請山,観音山;城山;夫婦山;白山;観音山;国見山;城山;御勧請山;城山,2;41;275;276;277;278;279;280;339,観音山;城山;夫婦山;白山;観音山;国見山;城山;御勧請山;城山,7,summit-candidate:2ab43729f5e80cbe;summit-candidate:3a491eecbf684185;summit-candidate:cf29543e6beaa1ec;summit-candidate:3e9348428f22a320;summit-candidate:d19542a61a416537;summit-candidate:0022a746b396d4c7;summit-candidate:13b7a4bb8154974a,,,candidate_count_less_than_named_peaks,Under-detection: candidate count (7) is less than named peaks (9).
yamap_2024-03-16_09_21.gpx,トギ・張木山・高手山,トギ・張木山・高手山;斎藤山,トギ;張木山;高手山;斎藤山,281;282;283;284,トギ;張木山;高手山;斎藤山,2,summit-candidate:b49681fa67b2b53e;summit-candidate:e75e04c2fbe61c2f,,,candidate_count_less_than_named_peaks,Under-detection: candidate count (2) is less than named peaks (4).
yamap_2024-03-16_13_58.gpx,斎藤山,斎藤山;トギ・張木山・高手山,トギ;張木山;高手山;斎藤山,281;282;283;284,トギ;張木山;高手山;斎藤山,1,summit-candidate:3c28b6ebd5a97155,,,single_candidate_for_multi_peak_track,Only 1 candidate extracted for a track named with 4 peaks. Severe peak merging occurred.
yamap_2024-03-30_07_11.gpx,御祝山・横ノ森・小屋ヶ森・串ヶ森・目黒鳥屋・長尾森,御祝山・横ノ森・小屋ヶ森・串ヶ森・目黒鳥屋・長尾森,御祝山;横ノ森;小屋ヶ森;串ヶ森;目黒鳥屋;長尾森,285;286;287;288;289;290,御祝山;横ノ森;小屋ヶ森;串ヶ森;目黒鳥屋;長尾森,2,summit-candidate:12c27f259b66de80;summit-candidate:9186201ca03b041d,267;268;289,東高月山;高月山;目黒鳥屋,candidate_count_less_than_named_peaks,Under-detection: candidate count (2) is less than named peaks (6).
yamap_2024-04-07_06_45.gpx,二箆山・西雑誌山,二箆山・西雑誌山,二箆山;西雑誌山,291;292,二箆山;西雑誌山,6,summit-candidate:0a89128346167f6e;summit-candidate:67df63dc99cf8614;summit-candidate:ec2a95521eaac250;summit-candidate:e4172c5503fdcc89;summit-candidate:aa8ff99fc3bd426d;summit-candidate:09c1602c02ce7f78,,,candidate_count_greater_than_named_peaks,Over-detection or secondary features: candidate count (6) exceeds named peaks (2).
yamap_2024-04-20_05_43.gpx,気多山・八辻ノ峰・五代ヶ森,気多山・八辻ノ峰・五代ヶ森,気多山;八辻ノ峰;五代ヶ森,293;294;295,気多山;八辻ノ峰;五代ヶ森,4,summit-candidate:e010f98d2b23f547;summit-candidate:83056c3652757f25;summit-candidate:3f404ba3e31c8b54;summit-candidate:76cc7bb75549e7a1,,,candidate_count_greater_than_named_peaks,Over-detection or secondary features: candidate count (4) exceeds named peaks (3).
yamap_2024-04-28_07_11.gpx,狼ヶ城山,狼ヶ城山;日浦嶺・打越山,狼ヶ城山;日浦嶺;打越山,297;298;299,狼ヶ城山;日浦嶺;打越山,1,summit-candidate:95a8fa74fd4af7b0,,,single_candidate_for_multi_peak_track,Only 1 candidate extracted for a track named with 3 peaks. Severe peak merging occurred.
yamap_2024-04-28_10_37.gpx,日浦嶺・打越山,日浦嶺・打越山;狼ヶ城山,狼ヶ城山;日浦嶺;打越山,297;298;299,狼ヶ城山;日浦嶺;打越山,2,summit-candidate:606168b97944fce5;summit-candidate:498b9618ca98fa34,,,candidate_count_less_than_named_peaks,Under-detection: candidate count (2) is less than named peaks (3).
yamap_2024-05-11_07_45.gpx,丸笹山,丸笹山;丸滝山,丸笹山;丸滝山,301;302,丸笹山;丸滝山,2,summit-candidate:8917a066a1c03aeb;summit-candidate:5ec5a611be375a53,,,candidate_count_matches_named_peaks,Candidate count (2) matches the number of named peaks in track/title.
yamap_2024-05-11_13_46.gpx,丸滝山,丸滝山;丸笹山,丸笹山;丸滝山,301;302,丸笹山;丸滝山,1,summit-candidate:aa6060fe8a831f45,,,single_candidate_for_multi_peak_track,Only 1 candidate extracted for a track named with 2 peaks. Severe peak merging occurred.
yamap_2024-05-19_08_47.gpx,二反山・青刈山,,青刈山;二反山,304;308,青刈山;二反山,1,summit-candidate:94e96018c0a5450d,,,single_candidate_for_multi_peak_track,Only 1 candidate extracted for a track named with 2 peaks. Severe peak merging occurred.
yamap_2024-06-08_08_42.gpx,沓掛山・黒森山,沓掛山・黒森山,黒森山;黒森山;沓掛山;黒森,226;306;307;498,黒森山;黒森山;沓掛山;黒森,2,summit-candidate:40e090ce41a89b55;summit-candidate:dd7a40896ae9f6d4,,,candidate_count_less_than_named_peaks,Under-detection: candidate count (2) is less than named peaks (4).
yamap_2024-07-06_10_01.gpx,子持権現山・男山・瓶ヶ森,子持権現山・男山・瓶ヶ森,権現山;権現山;権現山;権現山;権現山;子持権現山;男山;瓶ヶ森;権現山;権現山;権現山,14;159;189;198;263;311;312;313;465;480;494,権現山;権現山;権現山;権現山;権現山;子持権現山;男山;瓶ヶ森;権現山;権現山;権現山,2,summit-candidate:df6b60d513f5518e;summit-candidate:f2538b7f88e2dd06,109,西黒森,candidate_count_less_than_named_peaks,Under-detection: candidate count (2) is less than named peaks (11).
yamap_2024-09-23_07_35.gpx,中津山(明神山)・猿越山,中津山(明神山)・猿越山,明神山;中津山(明神山);猿越山;明神山,55;318;319;343,明神山;中津山(明神山);猿越山;明神山,4,summit-candidate:fec0bb942061619b;summit-candidate:a0c5556d9432a199;summit-candidate:bd875ddf4679d1f7;summit-candidate:eb3b108c5d508377,,,candidate_count_matches_named_peaks,Candidate count (4) matches the number of named peaks in track/title.
yamap_2024-10-05_06_40.gpx,銅山峰・西山・三の森・二の森・一の森,銅山峰・西山・三の森・二の森・一の森,西山;銅山峰;西山;三の森;二の森;一の森,31;320;321;322;323;324,西山;銅山峰;西山;三の森;二の森;一の森,2,summit-candidate:057580d1c60049b6;summit-candidate:0dea5d073885dc9d,,,candidate_count_less_than_named_peaks,Under-detection: candidate count (2) is less than named peaks (6).
yamap_2024-10-14_04_48.gpx,三ッ足山・カガマシ山・橡尾山・笹ヶ峰,三ッ足山・カガマシ山・橡尾山・笹ヶ峰,笹ヶ峰;三ッ足山;カガマシ山;橡尾山;笹ヶ峰,121;325;326;327;328,笹ヶ峰;三ッ足山;カガマシ山;橡尾山;笹ヶ峰,6,summit-candidate:8078eb6cc96c519a;summit-candidate:0886436b79473a6c;summit-candidate:a1b1b7885eeab893;summit-candidate:851dc9683d2d7442;summit-candidate:a53ed6259e132097;summit-candidate:fecfbf815fc6d5a7,,,candidate_count_greater_than_named_peaks,Over-detection or secondary features: candidate count (6) exceeds named peaks (5).
yamap_2024-10-20_06_42.gpx,ハネズル山,ハネズル山;天堤山,ハネズル山;天堤山,329;330,ハネズル山;天堤山,1,summit-candidate:e2c08955f9275289,,,single_candidate_for_multi_peak_track,Only 1 candidate extracted for a track named with 2 peaks. Severe peak merging occurred.
yamap_2024-10-20_11_05.gpx,天堤山,天堤山;ハネズル山,ハネズル山;天堤山,329;330,ハネズル山;天堤山,1,summit-candidate:f54f44da226a4a15,,,single_candidate_for_multi_peak_track,Only 1 candidate extracted for a track named with 2 peaks. Severe peak merging occurred.
yamap_2024-12-01_06_40.gpx,唐谷山・天狗森・木峰・金見山・高丸・五郎丸・大谷山・龍王山,唐谷山・天狗森・木峰・金見山・高丸・五郎丸・大谷山・龍王山;城山,城山;城山;五郎丸;高丸;金見山;木峰;天狗森;唐谷山;龍王山;大谷山;城山,41;279;331;332;333;334;335;336;337;338;339,城山;城山;五郎丸;高丸;金見山;木峰;天狗森;唐谷山;龍王山;大谷山;城山,4,summit-candidate:edac81b361bdc70c;summit-candidate:c8607e1f03bb5db1;summit-candidate:9cc74b44e1289236;summit-candidate:32c1cf967ab82dbe,,,candidate_count_less_than_named_peaks,Under-detection: candidate count (4) is less than named peaks (11).
yamap_2024-12-08_06_59.gpx,本尊山・秋葉山・立烏帽子山・明神山,本尊山・秋葉山・立烏帽子山・明神山,明神山;本尊山;秋葉山;立烏帽子山;明神山;秋葉山,55;340;341;342;343;511,明神山;本尊山;秋葉山;立烏帽子山;明神山;秋葉山,3,summit-candidate:f12898f5821b63b8;summit-candidate:23316af255d30882;summit-candidate:0bd3d051cdb972fd,,,candidate_count_less_than_named_peaks,Under-detection: candidate count (3) is less than named peaks (6).
yamap_2024-12-15_07_21.gpx,陣が森・岩が森・スクモ塚・高萩山・長者森,陣が森・岩が森・スクモ塚・高萩山・長者森,陣が森;岩が森;スクモ塚;高萩山;長者森,344;345;346;347;348,陣が森;岩が森;スクモ塚;高萩山;長者森,5,summit-candidate:6b0155a434d72d79;summit-candidate:c195c34fb7e38d7a;summit-candidate:d8270fc572efc0b2;summit-candidate:f0a03b36c279ddd3;summit-candidate:bcc05b721653749f,,,candidate_count_matches_named_peaks,Candidate count (5) matches the number of named peaks in track/title.
yamap_2024-12-22_06_34.gpx,八倉山・行道山・水晶ヶ森,八倉山・行道山・水晶ヶ森;笹ヶ平山,八倉山;行道山;水晶ヶ森;笹ヶ平山,349;350;351;352,八倉山;行道山;水晶ヶ森;笹ヶ平山,2,summit-candidate:4973965873779cdc;summit-candidate:cfd366be872f9534,350,行道山,candidate_count_less_than_named_peaks,Under-detection: candidate count (2) is less than named peaks (4).
yamap_2024-12-22_10_25.gpx,笹ヶ平山,笹ヶ平山;八倉山・行道山・水晶ヶ森,八倉山;行道山;水晶ヶ森;笹ヶ平山,349;350;351;352,八倉山;行道山;水晶ヶ森;笹ヶ平山,1,summit-candidate:4416099ca0f9da08,,,single_candidate_for_multi_peak_track,Only 1 candidate extracted for a track named with 4 peaks. Severe peak merging occurred.
yamap_2025-01-03_07_19.gpx,壺神山・滝山・足山・皿が森,壺神山・滝山・足山・皿が森,壺神山;滝山;足山;皿が森,353;354;355;356,壺神山;滝山;足山;皿が森,5,summit-candidate:c58c0ba7145621b9;summit-candidate:38105da918da8262;summit-candidate:9306f5a7fe249a15;summit-candidate:0048d4d3a7981b80;summit-candidate:4db5b3ffd85092bf,,,candidate_count_greater_than_named_peaks,Over-detection or secondary features: candidate count (5) exceeds named peaks (4).
yamap_2025-01-11_08_43.gpx,尉之山・小山岳,尉之山・小山岳;勝山,勝山;尉之山;小山岳;勝山,95;357;358;359,勝山;尉之山;小山岳;勝山,2,summit-candidate:12f30719aca26806;summit-candidate:7749b785ef007c1a,,,candidate_count_less_than_named_peaks,Under-detection: candidate count (2) is less than named peaks (4).
yamap_2025-01-11_11_51.gpx,勝山,勝山;尉之山・小山岳,勝山;尉之山;小山岳;勝山,95;357;358;359,勝山;尉之山;小山岳;勝山,1,summit-candidate:2b833dfb6f3f84c1,,,single_candidate_for_multi_peak_track,Only 1 candidate extracted for a track named with 4 peaks. Severe peak merging occurred.
yamap_2025-01-24_13_34.gpx,御篠山・松葉山（松葉城址）・烏殿,御篠山・松葉山（松葉城址）・烏殿,松葉山（松葉城址）;烏殿;御篠山,360;361;362,松葉山（松葉城址）;烏殿;御篠山,3,summit-candidate:2c1cbc474e49f1ec;summit-candidate:7a59a4750a70552c;summit-candidate:d71483d289d0c575,,,candidate_count_matches_named_peaks,Candidate count (3) matches the number of named peaks in track/title.
yamap_2025-01-26_07_09.gpx,天が森・浄心山・銅が鳴,天が森・浄心山・銅が鳴,天が森;浄心山;銅が鳴,363;364;365,天が森;浄心山;銅が鳴,2,summit-candidate:37c3a34c16599379;summit-candidate:090f7fa4be89ec5e,,,candidate_count_less_than_named_peaks,Under-detection: candidate count (2) is less than named peaks (3).
yamap_2025-01-30_06_55.gpx,弥八山,弥八山;西の山;北山;垣生山;金子山;八堂山,垣生山;弥八山;西の山;北山;垣生山;金子山;八堂山,186;366;367;368;369;370;371,垣生山;弥八山;西の山;北山;垣生山;金子山;八堂山,1,summit-candidate:0cc40babcd0ce6bf,,,single_candidate_for_multi_peak_track,Only 1 candidate extracted for a track named with 7 peaks. Severe peak merging occurred.
yamap_2025-01-30_08_48.gpx,西の山,西の山;弥八山;北山;垣生山;金子山;八堂山,垣生山;弥八山;西の山;北山;垣生山;金子山;八堂山,186;366;367;368;369;370;371,垣生山;弥八山;西の山;北山;垣生山;金子山;八堂山,1,summit-candidate:a14a745323a3d3af,,,single_candidate_for_multi_peak_track,Only 1 candidate extracted for a track named with 7 peaks. Severe peak merging occurred.
yamap_2025-01-30_10_12.gpx,北山,北山;弥八山;西の山;垣生山;金子山;八堂山,垣生山;弥八山;西の山;北山;垣生山;金子山;八堂山,186;366;367;368;369;370;371,垣生山;弥八山;西の山;北山;垣生山;金子山;八堂山,1,summit-candidate:8cef52d6989a94db,,,single_candidate_for_multi_peak_track,Only 1 candidate extracted for a track named with 7 peaks. Severe peak merging occurred.
yamap_2025-01-30_12_21.gpx,垣生山,垣生山;弥八山;西の山;北山;金子山;八堂山,垣生山;弥八山;西の山;北山;垣生山;金子山;八堂山,186;366;367;368;369;370;371,垣生山;弥八山;西の山;北山;垣生山;金子山;八堂山,1,summit-candidate:6c20bef6dc4e973b,,,single_candidate_for_multi_peak_track,Only 1 candidate extracted for a track named with 7 peaks. Severe peak merging occurred.
yamap_2025-01-30_13_18.gpx,金子山,金子山;弥八山;西の山;北山;垣生山;八堂山,垣生山;弥八山;西の山;北山;垣生山;金子山;八堂山,186;366;367;368;369;370;371,垣生山;弥八山;西の山;北山;垣生山;金子山;八堂山,1,summit-candidate:3c1e55e6cc05c0ad,,,single_candidate_for_multi_peak_track,Only 1 candidate extracted for a track named with 7 peaks. Severe peak merging occurred.
yamap_2025-01-30_14_42.gpx,八堂山,八堂山;弥八山;西の山;北山;垣生山;金子山,垣生山;弥八山;西の山;北山;垣生山;金子山;八堂山,186;366;367;368;369;370;371,垣生山;弥八山;西の山;北山;垣生山;金子山;八堂山,1,summit-candidate:bf9808bbf86d5d73,,,single_candidate_for_multi_peak_track,Only 1 candidate extracted for a track named with 7 peaks. Severe peak merging occurred.
yamap_2025-02-09_08_01.gpx,念仏山,念仏山;カレイ山;大頭山;高取山;八幡山,カレイ山;念仏山;大頭山;高取山;八幡山,373;374;375;376;377,カレイ山;念仏山;大頭山;高取山;八幡山,1,summit-candidate:110345ef4fb31191,,,single_candidate_for_multi_peak_track,Only 1 candidate extracted for a track named with 5 peaks. Severe peak merging occurred.
yamap_2025-02-09_09_27.gpx,大頭山,大頭山;カレイ山;念仏山;高取山;八幡山,カレイ山;念仏山;大頭山;高取山;八幡山,373;374;375;376;377,カレイ山;念仏山;大頭山;高取山;八幡山,1,summit-candidate:afc2e407c1d6b464,,,single_candidate_for_multi_peak_track,Only 1 candidate extracted for a track named with 5 peaks. Severe peak merging occurred.
yamap_2025-02-09_11_27.gpx,高取山,高取山;カレイ山;念仏山;大頭山;八幡山,カレイ山;念仏山;大頭山;高取山;八幡山,373;374;375;376;377,カレイ山;念仏山;大頭山;高取山;八幡山,1,summit-candidate:86e4db352b85ced4,,,single_candidate_for_multi_peak_track,Only 1 candidate extracted for a track named with 5 peaks. Severe peak merging occurred.
yamap_2025-02-09_12_21.gpx,八幡山,八幡山;カレイ山;念仏山;大頭山;高取山,カレイ山;念仏山;大頭山;高取山;八幡山,373;374;375;376;377,カレイ山;念仏山;大頭山;高取山;八幡山,1,summit-candidate:b9ae103da9e3136b,376,高取山,single_candidate_for_multi_peak_track,Only 1 candidate extracted for a track named with 5 peaks. Severe peak merging occurred.
yamap_2025-02-11_08_43.gpx,要害山,要害山;高穴山;高仙山,要害山;高穴山;高仙山,378;379;380,要害山;高穴山;高仙山,1,summit-candidate:0005c0040c7c7966,,,single_candidate_for_multi_peak_track,Only 1 candidate extracted for a track named with 3 peaks. Severe peak merging occurred.
yamap_2025-02-11_09_46.gpx,高穴山,高穴山;要害山;高仙山,要害山;高穴山;高仙山,378;379;380,要害山;高穴山;高仙山,1,summit-candidate:a0b87feaf88e526d,,,single_candidate_for_multi_peak_track,Only 1 candidate extracted for a track named with 3 peaks. Severe peak merging occurred.
yamap_2025-02-11_13_28.gpx,高仙山,高仙山;要害山;高穴山,要害山;高穴山;高仙山,378;379;380,要害山;高穴山;高仙山,1,summit-candidate:3807e62715de33f9,,,single_candidate_for_multi_peak_track,Only 1 candidate extracted for a track named with 3 peaks. Severe peak merging occurred.
yamap_2025-02-24_07_30.gpx,無宗天山,無宗天山;若いもん山;霊仙山,霊仙山;若いもん山;無宗天山,381;382;383,霊仙山;若いもん山;無宗天山,1,summit-candidate:0f09bdcc25daff65,,,single_candidate_for_multi_peak_track,Only 1 candidate extracted for a track named with 3 peaks. Severe peak merging occurred.
yamap_2025-02-24_10_12.gpx,霊仙山,霊仙山;無宗天山;若いもん山,霊仙山;若いもん山;無宗天山,381;382;383,霊仙山;若いもん山;無宗天山,1,summit-candidate:47b61397fb9c5d3f,,,single_candidate_for_multi_peak_track,Only 1 candidate extracted for a track named with 3 peaks. Severe peak merging occurred.
yamap_2025-02-28_07_34.gpx,綱付山・幻城上城,綱付山・幻城上城;幻城下城,綱付山;幻城上城;幻城下城,384;385;386,綱付山;幻城上城;幻城下城,2,summit-candidate:f19fd681c4c84753;summit-candidate:e4f762179d85915d,,,candidate_count_less_than_named_peaks,Under-detection: candidate count (2) is less than named peaks (3).
yamap_2025-02-28_10_24.gpx,幻城下城,幻城下城;綱付山・幻城上城,綱付山;幻城上城;幻城下城,384;385;386,綱付山;幻城上城;幻城下城,1,summit-candidate:2129bbc9c3950a91,,,single_candidate_for_multi_peak_track,Only 1 candidate extracted for a track named with 3 peaks. Severe peak merging occurred.
yamap_2025-03-10_08_18.gpx,姫政山,姫政山;館山,姫政山;館山,388;389,姫政山;館山,1,summit-candidate:d456af62868c5044,375,大頭山,single_candidate_for_multi_peak_track,Only 1 candidate extracted for a track named with 2 peaks. Severe peak merging occurred.
yamap_2025-03-10_10_25.gpx,館山,館山;姫政山,姫政山;館山,388;389,姫政山;館山,1,summit-candidate:6b836f5beefdd52c,,,single_candidate_for_multi_peak_track,Only 1 candidate extracted for a track named with 2 peaks. Severe peak merging occurred.
yamap_2025-03-17_13_17.gpx,高森山,高森山;大登山,高森山;高森;高森山;大登山;高森山;高森山,3;245;390;391;459;467,高森山;高森;高森山;大登山;高森山;高森山,1,summit-candidate:682d61b87016166b,,,single_candidate_for_multi_peak_track,Only 1 candidate extracted for a track named with 6 peaks. Severe peak merging occurred.
yamap_2025-03-17_14_08.gpx,大登山,大登山;高森山,高森山;高森;高森山;大登山;高森山;高森山,3;245;390;391;459;467,高森山;高森;高森山;大登山;高森山;高森山,1,summit-candidate:230b9847a05c8052,,,single_candidate_for_multi_peak_track,Only 1 candidate extracted for a track named with 6 peaks. Severe peak merging occurred.
yamap_2025-03-20_08_27.gpx,高山・大里山・泰ノ山,高山・大里山・泰ノ山,高山;高山;高山;泰ノ山;大里山,29;170;392;393;394,高山;高山;高山;泰ノ山;大里山,4,summit-candidate:8ff6361109e5ed5c;summit-candidate:fe8f624bdaa57afd;summit-candidate:c9aa57cdeb1b49fa;summit-candidate:98457196a66e294d,392,高山,candidate_count_less_than_named_peaks,Under-detection: candidate count (4) is less than named peaks (5).
yamap_2025-03-23_11_12.gpx,北ヶ森・高土の峰,北ヶ森・高土の峰,北ヶ森;高土の峰,395;396,北ヶ森;高土の峰,1,summit-candidate:dedadc05e5f6d5d5,,,single_candidate_for_multi_peak_track,Only 1 candidate extracted for a track named with 2 peaks. Severe peak merging occurred.
yamap_2025-03-30_07_01.gpx,竜王山,竜王山;岳山;一ヶ森;愛の森;京の森・大迫山,竜王山;岳山;一ヶ森;愛の森;京の森;大迫山,397;398;399;400;401;402,竜王山;岳山;一ヶ森;愛の森;京の森;大迫山,1,summit-candidate:62d2811f5d1a9f29,,,single_candidate_for_multi_peak_track,Only 1 candidate extracted for a track named with 6 peaks. Severe peak merging occurred.
yamap_2025-03-30_08_20.gpx,岳山,岳山;竜王山;一ヶ森;愛の森;京の森・大迫山,竜王山;岳山;一ヶ森;愛の森;京の森;大迫山,397;398;399;400;401;402,竜王山;岳山;一ヶ森;愛の森;京の森;大迫山,1,summit-candidate:b02ff952b74ca472,,,single_candidate_for_multi_peak_track,Only 1 candidate extracted for a track named with 6 peaks. Severe peak merging occurred.
yamap_2025-03-30_09_12.gpx,一ヶ森,一ヶ森;竜王山;岳山;愛の森;京の森・大迫山,竜王山;岳山;一ヶ森;愛の森;京の森;大迫山,397;398;399;400;401;402,竜王山;岳山;一ヶ森;愛の森;京の森;大迫山,1,summit-candidate:5f3f2f47d84464c4,,,single_candidate_for_multi_peak_track,Only 1 candidate extracted for a track named with 6 peaks. Severe peak merging occurred.
yamap_2025-03-30_12_56.gpx,京の森・大迫山,京の森・大迫山;竜王山;岳山;一ヶ森;愛の森,竜王山;岳山;一ヶ森;愛の森;京の森;大迫山,397;398;399;400;401;402,竜王山;岳山;一ヶ森;愛の森;京の森;大迫山,1,summit-candidate:13aa9354da4eb6d6,,,single_candidate_for_multi_peak_track,Only 1 candidate extracted for a track named with 6 peaks. Severe peak merging occurred.
yamap_2025-04-09_06_48.gpx,新谷神南山・五十崎神南山,新谷神南山・五十崎神南山,新谷神南山;五十崎神南山,406;407,新谷神南山;五十崎神南山,2,summit-candidate:6342f0069cd164e8;summit-candidate:49147712961a83be,,,candidate_count_matches_named_peaks,Candidate count (2) matches the number of named peaks in track/title.
yamap_2025-04-19_07_10.gpx,小屋山・丸石山,小屋山・丸石山,小屋山;丸石山,409;410,小屋山;丸石山,4,summit-candidate:0cc9c1186612ceaa;summit-candidate:422a9e74717ca96d;summit-candidate:1f61c36c208539fd;summit-candidate:01f601a63b1874f6,,,candidate_count_greater_than_named_peaks,Over-detection or secondary features: candidate count (4) exceeds named peaks (2).
yamap_2025-04-27_06_23.gpx,野地峰・黒岩山・大野山,野地峰・黒岩山・大野山,野地峰;黒岩山;大野山;大野山,411;412;413;513,野地峰;黒岩山;大野山;大野山,4,summit-candidate:17a471cc45af2c05;summit-candidate:e93bba1998d4efb5;summit-candidate:53bf856dccad5eab;summit-candidate:8326f30918c16cbe,,,candidate_count_matches_named_peaks,Candidate count (4) matches the number of named peaks in track/title.
yamap_2025-06-21_08_53.gpx,貝渚山・水なし山,貝渚山・水なし山,水なし山;貝渚山,414;415,水なし山;貝渚山,1,summit-candidate:403c0894babcf279,,,single_candidate_for_multi_peak_track,Only 1 candidate extracted for a track named with 2 peaks. Severe peak merging occurred.
yamap_2025-07-06_07_10.gpx,谷崎山,谷崎山;東黒森;伊吹山,谷崎山;東黒森;伊吹山,416;417;418,谷崎山;東黒森;伊吹山,1,summit-candidate:0d157ed871f76807,,,single_candidate_for_multi_peak_track,Only 1 candidate extracted for a track named with 3 peaks. Severe peak merging occurred.
yamap_2025-07-06_09_43.gpx,東黒森,東黒森;谷崎山;伊吹山,谷崎山;東黒森;伊吹山,416;417;418,谷崎山;東黒森;伊吹山,1,summit-candidate:20f1c44b99e3d708,417,東黒森,single_candidate_for_multi_peak_track,Only 1 candidate extracted for a track named with 3 peaks. Severe peak merging occurred.
yamap_2025-07-06_12_03.gpx,伊吹山,伊吹山;谷崎山;東黒森,谷崎山;東黒森;伊吹山,416;417;418,谷崎山;東黒森;伊吹山,1,summit-candidate:e79e77da4bfd1f13,,,single_candidate_for_multi_peak_track,Only 1 candidate extracted for a track named with 3 peaks. Severe peak merging occurred.
yamap_2025-08-15_09_21.gpx,天狗ノ森 ,天狗ノ森;小牛城;五段城;正木ノ森,小牛城;正木ノ森;五段城;天狗ノ森,419;420;421;422,小牛城;正木ノ森;五段城;天狗ノ森,1,summit-candidate:54dc6f5d29d60052,422,天狗ノ森,single_candidate_for_multi_peak_track,Only 1 candidate extracted for a track named with 4 peaks. Severe peak merging occurred.
yamap_2025-08-15_10_51.gpx,小牛城,小牛城;天狗ノ森;五段城;正木ノ森,小牛城;正木ノ森;五段城;天狗ノ森,419;420;421;422,小牛城;正木ノ森;五段城;天狗ノ森,1,summit-candidate:ba78489e4d448645,,,single_candidate_for_multi_peak_track,Only 1 candidate extracted for a track named with 4 peaks. Severe peak merging occurred.
yamap_2025-08-15_11_47.gpx,五段城,五段城;天狗ノ森;小牛城;正木ノ森,小牛城;正木ノ森;五段城;天狗ノ森,419;420;421;422,小牛城;正木ノ森;五段城;天狗ノ森,1,summit-candidate:00dfcd8bd36a1f00,415,貝渚山,single_candidate_for_multi_peak_track,Only 1 candidate extracted for a track named with 4 peaks. Severe peak merging occurred.
yamap_2025-08-15_12_44.gpx,正木ノ森,正木ノ森;天狗ノ森;小牛城;五段城,小牛城;正木ノ森;五段城;天狗ノ森,419;420;421;422,小牛城;正木ノ森;五段城;天狗ノ森,1,summit-candidate:1c085703f9a891aa,,,single_candidate_for_multi_peak_track,Only 1 candidate extracted for a track named with 4 peaks. Severe peak merging occurred.
yamap_2025-09-07_08_00.gpx,鶴ノ子ノ頭・石鎚山,鶴ノ子ノ頭・石鎚山,石鎚山;鶴ノ子ノ頭,234;423,石鎚山;鶴ノ子ノ頭,2,summit-candidate:65906dbbd6e5b747;summit-candidate:19713e48698f3e2a,427,剣山,candidate_count_matches_named_peaks,Candidate count (2) matches the number of named peaks in track/title.
yamap_2025-09-21_08_53.gpx,前社ヶ森・剣山・黒川山,前社ヶ森・剣山・黒川山,黒川山;前社ヶ森;剣山,425;426;427,黒川山;前社ヶ森;剣山,4,summit-candidate:109bc31ba8b3aa15;summit-candidate:ee632dd427dbb1ff;summit-candidate:6b97922a3935a9a5;summit-candidate:56e8244e578a141a,,,candidate_count_greater_than_named_peaks,Over-detection or secondary features: candidate count (4) exceeds named peaks (3).
yamap_2025-09-27_06_52.gpx,東光森山・別子山,東光森山・別子山,東光森山;別子山,428;429,東光森山;別子山,4,summit-candidate:4b66146264e5e167;summit-candidate:6358c7fb40ce841e;summit-candidate:accbb6cf4fee8a2f;summit-candidate:69652a1c97f3b2eb,431;439,大座礼山;天満山,candidate_count_greater_than_named_peaks,Over-detection or secondary features: candidate count (4) exceeds named peaks (2).
yamap_2025-10-05_08_42.gpx,三ッ森山・大座礼山,三ッ森山・大座礼山,三ッ森山;大座礼山,430;431,三ッ森山;大座礼山,4,summit-candidate:2666cead0a841bbb;summit-candidate:8f124a2a1de32654;summit-candidate:b2662116bd1858b6;summit-candidate:20557338e1ab5de6,429,別子山,candidate_count_greater_than_named_peaks,Over-detection or secondary features: candidate count (4) exceeds named peaks (2).
yamap_2025-10-11_06_24.gpx,大森山・佐々連尾山・三つ足山,大森山・佐々連尾山・三つ足山,大森山;三つ足山;大森山;佐々連尾山;大森山;大森山,196;432;433;434;466;501,大森山;三つ足山;大森山;佐々連尾山;大森山;大森山,2,summit-candidate:565ba3761956d9b3;summit-candidate:a80dd0489247a839,,,candidate_count_less_than_named_peaks,Under-detection: candidate count (2) is less than named peaks (6).
yamap_2025-10-23_15_58.gpx,大峰,大峰;堂堂山,大峰;堂堂山,436;437,大峰;堂堂山,1,summit-candidate:1946316119cd7251,,,single_candidate_for_multi_peak_track,Only 1 candidate extracted for a track named with 2 peaks. Severe peak merging occurred.
yamap_2025-10-23_16_38.gpx,堂堂山,堂堂山;大峰,大峰;堂堂山,436;437,大峰;堂堂山,1,summit-candidate:f3bf8b21a01f29ef,,,single_candidate_for_multi_peak_track,Only 1 candidate extracted for a track named with 2 peaks. Severe peak merging occurred.
yamap_2025-12-06_08_06.gpx,霧立山・地蔵山,霧立山・地蔵山,霧立山;地蔵山,440;441,霧立山;地蔵山,2,summit-candidate:b319c20dc9ecb5f1;summit-candidate:9fe4d21715424f17,,,candidate_count_matches_named_peaks,Candidate count (2) matches the number of named peaks in track/title.
yamap_2025-12-14_08_56.gpx,梁瀬山・紅葉山,梁瀬山・紅葉山;根太山,根太山;紅葉山;梁瀬山,443;444;445,根太山;紅葉山;梁瀬山,2,summit-candidate:d663a75e24f23530;summit-candidate:6b62cbb916ef874d,,,candidate_count_less_than_named_peaks,Under-detection: candidate count (2) is less than named peaks (3).
yamap_2025-12-14_12_03.gpx,根太山,根太山;梁瀬山・紅葉山,根太山;紅葉山;梁瀬山,443;444;445,根太山;紅葉山;梁瀬山,1,summit-candidate:b1bd2a482a691bd8,,,single_candidate_for_multi_peak_track,Only 1 candidate extracted for a track named with 3 peaks. Severe peak merging occurred.
yamap_2026-01-04_08_20.gpx,雨森山,雨森山;峠ヶ森,峠ヶ森;雨森山,447;448,峠ヶ森;雨森山,1,summit-candidate:730e21bca5cdf60d,,,single_candidate_for_multi_peak_track,Only 1 candidate extracted for a track named with 2 peaks. Severe peak merging occurred.
yamap_2026-01-04_11_16.gpx,峠ヶ森,峠ヶ森;雨森山,峠ヶ森;雨森山,447;448,峠ヶ森;雨森山,1,summit-candidate:e7b64a377534c79e,,,single_candidate_for_multi_peak_track,Only 1 candidate extracted for a track named with 2 peaks. Severe peak merging occurred.
yamap_2026-01-07_07_05.gpx,御在所山,御在所山;高雄山,御在所山;御在所山;高雄山,73;449;450,御在所山;御在所山;高雄山,1,summit-candidate:17c3649ad9b147ce,,,single_candidate_for_multi_peak_track,Only 1 candidate extracted for a track named with 3 peaks. Severe peak merging occurred.
yamap_2026-01-07_09_14.gpx,高雄山,高雄山;御在所山,御在所山;御在所山;高雄山,73;449;450,御在所山;御在所山;高雄山,1,summit-candidate:a271a6c73ad11b69,,,single_candidate_for_multi_peak_track,Only 1 candidate extracted for a track named with 3 peaks. Severe peak merging occurred.
yamap_2026-01-11_07_50.gpx,黒岩岳,黒岩岳;陣が森岳,陣が森;陣が森岳;黒岩岳,344;451;452,陣が森;陣が森岳;黒岩岳,1,summit-candidate:61304308f9a58d0d,341;343,秋葉山;明神山,single_candidate_for_multi_peak_track,Only 1 candidate extracted for a track named with 3 peaks. Severe peak merging occurred.
yamap_2026-01-11_10_38.gpx,陣が森岳,陣が森岳;黒岩岳,陣が森;陣が森岳;黒岩岳,344;451;452,陣が森;陣が森岳;黒岩岳,1,summit-candidate:1fd59e0e67624706,,,single_candidate_for_multi_peak_track,Only 1 candidate extracted for a track named with 3 peaks. Severe peak merging occurred.
yamap_2026-01-18_06_03.gpx,大判山,大判山;竜王の峰,大判山;竜王の峰,453;454,大判山;竜王の峰,1,summit-candidate:fa9a4432fbf76027,,,single_candidate_for_multi_peak_track,Only 1 candidate extracted for a track named with 2 peaks. Severe peak merging occurred.
yamap_2026-01-18_09_11.gpx,竜王の峰,竜王の峰;大判山,大判山;竜王の峰,453;454,大判山;竜王の峰,1,summit-candidate:51c8bc6a368c422c,,,single_candidate_for_multi_peak_track,Only 1 candidate extracted for a track named with 2 peaks. Severe peak merging occurred.
yamap_2026-01-25_07_43.gpx,船ヶ迫岳・鎌倉山,船ヶ迫岳・鎌倉山,船ヶ迫岳;鎌倉山,455;456,船ヶ迫岳;鎌倉山,2,summit-candidate:ce7fc6697696cde7;summit-candidate:4a22801b12460992,,,candidate_count_matches_named_peaks,Candidate count (2) matches the number of named peaks in track/title.
yamap_2026-01-31_07_40.gpx,槇ノ山,槇ノ山;遠見山;高森山,高森山;遠見山;高森;高森山;槇ノ山;遠見山;高森山;高森山,3;199;245;390;457;458;459;467,高森山;遠見山;高森;高森山;槇ノ山;遠見山;高森山;高森山,2,summit-candidate:fcfb64bccceb89d4;summit-candidate:f39b40bd0d9b0192,,,candidate_count_less_than_named_peaks,Under-detection: candidate count (2) is less than named peaks (8).
yamap_2026-01-31_10_49.gpx,遠見山,遠見山;槇ノ山;高森山,高森山;遠見山;高森;高森山;槇ノ山;遠見山;高森山;高森山,3;199;245;390;457;458;459;467,高森山;遠見山;高森;高森山;槇ノ山;遠見山;高森山;高森山,1,summit-candidate:e55456349660bd14,,,single_candidate_for_multi_peak_track,Only 1 candidate extracted for a track named with 8 peaks. Severe peak merging occurred.
yamap_2026-01-31_13_52.gpx,高森山,高森山;槇ノ山;遠見山,高森山;遠見山;高森;高森山;槇ノ山;遠見山;高森山;高森山,3;199;245;390;457;458;459;467,高森山;遠見山;高森;高森山;槇ノ山;遠見山;高森山;高森山,1,summit-candidate:a9b00b48e0c94eab,,,single_candidate_for_multi_peak_track,Only 1 candidate extracted for a track named with 8 peaks. Severe peak merging occurred.
yamap_2026-02-07_07_21.gpx,牛の峰・尻高峰,牛の峰・尻高峰;鞍掛山,牛の峰;尻高峰;鞍掛山,460;461;462,牛の峰;尻高峰;鞍掛山,2,summit-candidate:6adfa15b8dbd8966;summit-candidate:bd8fda9e743f2008,,,candidate_count_less_than_named_peaks,Under-detection: candidate count (2) is less than named peaks (3).
yamap_2026-02-07_11_17.gpx,鞍掛山,鞍掛山;牛の峰・尻高峰,牛の峰;尻高峰;鞍掛山,460;461;462,牛の峰;尻高峰;鞍掛山,1,summit-candidate:6b19d2116121b615,,,single_candidate_for_multi_peak_track,Only 1 candidate extracted for a track named with 3 peaks. Severe peak merging occurred.
yamap_2026-02-14_08_22.gpx,大畑山,大畑山;飯之山;権現山,権現山;権現山;権現山;権現山;権現山;大畑山;飯之山;権現山;権現山;権現山,14;159;189;198;263;463;464;465;480;494,権現山;権現山;権現山;権現山;権現山;大畑山;飯之山;権現山;権現山;権現山,1,summit-candidate:bb84b00f3a929195,,,single_candidate_for_multi_peak_track,Only 1 candidate extracted for a track named with 10 peaks. Severe peak merging occurred.
yamap_2026-02-14_13_33.gpx,権現山,権現山;大畑山;飯之山,権現山;権現山;権現山;権現山;権現山;大畑山;飯之山;権現山;権現山;権現山,14;159;189;198;263;463;464;465;480;494,権現山;権現山;権現山;権現山;権現山;大畑山;飯之山;権現山;権現山;権現山,1,summit-candidate:6756239601754708,464,飯之山,single_candidate_for_multi_peak_track,Only 1 candidate extracted for a track named with 10 peaks. Severe peak merging occurred.
yamap_2026-02-22_06_23.gpx,大森山,大森山;高森山・町木山・寒台山・鎧掛山,高森山;大森山;高森;高森山;大森山;高森山;大森山;高森山;町木山;寒台山;鎧掛山;大森山,3;196;245;390;433;459;466;467;468;469;470;501,高森山;大森山;高森;高森山;大森山;高森山;大森山;高森山;町木山;寒台山;鎧掛山;大森山,1,summit-candidate:b3cf76c035511afe,,,single_candidate_for_multi_peak_track,Only 1 candidate extracted for a track named with 12 peaks. Severe peak merging occurred.
yamap_2026-02-22_07_32.gpx,高森山・町木山・寒台山・鎧掛山,高森山・町木山・寒台山・鎧掛山;大森山,高森山;大森山;高森;高森山;大森山;高森山;大森山;高森山;町木山;寒台山;鎧掛山;大森山,3;196;245;390;433;459;466;467;468;469;470;501,高森山;大森山;高森;高森山;大森山;高森山;大森山;高森山;町木山;寒台山;鎧掛山;大森山,5,summit-candidate:f55ffb534aa2ae4c;summit-candidate:19ab381ef6c337af;summit-candidate:428f403ddcc5a31a;summit-candidate:7a8dca9b423536f5;summit-candidate:5f31b84e049f61fa,,,candidate_count_less_than_named_peaks,Under-detection: candidate count (5) is less than named peaks (12).
yamap_2026-03-01_06_45.gpx,剣ノ山・三傍示山・塩塚峰,剣ノ山・三傍示山・塩塚峰,剣ノ山;三傍示山;塩塚峰,472;473;474,剣ノ山;三傍示山;塩塚峰,5,summit-candidate:0d5802be6f4a6c6e;summit-candidate:78274ad93e160452;summit-candidate:740ae36ed8c63d60;summit-candidate:7a53852cc6c3e971;summit-candidate:737ce2580de91527,,,candidate_count_greater_than_named_peaks,Over-detection or secondary features: candidate count (5) exceeds named peaks (3).
yamap_2026-03-04_06_40.gpx,登議城山,登議城山;愛宕山,愛宕山;登議城山;愛宕山,25;475;476,愛宕山;登議城山;愛宕山,1,summit-candidate:9fe27d7d4a51aa70,,,single_candidate_for_multi_peak_track,Only 1 candidate extracted for a track named with 3 peaks. Severe peak merging occurred.
yamap_2026-03-04_09_46.gpx,愛宕山,愛宕山;登議城山,愛宕山;登議城山;愛宕山,25;475;476,愛宕山;登議城山;愛宕山,1,summit-candidate:c6ea08c2953b4cb8,,,single_candidate_for_multi_peak_track,Only 1 candidate extracted for a track named with 3 peaks. Severe peak merging occurred.
yamap_2026-03-06_09_00.gpx,世田山・笠松山東峰・笠松山,世田山・笠松山東峰・笠松山,世田山;笠松山;笠松山東峰;笠松山,114;115;477;518,世田山;笠松山;笠松山東峰;笠松山,1,summit-candidate:8f25ad4ff380df77,,,single_candidate_for_multi_peak_track,Only 1 candidate extracted for a track named with 4 peaks. Severe peak merging occurred.
yamap_2026-03-07_11_08.gpx,権現山,権現山;尻割山・四本松,権現山;権現山;権現山;権現山;権現山;権現山;尻割山;四本松;権現山;権現山,14;159;189;198;263;465;478;479;480;494,権現山;権現山;権現山;権現山;権現山;権現山;尻割山;四本松;権現山;権現山,1,summit-candidate:e8b129f70e703be5,480,権現山,single_candidate_for_multi_peak_track,Only 1 candidate extracted for a track named with 10 peaks. Severe peak merging occurred.
yamap_2026-03-08_07_27.gpx,呉石山,呉石山;峰畑山;白木山,呉石山;峰畑山;白木山,481;482;483,呉石山;峰畑山;白木山,1,summit-candidate:784df3690acb5365,,,single_candidate_for_multi_peak_track,Only 1 candidate extracted for a track named with 3 peaks. Severe peak merging occurred.
yamap_2026-03-08_08_05.gpx,峰畑山,峰畑山;呉石山;白木山,呉石山;峰畑山;白木山,481;482;483,呉石山;峰畑山;白木山,1,summit-candidate:eb031d650d8e9a7a,474,塩塚峰,single_candidate_for_multi_peak_track,Only 1 candidate extracted for a track named with 3 peaks. Severe peak merging occurred.
yamap_2026-03-08_10_45.gpx,白木山,白木山;呉石山;峰畑山,呉石山;峰畑山;白木山,481;482;483,呉石山;峰畑山;白木山,1,summit-candidate:ab39145b6a448b8d,,,single_candidate_for_multi_peak_track,Only 1 candidate extracted for a track named with 3 peaks. Severe peak merging occurred.
yamap_2026-03-11_10_35.gpx,野津子山・軽ノ山,野津子山・軽ノ山,軽ノ山;野津子山,484;485,軽ノ山;野津子山,1,summit-candidate:084fa7c9e55252dc,424,千秋寺山,single_candidate_for_multi_peak_track,Only 1 candidate extracted for a track named with 2 peaks. Severe peak merging occurred.
yamap_2026-03-15_06_14.gpx,長山,長山;高研山,長山;高研山,486;487,長山;高研山,1,summit-candidate:c246a8edb72dbebb,,,single_candidate_for_multi_peak_track,Only 1 candidate extracted for a track named with 2 peaks. Severe peak merging occurred.
yamap_2026-03-15_10_21.gpx,高研山,高研山;長山,長山;高研山,486;487,長山;高研山,1,summit-candidate:314bd84876bc3fc3,,,single_candidate_for_multi_peak_track,Only 1 candidate extracted for a track named with 2 peaks. Severe peak merging occurred.
yamap_2026-03-21_07_01.gpx,雨乞山・妙見森,雨乞山・妙見森;笹峠山;雨霧山,雨乞山;妙見森;笹峠山;雨霧山;雨乞山,489;490;491;492;495,雨乞山;妙見森;笹峠山;雨霧山;雨乞山,4,summit-candidate:f760bededfedfc09;summit-candidate:0f61b39e537be0a6;summit-candidate:cad0ade9ddec2b1a;summit-candidate:118b217506eb653f,,,candidate_count_less_than_named_peaks,Under-detection: candidate count (4) is less than named peaks (5).
yamap_2026-03-21_13_44.gpx,笹峠山,笹峠山;雨乞山・妙見森;雨霧山,雨乞山;妙見森;笹峠山;雨霧山;雨乞山,489;490;491;492;495,雨乞山;妙見森;笹峠山;雨霧山;雨乞山,1,summit-candidate:05007aaf499a4ecc,,,single_candidate_for_multi_peak_track,Only 1 candidate extracted for a track named with 5 peaks. Severe peak merging occurred.
yamap_2026-03-21_14_58.gpx,雨霧山,雨霧山;雨乞山・妙見森;笹峠山,雨乞山;妙見森;笹峠山;雨霧山;雨乞山,489;490;491;492;495,雨乞山;妙見森;笹峠山;雨霧山;雨乞山,1,summit-candidate:d5d39ec66a34deb5,,,single_candidate_for_multi_peak_track,Only 1 candidate extracted for a track named with 5 peaks. Severe peak merging occurred.
yamap_2026-04-12_11_03.gpx,権現山,権現山,権現山;権現山;権現山;権現山;権現山;権現山;権現山;権現山,14;159;189;198;263;465;480;494,権現山;権現山;権現山;権現山;権現山;権現山;権現山;権現山,1,summit-candidate:2011a6c909945d6f,,,single_candidate_for_multi_peak_track,Only 1 candidate extracted for a track named with 8 peaks. Severe peak merging occurred.
yamap_2026-04-19_07_43.gpx,雨乞山,雨乞山;鼻欠山,雨乞山;雨乞山;鼻欠山,489;495;496,雨乞山;雨乞山;鼻欠山,1,summit-candidate:d0d3096d540f375e,,,single_candidate_for_multi_peak_track,Only 1 candidate extracted for a track named with 3 peaks. Severe peak merging occurred.
yamap_2026-04-19_10_27.gpx,鼻欠山,鼻欠山;雨乞山,雨乞山;雨乞山;鼻欠山,489;495;496,雨乞山;雨乞山;鼻欠山,1,summit-candidate:9e86644a708cb211,,,single_candidate_for_multi_peak_track,Only 1 candidate extracted for a track named with 3 peaks. Severe peak merging occurred.
yamap_2026-04-29_06_34.gpx,面木山・黒森,面木山・黒森,面木山;黒森,497;498,面木山;黒森,3,summit-candidate:d5a6fcb592162088;summit-candidate:c87a377b77c80862;summit-candidate:a96db37bf518f31a,,,candidate_count_greater_than_named_peaks,Over-detection or secondary features: candidate count (3) exceeds named peaks (2).
yamap_2026-05-02_09_29.gpx,男山・瓶ヶ森・台ヶ森,男山・瓶ヶ森・台ヶ森,男山;瓶ヶ森;台ヶ森,312;313;499,男山;瓶ヶ森;台ヶ森,3,summit-candidate:53a6401abf71c488;summit-candidate:c9e357d000632346;summit-candidate:7a5ca8d918f43720,,,candidate_count_matches_named_peaks,Candidate count (3) matches the number of named peaks in track/title.
yamap_2026-05-06_07_28.gpx,丸山・ちち山・笹ヶ峰,丸山・ちち山・笹ヶ峰,ちち山;笹ヶ峰;丸山;笹ヶ峰;丸山,120;121;243;328;500,ちち山;笹ヶ峰;丸山;笹ヶ峰;丸山,2,summit-candidate:453327d51d16e202;summit-candidate:b87c90ebd1eb0d06,,,candidate_count_less_than_named_peaks,Under-detection: candidate count (2) is less than named peaks (5).
