No,山名,標高,登頂回数,YAMAP link,難易度ランク,エントリーコースお勧め山,GPS,市町村・島,年,シカ,月,備考,分県登山ガイド（2008）,分県登山ガイド（2016）,四国の1000m峰（2015）,四国百山,百名山,愛媛ゆうゆう山歩き,mountain_no,csv_no,source_row_no,mountain_no_source,mountain_no_status,gps_raw,coordinate_source,coordinate_status
1,関ヶ森,592,1,https://yamap.com/activities/15239274,2,,,松山市,2022,,1月,,,,,,,,1,1,2,csv_no,authoritative_csv_no,,csv_existing_gps,csv_provided_unverified
2,観音山,518,1,https://yamap.com/activities/15239274,2,,,松山市,2022,,1月,,,,,,,,2,2,3,csv_no,authoritative_csv_no,,csv_existing_gps,csv_provided_unverified
3,高森山,724,1,https://yamap.com/activities/15336083,2,,,東温市,2022,,1月,,,,,,,,3,3,4,csv_no,authoritative_csv_no,,csv_existing_gps,csv_provided_unverified
4,岩伽羅山,696,1,https://yamap.com/activities/15336083,2,,,東温市,2022,,1月,,,,,,,★,4,4,5,csv_no,authoritative_csv_no,,csv_existing_gps,csv_provided_unverified
5,衣掛山,463,1,https://yamap.com/activities/15336083,2,,,東温市,2022,,1月,,,,,,,,5,5,6,csv_no,authoritative_csv_no,,csv_existing_gps,csv_provided_unverified
6,吉山(吉山城址),262,1,https://yamap.com/activities/15336083,2,,,東温市,2022,,1月,,,,,,,,6,6,7,csv_no,authoritative_csv_no,,csv_existing_gps,csv_provided_unverified
7,尾ノ峰,193,1,https://yamap.com/activities/15415794,2,,,松山市,2022,,1月,,,,,,,,7,7,8,csv_no,authoritative_csv_no,,csv_existing_gps,csv_provided_unverified
8,新城山,161,1,https://yamap.com/activities/15415794,2,,,松山市,2022,,1月,,,,,,,,8,8,9,csv_no,authoritative_csv_no,,csv_existing_gps,csv_provided_unverified
9,腰折山,213,1,https://yamap.com/activities/15415794,1,,,松山市,2022,,1月,,,,,,,★,9,9,10,csv_no,authoritative_csv_no,,csv_existing_gps,csv_provided_unverified
10,恵良山,302,1,https://yamap.com/activities/15415794,1,,,松山市,2022,,1月,,,,,,,★,10,10,11,csv_no,authoritative_csv_no,,csv_existing_gps,csv_provided_unverified
11,皿ヶ森,633,1,https://yamap.com/activities/15430410,3,,,東温市,2022,〇,1月,,,,,,,,11,11,12,csv_no,authoritative_csv_no,,csv_existing_gps,csv_provided_unverified
12,経座ヶ森,735,1,https://yamap.com/activities/15430410,3,,,東温市,2022,〇,1月,,,,,,,★,12,12,13,csv_no,authoritative_csv_no,,csv_existing_gps,csv_provided_unverified
13,谷上山,455,1,https://yamap.com/activities/15569162,1,,,伊予市,2022,,2月,,〇,,,,,★,13,13,14,csv_no,authoritative_csv_no,,csv_existing_gps,csv_provided_unverified
14,権現山,479,1,https://yamap.com/activities/15569162,1,,,伊予市,2022,,2月,,,,,,,,14,14,15,csv_no,authoritative_csv_no,,csv_existing_gps,csv_provided_unverified
15,白滝山,504,1,https://yamap.com/activities/15569162,1,,,伊予市,2022,,2月,,,,,,,,15,15,16,csv_no,authoritative_csv_no,,csv_existing_gps,csv_provided_unverified
16,障子山,885,1,https://yamap.com/activities/15569162,3,,,伊予市,2022,,2月,,,,,★,,★,16,16,17,csv_no,authoritative_csv_no,,csv_existing_gps,csv_provided_unverified
17,伽藍山,414,1,https://yamap.com/activities/15598504,2,,,伊方町,2022,,2月,,,,,,,,17,17,18,csv_no,authoritative_csv_no,,csv_existing_gps,csv_provided_unverified
18,塩ヶ森,526,1,https://yamap.com/activities/15624334,1,,,東温市,2022,,2月,,,,,,,★,18,18,19,csv_no,authoritative_csv_no,,csv_existing_gps,csv_provided_unverified
19,番駄ヶ森,605,1,https://yamap.com/activities/15624334,3,,,東温市,2022,,2月,,,,,,,,19,19,20,csv_no,authoritative_csv_no,,csv_existing_gps,csv_provided_unverified
20,ケタ山,659,1,https://yamap.com/activities/15624334,3,,,東温市,2022,,2月,,,,,,,,20,20,21,csv_no,authoritative_csv_no,,csv_existing_gps,csv_provided_unverified
21,大磨山,648,1,https://yamap.com/activities/15624334,3,,,東温市,2022,,2月,,,,,,,,21,21,22,csv_no,authoritative_csv_no,,csv_existing_gps,csv_provided_unverified
22,鍵山（象ヶ森）,804,1,https://yamap.com/activities/15624334,3,,,東温市,2022,〇,2月,,,,,,,,22,22,23,csv_no,authoritative_csv_no,,csv_existing_gps,csv_provided_unverified
23,天神山,200,1,https://yamap.com/activities/16209216,1,,,松山市,2022,,2月,,,,,,,,23,23,24,csv_no,authoritative_csv_no,,csv_existing_gps,csv_provided_unverified
24,御幸寺山,165,1,https://yamap.com/activities/15707049,1,,,松山市,2022,,2月,,,,,,,,24,24,25,csv_no,authoritative_csv_no,,csv_existing_gps,csv_provided_unverified
25,愛宕山,115,1,https://yamap.com/activities/15715627,1,,,松山市,2022,,2月,,,,,,,,25,25,26,csv_no,authoritative_csv_no,,csv_existing_gps,csv_provided_unverified
26,常光寺山,124,1,https://yamap.com/activities/15715627,1,,,松山市,2022,,2月,,,,,,,,26,26,27,csv_no,authoritative_csv_no,,csv_existing_gps,csv_provided_unverified
27,杉立山,669,1,https://yamap.com/activities/15773753,2,,,松山市,2022,〇,2月,,,,,,,★,27,27,28,csv_no,authoritative_csv_no,,csv_existing_gps,csv_provided_unverified
28,岩柄山,507,1,https://yamap.com/activities/15773753,3,,,松山市,2022,〇,2月,,,,,,,,28,28,29,csv_no,authoritative_csv_no,,csv_existing_gps,csv_provided_unverified
29,高山,463,1,https://yamap.com/activities/15773753,2,,,松山市,2022,,2月,,,,,,,,29,29,30,csv_no,authoritative_csv_no,,csv_existing_gps,csv_provided_unverified
30,勝岡山,453,1,https://yamap.com/activities/15773753,2,,,松山市,2022,,2月,,,,,,,,30,30,31,csv_no,authoritative_csv_no,,csv_existing_gps,csv_provided_unverified
31,西山,172,1,https://yamap.com/activities/15799454,1,,,松山市,2022,,2月,,,,,,,,31,31,32,csv_no,authoritative_csv_no,,csv_existing_gps,csv_provided_unverified
32,岩子山,181,1,https://yamap.com/activities/15799454,1,,,松山市,2022,,2月,,,,,,,,32,32,33,csv_no,authoritative_csv_no,,csv_existing_gps,csv_provided_unverified
33,経ヶ森,200,1,https://yamap.com/activities/15799454,1,,,松山市,2022,,2月,,〇,〇,,,,,33,33,34,csv_no,authoritative_csv_no,,csv_existing_gps,csv_provided_unverified
34,護摩ヶ森,170,1,https://yamap.com/activities/15799454,1,,,松山市,2022,,2月,,,,,,,,34,34,35,csv_no,authoritative_csv_no,,csv_existing_gps,csv_provided_unverified
35,御岳山,438,1,https://yamap.com/activities/15847055,2,,,東温市,2022,,2月,,,,,,,,35,35,36,csv_no,authoritative_csv_no,,csv_existing_gps,csv_provided_unverified
36,石槌山,252,1,https://yamap.com/activities/15848700,2,,,東温市,2022,,2月,,,,,,,,36,36,37,csv_no,authoritative_csv_no,,csv_existing_gps,csv_provided_unverified
37,日王山,109,1,https://yamap.com/activities/15886152,1,,,松山市,2022,,2月,,,,,,,,37,37,38,csv_no,authoritative_csv_no,,csv_existing_gps,csv_provided_unverified
38,重茂山,291,1,https://yamap.com/activities/15918738,1,,,今治市,2022,,2月,,,,,,,,38,38,39,csv_no,authoritative_csv_no,,csv_existing_gps,csv_provided_unverified
39,花木山,53,1,https://yamap.com/activities/15920024,1,,,今治市,2022,,2月,,,,,,,,39,39,40,csv_no,authoritative_csv_no,,csv_existing_gps,csv_provided_unverified
40,ヌタノサコ,514,1,https://yamap.com/activities/15945836,3,,,松山市,2022,,3月,,,,,,,,40,40,41,csv_no,authoritative_csv_no,,csv_existing_gps,csv_provided_unverified
41,城山,592,1,https://yamap.com/activities/15983117,3,,,砥部町,2022,,3月,,,,,,,,41,41,42,csv_no,authoritative_csv_no,,csv_existing_gps,csv_provided_unverified
42,水梨山,729,1,https://yamap.com/activities/15983117,3,,,砥部町,2022,〇,3月,,,,,,,,42,42,43,csv_no,authoritative_csv_no,,csv_existing_gps,csv_provided_unverified
43,向山,683,1,https://yamap.com/activities/15983117,3,,,砥部町,2022,〇,3月,,,,,,,,43,43,44,csv_no,authoritative_csv_no,,csv_existing_gps,csv_provided_unverified
44,稔山,917,1,https://yamap.com/activities/16050141,3,,,東温市,2022,〇,3月,,,,,,,★,44,44,45,csv_no,authoritative_csv_no,,csv_existing_gps,csv_provided_unverified
45,菊ヶ森,151,1,https://yamap.com/activities/16079603,1,,,松山市,2022,,3月,,,,,,,,45,45,46,csv_no,authoritative_csv_no,,csv_existing_gps,csv_provided_unverified
46,道後山,224,1,https://yamap.com/activities/16081025,1,,,松山市,2022,,3月,,,,,,,,46,46,47,csv_no,authoritative_csv_no,,csv_existing_gps,csv_provided_unverified
47,倉谷山,420,2,https://yamap.com/activities/16124915,1,,,松山市,2022,,3月,,,,,,,,47,47,48,csv_no,authoritative_csv_no,,csv_existing_gps,csv_provided_unverified
48,芝ヶ峠,282,2,https://yamap.com/activities/16124915,1,,,松山市,2022,,3月,,,,,,,,48,48,49,csv_no,authoritative_csv_no,,csv_existing_gps,csv_provided_unverified
49,大久保山,175,1,https://yamap.com/activities/16209216,1,,,松山市,2022,,3月,,,,,,,,49,49,50,csv_no,authoritative_csv_no,,csv_existing_gps,csv_provided_unverified
50,八里ヶ峠,182,1,https://yamap.com/activities/16209216,1,,,松山市,2022,,3月,,,,,,,,50,50,51,csv_no,authoritative_csv_no,,csv_existing_gps,csv_provided_unverified
51,中坂山,98,1,https://yamap.com/activities/16209216,1,,,松山市,2022,,3月,,,,,,,,51,51,52,csv_no,authoritative_csv_no,,csv_existing_gps,csv_provided_unverified
52,天神山,47,1,https://yamap.com/activities/15707049,1,,,松山市,2022,,3月,,,,,,,,52,52,53,csv_no,authoritative_csv_no,,csv_existing_gps,csv_provided_unverified
53,室岡山,42,1,https://yamap.com/activities/16209216,1,,,松山市,2022,,3月,,,,,,,,53,53,54,csv_no,authoritative_csv_no,,csv_existing_gps,csv_provided_unverified
54,潮見山,123,1,https://yamap.com/activities/16209216,1,,,松山市,2022,,3月,,,,,,,,54,54,55,csv_no,authoritative_csv_no,,csv_existing_gps,csv_provided_unverified
55,明神山,161,1,https://yamap.com/activities/16281691,1,,,松山市,2022,,3月,,,,,,,,55,55,56,csv_no,authoritative_csv_no,,csv_existing_gps,csv_provided_unverified
56,潮見山,214,1,https://yamap.com/activities/16281691,1,,,松山市,2022,,3月,,,,,,,,56,56,57,csv_no,authoritative_csv_no,,csv_existing_gps,csv_provided_unverified
57,十門山(十門城址),683,1,https://yamap.com/activities/16310772,2,,,東温市,2022,〇,3月,,,,,,,,57,57,58,csv_no,authoritative_csv_no,,csv_existing_gps,csv_provided_unverified
58,ヨソ山,928,2,https://yamap.com/activities/16310772,3,,,西条市,2022,〇,1月,,,,,,,★,58,58,59,csv_no,authoritative_csv_no,,csv_existing_gps,csv_provided_unverified
59,忽那山,45,1,https://yamap.com/activities/16497216,1,,,松山市,2022,,4月,,,,,,,,59,59,60,csv_no,authoritative_csv_no,,csv_existing_gps,csv_provided_unverified
60,鬼ヶ城山,"1,151",1,https://yamap.com/activities/16527154,1,〇,,宇和島市,2022,〇,4月,,〇,〇,〇,★,☆,★,60,60,61,csv_no,authoritative_csv_no,,csv_existing_gps,csv_provided_unverified
61,三本杭,"1,226",1,https://yamap.com/activities/16527154,2,,,宇和島市,2022,〇,4月,,〇,〇,〇,,☆,★,61,61,62,csv_no,authoritative_csv_no,,csv_existing_gps,csv_provided_unverified
62,八面山,"1,166",1,https://yamap.com/activities/16527154,2,,,宇和島市,2022,〇,4月,,〇,〇,〇,,,,62,62,63,csv_no,authoritative_csv_no,,csv_existing_gps,csv_provided_unverified
63,大久保山,"1,155",1,https://yamap.com/activities/16527154,2,,,宇和島市,2022,〇,4月,,,,〇,,,,63,63,64,csv_no,authoritative_csv_no,,csv_existing_gps,csv_provided_unverified
64,大月山,953,1,https://yamap.com/activities/16566166,1,,,松山市,2022,〇,4月,,,,,,,★,64,64,65,csv_no,authoritative_csv_no,,csv_existing_gps,csv_provided_unverified
65,引地山,"1,027",1,https://yamap.com/activities/16663708,2,,,松山市,2022,〇,4月,,,,〇,,,★,65,65,66,csv_no,authoritative_csv_no,,csv_existing_gps,csv_provided_unverified
66,東三方ヶ森,"1,233",1,https://yamap.com/activities/16678030,5,,,東温市,2022,〇,4月,,〇,〇,〇,,☆,★,66,66,67,csv_no,authoritative_csv_no,,csv_existing_gps,csv_provided_unverified
67,甲が森,451,1,https://yamap.com/activities/16788269,1,,,西予市,2022,,4月,,,,,,,,67,67,68,csv_no,authoritative_csv_no,,csv_existing_gps,csv_provided_unverified
68,三滝山,642,1,https://yamap.com/activities/16791907,1,,,西予市,2022,,4月,,,,,,,★,68,68,69,csv_no,authoritative_csv_no,,csv_existing_gps,csv_provided_unverified
69,雨包山,"1,111",1,https://yamap.com/activities/16791908,1,,,西予市,2022,,4月,,,,〇,,,★,69,69,70,csv_no,authoritative_csv_no,,csv_existing_gps,csv_provided_unverified
70,源氏ヶ駄場（薊野峰）,"1,403",1,https://yamap.com/activities/16794762,1,,,西予市,2022,,4月,大野ヶ原,〇,〇,〇,★,☆,★,70,70,71,csv_no,authoritative_csv_no,,csv_existing_gps,csv_provided_unverified
71,碁石ヶ森,"1,183",1,https://yamap.com/activities/16795124,1,,,西予市,2022,,4月,,,,〇,,,,71,71,72,csv_no,authoritative_csv_no,,csv_existing_gps,csv_provided_unverified
72,伊之子山,872,1,https://yamap.com/activities/16866851,3,,,松山市,2022,,4月,,,,,,,,72,72,73,csv_no,authoritative_csv_no,,csv_existing_gps,csv_provided_unverified
73,御在所山,915,1,https://yamap.com/activities/16881352,3,,,西予市,2022,〇,4月,,,,,,,,73,73,74,csv_no,authoritative_csv_no,,csv_existing_gps,csv_provided_unverified
74,岩黒山,"1,746",1,https://yamap.com/activities/16929212,2,,,久万高原町,2022,,4月,,〇,〇,〇,★,☆,★,74,74,75,csv_no,authoritative_csv_no,,csv_existing_gps,csv_provided_unverified
75,筒上山,"1,860",1,https://yamap.com/activities/16929212,2,,,久万高原町,2022,,4月,,〇,〇,〇,★,☆,★,75,75,76,csv_no,authoritative_csv_no,,csv_existing_gps,csv_provided_unverified
76,手箱山,"1,806",1,https://yamap.com/activities/16929212,3,,,久万高原町,2022,,4月,高知県,,,〇,,,,76,76,77,csv_no,authoritative_csv_no,,csv_existing_gps,csv_provided_unverified
77,大川嶺,"1,525",1,https://yamap.com/activities/16982038,1,,,久万高原町,2022,,5月,,〇,〇,〇,★,☆,★,77,77,78,csv_no,authoritative_csv_no,,csv_existing_gps,csv_provided_unverified
78,笠取山,"1,562",1,https://yamap.com/activities/16982038,1,,,久万高原町,2022,,5月,,〇,〇,〇,,,,78,78,79,csv_no,authoritative_csv_no,,csv_existing_gps,csv_provided_unverified
79,ウバホド山,"1,482",1,https://yamap.com/activities/16982038,2,,,久万高原町,2022,,5月,,,,〇,,,,79,79,80,csv_no,authoritative_csv_no,,csv_existing_gps,csv_provided_unverified
80,うなめご,"1,284",1,https://yamap.com/activities/17142799,2,,,東温市,2022,,5月,,〇,,,,,★,80,80,81,csv_no,authoritative_csv_no,,csv_existing_gps,csv_provided_unverified
81,前々司山,"1,253",1,https://yamap.com/activities/17142799,2,,,東温市,2022,,5月,,,,,,,,81,81,82,csv_no,authoritative_csv_no,,csv_existing_gps,csv_provided_unverified
82,陣ヶ森,"1,207",1,https://yamap.com/activities/17142799,2,,,東温市,2022,,5月,,,,〇,,,,82,82,83,csv_no,authoritative_csv_no,,csv_existing_gps,csv_provided_unverified
83,寒川山,817,1,https://yamap.com/activities/17193098,2,,,四国中央市,2022,〇,5月,,,,,,,,83,83,84,csv_no,authoritative_csv_no,,csv_existing_gps,csv_provided_unverified
84,豊受山,"1,247",1,https://yamap.com/activities/17193098,2,,,四国中央市,2022,〇,5月,,〇,〇,〇,,☆,★,84,84,85,csv_no,authoritative_csv_no,,csv_existing_gps,csv_provided_unverified
85,赤星山,"1,453",1,https://yamap.com/activities/17193098,2,,,四国中央市,2022,〇,5月,,〇,〇,〇,★,☆,★,85,85,86,csv_no,authoritative_csv_no,,csv_existing_gps,csv_provided_unverified
86,七々木山,"1,145",1,https://yamap.com/activities/17193098,2,,,四国中央市,2022,〇,5月,,,,,,,,86,86,87,csv_no,authoritative_csv_no,,csv_existing_gps,csv_provided_unverified
87,鋸山,"1,017",1,https://yamap.com/activities/17193098,2,,,四国中央市,2022,〇,5月,,,〇,〇,,,,87,87,88,csv_no,authoritative_csv_no,,csv_existing_gps,csv_provided_unverified
88,翠波峰,891,1,https://yamap.com/activities/17193111,1,,,四国中央市,2022,〇,5月,,〇,〇,,★,☆,★,88,88,89,csv_no,authoritative_csv_no,,csv_existing_gps,csv_provided_unverified
89,平石山,826,1,https://yamap.com/activities/17195739,1,,,四国中央市,2022,〇,5月,,,,,,,★,89,89,90,csv_no,authoritative_csv_no,,csv_existing_gps,csv_provided_unverified
90,割石東山,"1,074",1,https://yamap.com/activities/17344616,2,,,久万高原町,2022,〇,5月,,,,〇,,,★,90,90,91,csv_no,authoritative_csv_no,,csv_existing_gps,csv_provided_unverified
91,青滝山,"1,303",1,https://yamap.com/activities/17344616,3,,,久万高原町,2022,〇,5月,,,,〇,,,★,91,91,92,csv_no,authoritative_csv_no,,csv_existing_gps,csv_provided_unverified
92,堂ヶ森,"1,689",1,https://yamap.com/activities/17344616,3,,,久万高原町,2022,〇,5月,,〇,〇,〇,,☆,★,92,92,93,csv_no,authoritative_csv_no,,csv_existing_gps,csv_provided_unverified
93,南尖峰,"1,982",1,https://yamap.com/activities/17465823,2,,,久万高原町,2022,,5月,,〇,〇,〇,,,,93,93,94,csv_no,authoritative_csv_no,,csv_existing_gps,csv_provided_unverified
94,自念子ノ頭,"1,702",1,https://yamap.com/activities/17536161,2,,,西条市,2022,,5月,,,,〇,,,,94,94,95,csv_no,authoritative_csv_no,,csv_existing_gps,csv_provided_unverified
95,勝山,131,1,https://yamap.com/activities/17745232,1,,,松山市,2022,,6月,,,,,,,,95,95,96,csv_no,authoritative_csv_no,,csv_existing_gps,csv_provided_unverified
96,姫草,"1,274",1,https://yamap.com/activities/17955297,1,,,西予市,2022,,6月,,,,〇,,,,96,96,97,csv_no,authoritative_csv_no,,csv_existing_gps,csv_provided_unverified
97,牛城,"1,342",1,https://yamap.com/activities/17956064,2,,,西予市,2022,,6月,,,,〇,,,,97,97,98,csv_no,authoritative_csv_no,,csv_existing_gps,csv_provided_unverified
98,積善山,370,1,https://yamap.com/activities/17985256,1,〇,,岩城島,2022,,6月,,,〇,,,,,98,98,99,csv_no,authoritative_csv_no,,csv_existing_gps,csv_provided_unverified
99,鉢巻山,142,1,https://yamap.com/activities/17993401,4,,,生名島,2022,,6月,,,,,,,,99,99,100,csv_no,authoritative_csv_no,,csv_existing_gps,csv_provided_unverified
100,立石山,139,1,https://yamap.com/activities/17999330,1,〇,,生名島,2022,,6月,,,,,,,,100,100,101,csv_no,authoritative_csv_no,,csv_existing_gps,csv_provided_unverified
101,鷲ヶ頭山,436,1,https://yamap.com/activities/18060852,2,〇,,大三島,2022,,6月,,〇,〇,,,☆,★,101,101,102,csv_no,authoritative_csv_no,,csv_existing_gps,csv_provided_unverified
102,安神山,267,1,https://yamap.com/activities/18060852,2,,,大三島,2022,,6月,,,,,,,,102,102,103,csv_no,authoritative_csv_no,,csv_existing_gps,csv_provided_unverified
103,篠山,"1,065",1,https://yamap.com/activities/18089469,2,〇,,愛南町,2022,〇,6月,,〇,〇,〇,★,☆,★,103,103,104,csv_no,authoritative_csv_no,,csv_existing_gps,csv_provided_unverified
104,横山(横山城址),453,1,https://yamap.com/activities/18196317,1,,,松山市,2022,,6月,,,,,,,,104,104,105,csv_no,authoritative_csv_no,,csv_existing_gps,csv_provided_unverified
105,鞍瀬ノ頭,"1,889",1,https://yamap.com/activities/18250101,3,,,久万高原町,2022,,7月,,,,,,,,105,105,106,csv_no,authoritative_csv_no,,csv_existing_gps,csv_provided_unverified
106,二ノ森,"1,930",1,https://yamap.com/activities/18250101,3,,,久万高原町,2022,,7月,,〇,〇,〇,★,☆,★,106,106,107,csv_no,authoritative_csv_no,,csv_existing_gps,csv_provided_unverified
107,面河の頭,"1,866",1,https://yamap.com/activities/18250101,3,,,久万高原町,2022,,7月,,,,,,,,107,107,108,csv_no,authoritative_csv_no,,csv_existing_gps,csv_provided_unverified
108,西ノ冠岳,"1,890",1,https://yamap.com/activities/18250101,3,,,久万高原町,2022,,7月,,,,〇,,,,108,108,109,csv_no,authoritative_csv_no,,csv_existing_gps,csv_provided_unverified
109,西黒森,"1,861",1,https://yamap.com/activities/18371502,2,,,西条市,2022,,7月,,,,〇,★,☆,★,109,109,110,csv_no,authoritative_csv_no,,csv_existing_gps,csv_provided_unverified
110,小富士,282,1,https://yamap.com/activities/18427906,1,〇,,興居島,2022,,7月,,〇,〇,,,,★,110,110,111,csv_no,authoritative_csv_no,,csv_existing_gps,csv_provided_unverified
111,龍石山,32,1,https://yamap.com/activities/18428061,1,,,興居島,2022,,7月,,,,,,,,111,111,112,csv_no,authoritative_csv_no,,csv_existing_gps,csv_provided_unverified
112,子持山,123,1,https://yamap.com/activities/18543106,1,,,興居島,2022,,7月,,,,,,,,112,112,113,csv_no,authoritative_csv_no,,csv_existing_gps,csv_provided_unverified
113,大峰ヶ台,141,2,https://yamap.com/activities/19164431,1,,,松山市,2022,,8月,,,,,,,,113,113,114,csv_no,authoritative_csv_no,,csv_existing_gps,csv_provided_unverified
114,世田山,339,1,https://yamap.com/activities/19222937,1,〇,,今治市,2022,,8月,,〇,〇,,,,,114,114,115,csv_no,authoritative_csv_no,,csv_existing_gps,csv_provided_unverified
115,笠松山,357,1,https://yamap.com/activities/19222937,1,〇,,今治市,2022,,8月,,〇,〇,,,,★,115,115,116,csv_no,authoritative_csv_no,,csv_existing_gps,csv_provided_unverified
116,北三方ヶ森,978,1,https://yamap.com/activities/19236411,2,,,松山市,2022,〇,8月,,〇,〇,,,,★,116,116,117,csv_no,authoritative_csv_no,,csv_existing_gps,csv_provided_unverified
117,大友山,407,1,https://yamap.com/activities/19400534,3,,,松山市,2022,,9月,,,,,,,,117,117,118,csv_no,authoritative_csv_no,,csv_existing_gps,csv_provided_unverified
118,湯築山,71,1,https://yamap.com/activities/19437997,1,,,松山市,2022,,9月,,,,,,,,118,118,119,csv_no,authoritative_csv_no,,csv_existing_gps,csv_provided_unverified
119,寒風山,"1,762",1,https://yamap.com/activities/19457807,2,,,西条市,2022,〇,9月,,〇,〇,〇,★,☆,★,119,119,120,csv_no,authoritative_csv_no,,csv_existing_gps,csv_provided_unverified
120,ちち山,"1,855",2,https://yamap.com/activities/48114780,3,,,西条市,2022,〇,9月,,,〇,〇,,,,120,120,121,csv_no,authoritative_csv_no,,csv_existing_gps,csv_provided_unverified
121,笹ヶ峰,"1,860",2,https://yamap.com/activities/48114780,3,,,西条市,2022,〇,9月,,〇,〇,〇,★,☆,★,121,121,122,csv_no,authoritative_csv_no,,csv_existing_gps,csv_provided_unverified
122,松軒山,190,1,https://yamap.com/activities/19588038,1,,,愛南町,2022,,9月,,,,,,,,122,122,123,csv_no,authoritative_csv_no,,csv_existing_gps,csv_provided_unverified
123,三山,325,1,https://yamap.com/activities/19600002,1,,,弓削島,2022,,9月,,,,,,,,123,123,124,csv_no,authoritative_csv_no,,csv_existing_gps,csv_provided_unverified
124,伊勢山,57,1,https://yamap.com/activities/19600557,1,,,弓削島,2022,,9月,,,,,,,,124,124,125,csv_no,authoritative_csv_no,,csv_existing_gps,csv_provided_unverified
125,久司山,142,1,https://yamap.com/activities/19601222,3,,,弓削島,2022,,9月,,,,,,,,125,125,126,csv_no,authoritative_csv_no,,csv_existing_gps,csv_provided_unverified
126,石灰山,216,1,https://yamap.com/activities/19604820,3,,,弓削島,2022,,9月,,,,,,,,126,126,127,csv_no,authoritative_csv_no,,csv_existing_gps,csv_provided_unverified
127,古法皇山,279,1,https://yamap.com/activities/19604820,3,,,弓削島,2022,,9月,,,,,,,,127,127,128,csv_no,authoritative_csv_no,,csv_existing_gps,csv_provided_unverified
128,狩江権現山,464,1,https://yamap.com/activities/19698405,1,〇,,西予市,2022,,9月,,,,,,,,128,128,129,csv_no,authoritative_csv_no,,csv_existing_gps,csv_provided_unverified
129,極山,561,1,https://yamap.com/activities/19698830,1,,,西予市,2022,,9月,,,,,,,,129,129,130,csv_no,authoritative_csv_no,,csv_existing_gps,csv_provided_unverified
130,高文殊山,221,1,https://yamap.com/activities/19708205,1,〇,,四国中央市,2022,,9月,,,,,,,,130,130,131,csv_no,authoritative_csv_no,,csv_existing_gps,csv_provided_unverified
131,三本榎,256,1,https://yamap.com/activities/19830861,4,,,大三島,2022,,9月,,,,,,,,131,131,132,csv_no,authoritative_csv_no,,csv_existing_gps,csv_provided_unverified
132,鏡山,212,1,https://yamap.com/activities/19833941,3,,,大三島,2022,,9月,,,,,,,,132,132,133,csv_no,authoritative_csv_no,,csv_existing_gps,csv_provided_unverified
133,戸祇御前山,946,1,https://yamap.com/activities/19911171,3,,,鬼北町,2022,〇,10月,,,〇,,,,★,133,133,134,csv_no,authoritative_csv_no,,csv_existing_gps,csv_provided_unverified
134,雄甲山,239,1,https://yamap.com/activities/20017361,1,,,松山市,2022,,10月,,,,,,,,134,134,135,csv_no,authoritative_csv_no,,csv_existing_gps,csv_provided_unverified
135,雌甲山,189,1,https://yamap.com/activities/20017361,1,,,松山市,2022,,10月,,,,,,,,135,135,136,csv_no,authoritative_csv_no,,csv_existing_gps,csv_provided_unverified
136,泉ガ森,755,1,https://yamap.com/activities/20029187,1,〇,,鬼北町,2022,〇,10月,,,〇,,,,★,136,136,137,csv_no,authoritative_csv_no,,csv_existing_gps,csv_provided_unverified
137,東山,"1,392",1,https://yamap.com/activities/21698197,1,,,松山市,2022,,10月,,,,,,,,137,137,138,csv_no,authoritative_csv_no,,csv_existing_gps,csv_provided_unverified
138,前赤石山,"1,677",1,https://yamap.com/activities/20086190,4,,,新居浜市,2022,〇,10月,,,,〇,,,,138,138,139,csv_no,authoritative_csv_no,,csv_existing_gps,csv_provided_unverified
139,黒崎山,57,1,https://yamap.com/activities/20172197,2,,,興居島,2022,,10月,,,,,,,,139,139,140,csv_no,authoritative_csv_no,,csv_existing_gps,csv_provided_unverified
140,高戸山,115,1,https://yamap.com/activities/20211117,2,,,興居島,2022,,10月,,,,,,,,140,140,141,csv_no,authoritative_csv_no,,csv_existing_gps,csv_provided_unverified
141,犬吠山,124,1,https://yamap.com/activities/20212951,2,,,興居島,2022,,10月,,,,,,,,141,141,142,csv_no,authoritative_csv_no,,csv_existing_gps,csv_provided_unverified
142,泰の山,115,1,https://yamap.com/activities/20216474,2,,,興居島,2022,,10月,,,,,,,,142,142,143,csv_no,authoritative_csv_no,,csv_existing_gps,csv_provided_unverified
143,中三方ヶ森,"1,229",1,https://yamap.com/activities/20299413,3,,,今治市,2022,〇,10月,,,,,,,,143,143,144,csv_no,authoritative_csv_no,,csv_existing_gps,csv_provided_unverified
144,古権現山,"1,003",1,https://yamap.com/activities/20299413,3,,,今治市,2022,〇,10月,,,,,,,,144,144,145,csv_no,authoritative_csv_no,,csv_existing_gps,csv_provided_unverified
145,楢原山,"1,041",1,https://yamap.com/activities/20299413,1,,,今治市,2022,〇,10月,,〇,〇,〇,★,☆,★,145,145,146,csv_no,authoritative_csv_no,,csv_existing_gps,csv_provided_unverified
146,西港山,52,1,https://yamap.com/activities/20348452,1,,,松山市,2022,,10月,,,,,,,,146,146,147,csv_no,authoritative_csv_no,,csv_existing_gps,csv_provided_unverified
147,大丸山,76,1,https://yamap.com/activities/20348452,1,,,松山市,2022,,10月,,,,,,,,147,147,148,csv_no,authoritative_csv_no,,csv_existing_gps,csv_provided_unverified
148,港山,42,1,https://yamap.com/activities/20348452,1,,,松山市,2022,,10月,,,,,,,,148,148,149,csv_no,authoritative_csv_no,,csv_existing_gps,csv_provided_unverified
149,すくも山,41,1,https://yamap.com/activities/20370835,1,,,西条市,2022,,10月,,,,,,,,149,149,150,csv_no,authoritative_csv_no,,csv_existing_gps,csv_provided_unverified
150,愛ノ山,198,1,https://yamap.com/activities/20375635,1,,,西条市,2022,〇,10月,,,,,,,,150,150,151,csv_no,authoritative_csv_no,,csv_existing_gps,csv_provided_unverified
151,冨士山,320,1,https://yamap.com/activities/20527420,1,〇,,大洲市,2022,,10月,,,,,,,,151,151,152,csv_no,authoritative_csv_no,,csv_existing_gps,csv_provided_unverified
152,割石峠山,"1,037",1,https://yamap.com/activities/20542185,2,,,東温市,2022,〇,10月,,,,,,,,152,152,153,csv_no,authoritative_csv_no,,csv_existing_gps,csv_provided_unverified
153,石墨山,"1,456",1,https://yamap.com/activities/20542185,2,,,東温市,2022,〇,10月,,〇,〇,〇,★,☆,★,153,153,154,csv_no,authoritative_csv_no,,csv_existing_gps,csv_provided_unverified
154,法師山,"1,310",1,https://yamap.com/activities/20542185,2,,,東温市,2022,,10月,,,,,,,,154,154,155,csv_no,authoritative_csv_no,,csv_existing_gps,csv_provided_unverified
155,白猪山,"1,202",1,https://yamap.com/activities/20542185,2,,,東温市,2022,〇,10月,,,,,,,,155,155,156,csv_no,authoritative_csv_no,,csv_existing_gps,csv_provided_unverified
156,梅ヶ谷山,"1,316",1,https://yamap.com/activities/20542185,2,,,東温市,2022,,10月,,,〇,,,,,156,156,157,csv_no,authoritative_csv_no,,csv_existing_gps,csv_provided_unverified
157,樽谷山,"1,255",1,https://yamap.com/activities/20542185,2,,,東温市,2022,,10月,,,,〇,,,,157,157,158,csv_no,authoritative_csv_no,,csv_existing_gps,csv_provided_unverified
158,根無山,"1,241",1,https://yamap.com/activities/20542185,2,,,東温市,2022,,10月,,,,,,,,158,158,159,csv_no,authoritative_csv_no,,csv_existing_gps,csv_provided_unverified
159,権現山,"1,594",2,https://yamap.com/activities/20769524,3,,,新居浜市,2022,〇,11月,,,,〇,,,,159,159,160,csv_no,authoritative_csv_no,,csv_existing_gps,csv_provided_unverified
160,黒岳,"1,636",1,https://yamap.com/activities/20769524,5,,,新居浜市,2022,〇,11月,,,〇,〇,,,,160,160,161,csv_no,authoritative_csv_no,,csv_existing_gps,csv_provided_unverified
161,エビラ山,"1,673",1,https://yamap.com/activities/20769524,5,,,新居浜市,2022,〇,11月,,,〇,〇,,,,161,161,162,csv_no,authoritative_csv_no,,csv_existing_gps,csv_provided_unverified
162,二ッ岳,"1,647",1,https://yamap.com/activities/20769524,3,,,新居浜市,2022,〇,11月,,〇,〇,〇,★,☆,★,162,162,163,csv_no,authoritative_csv_no,,csv_existing_gps,csv_provided_unverified
163,鹿島山,114,1,https://yamap.com/activities/20840182,1,,,松山市,2022,〇,11月,,,,,,,,163,163,164,csv_no,authoritative_csv_no,,csv_existing_gps,csv_provided_unverified
164,出石山,812,1,https://yamap.com/activities/20978991,1,〇,,大洲市,2022,,11月,,,,,★,,★,164,164,165,csv_no,authoritative_csv_no,,csv_existing_gps,csv_provided_unverified
165,綱繰山,"1,466",1,https://yamap.com/activities/21174105,3,,,新居浜市,2022,〇,11月,,,,,,,,165,165,166,csv_no,authoritative_csv_no,,csv_existing_gps,csv_provided_unverified
166,獅子舞の鼻,"1,482",1,https://yamap.com/activities/21174105,3,,,新居浜市,2022,〇,11月,,,,,,,,166,166,167,csv_no,authoritative_csv_no,,csv_existing_gps,csv_provided_unverified
167,冠山,"1,731",1,https://yamap.com/activities/21174105,3,,,新居浜市,2022,〇,11月,,,〇,〇,,,,167,167,168,csv_no,authoritative_csv_no,,csv_existing_gps,csv_provided_unverified
168,遠ヶ森,728,1,https://yamap.com/activities/21456728,3,,,松山市,2022,〇,12月,,,,,,,,168,168,169,csv_no,authoritative_csv_no,,csv_existing_gps,csv_provided_unverified
169,扇山,200,1,https://yamap.com/activities/21457449,1,,,砥部町,2022,,12月,,,,,,,,169,169,170,csv_no,authoritative_csv_no,,csv_existing_gps,csv_provided_unverified
170,高山,135,1,https://yamap.com/activities/21589436,1,,,今治市,2022,,12月,,,,,,,,170,170,171,csv_no,authoritative_csv_no,,csv_existing_gps,csv_provided_unverified
171,塔ノ峰,150,1,https://yamap.com/activities/21590134,1,,,今治市,2022,,12月,,,,,,,,171,171,172,csv_no,authoritative_csv_no,,csv_existing_gps,csv_provided_unverified
172,海山,155,1,https://yamap.com/activities/21590913,1,,,今治市,2022,,12月,,,,,,,,172,172,173,csv_no,authoritative_csv_no,,csv_existing_gps,csv_provided_unverified
173,近見山,244,1,https://yamap.com/activities/21592956,1,,,今治市,2022,,12月,,,,,,,,173,173,174,csv_no,authoritative_csv_no,,csv_existing_gps,csv_provided_unverified
174,唐子山,105,1,https://yamap.com/activities/21596150,1,,,今治市,2022,,12月,,,,,,,,174,174,175,csv_no,authoritative_csv_no,,csv_existing_gps,csv_provided_unverified
175,医王山,100,1,https://yamap.com/activities/21599402,1,,,西条市,2022,,12月,,,,,,,,175,175,176,csv_no,authoritative_csv_no,,csv_existing_gps,csv_provided_unverified
176,永納山(永納山城址),132,1,https://yamap.com/activities/21602602,1,,,西条市,2022,,12月,,,,,,,,176,176,177,csv_no,authoritative_csv_no,,csv_existing_gps,csv_provided_unverified
177,佐々久山,56,1,https://yamap.com/activities/21605174,1,,,西条市,2022,,12月,,,,,,,,177,177,178,csv_no,authoritative_csv_no,,csv_existing_gps,csv_provided_unverified
178,土亀山,50,1,https://yamap.com/activities/21696855,1,,,松山市,2022,,12月,,,,,,,,178,178,179,csv_no,authoritative_csv_no,,csv_existing_gps,csv_provided_unverified
179,天山,51,1,https://yamap.com/activities/21697421,1,,,松山市,2022,,12月,,,,,,,,179,179,180,csv_no,authoritative_csv_no,,csv_existing_gps,csv_provided_unverified
180,東山,1392,1,https://yamap.com/activities/20086190,2,,,新居浜市,2022,〇,12月,,,,,,,,180,180,181,csv_no,authoritative_csv_no,,csv_existing_gps,csv_provided_unverified
181,星岡山,75,1,https://yamap.com/activities/21699312,1,,,松山市,2022,,12月,,,,,,,,181,181,182,csv_no,authoritative_csv_no,,csv_existing_gps,csv_provided_unverified
182,河原樋山,864,1,https://yamap.com/activities/21774169,3,,,松山市,2023,〇,1月,,,,,,,,182,182,183,csv_no,authoritative_csv_no,,csv_existing_gps,csv_provided_unverified
183,真松嶺,548,1,https://yamap.com/activities/21774169,3,,,松山市,2023,〇,1月,,,,,,,,183,183,184,csv_no,authoritative_csv_no,,csv_existing_gps,csv_provided_unverified
184,柿王寺森,545,1,https://yamap.com/activities/21774169,3,,,松山市,2023,〇,1月,,,,,,,,184,184,185,csv_no,authoritative_csv_no,,csv_existing_gps,csv_provided_unverified
185,岩子山,111,1,https://yamap.com/activities/21828514,1,,,松山市,2023,,1月,,,,,,,,185,185,186,csv_no,authoritative_csv_no,,csv_existing_gps,csv_provided_unverified
186,垣生山,118,1,https://yamap.com/activities/21828514,1,,,松山市,2023,,1月,,,,,,,,186,186,187,csv_no,authoritative_csv_no,,csv_existing_gps,csv_provided_unverified
187,津田山,110,1,https://yamap.com/activities/21828514,1,,,松山市,2023,,1月,,,,,,,,187,187,188,csv_no,authoritative_csv_no,,csv_existing_gps,csv_provided_unverified
188,弁天山,130,1,https://yamap.com/activities/21828514,1,,,松山市,2023,,1月,,,,,,,,188,188,189,csv_no,authoritative_csv_no,,csv_existing_gps,csv_provided_unverified
189,権現山,491,1,https://yamap.com/activities/21864997,3,,,愛南町,2023,,1月,,,,,,,,189,189,190,csv_no,authoritative_csv_no,,csv_existing_gps,csv_provided_unverified
190,黒瀬山（黒瀬城址）,341,1,https://yamap.com/activities/21888400,2,,,西予市,2023,,1月,,,,,,,,190,190,191,csv_no,authoritative_csv_no,,csv_existing_gps,csv_provided_unverified
191,岡山（岡城址）,360,1,https://yamap.com/activities/21888400,2,,,西予市,2023,,1月,,,,,,,,191,191,192,csv_no,authoritative_csv_no,,csv_existing_gps,csv_provided_unverified
192,鉢ヶ森（鉢ヶ森城址）,434,1,https://yamap.com/activities/21888400,2,,,西予市,2023,,1月,,,,,,,,192,192,193,csv_no,authoritative_csv_no,,csv_existing_gps,csv_provided_unverified
193,護摩ヶ森（護摩ヶ森城址）,380,1,https://yamap.com/activities/21888400,2,,,西予市,2023,,1月,,,,,,,,193,193,194,csv_no,authoritative_csv_no,,csv_existing_gps,csv_provided_unverified
194,我合山（我合城址）,350,1,https://yamap.com/activities/21888400,2,,,西予市,2023,,1月,,,,,,,,194,194,195,csv_no,authoritative_csv_no,,csv_existing_gps,csv_provided_unverified
195,由良山,249,1,https://yamap.com/activities/21934144,3,,,宇和島市,2023,,1月,,〇,,,,,,195,195,196,csv_no,authoritative_csv_no,,csv_existing_gps,csv_provided_unverified
196,大森山,291,1,https://yamap.com/activities/22060688,2,,,伊方町,2023,,1月,,,,,,,,196,196,197,csv_no,authoritative_csv_no,,csv_existing_gps,csv_provided_unverified
197,見晴山,395,1,https://yamap.com/activities/22061577,1,,,伊方町,2023,,1月,,,,,,,,197,197,198,csv_no,authoritative_csv_no,,csv_existing_gps,csv_provided_unverified
198,権現山,375,1,https://yamap.com/activities/22062877,1,,,伊方町,2023,,1月,,,,,,,,198,198,199,csv_no,authoritative_csv_no,,csv_existing_gps,csv_provided_unverified
199,遠見山,130,1,https://yamap.com/activities/22065412,1,,,伊方町,2023,,1月,,,,,,,,199,199,200,csv_no,authoritative_csv_no,,csv_existing_gps,csv_provided_unverified
200,石神山,303,1,https://yamap.com/activities/22078154,2,,,伊方町,2023,,1月,,,,,,,,200,200,201,csv_no,authoritative_csv_no,,csv_existing_gps,csv_provided_unverified
201,金比羅山,203,1,https://yamap.com/activities/22078154,1,,,伊方町,2023,,1月,,,,,,,,201,201,202,csv_no,authoritative_csv_no,,csv_existing_gps,csv_provided_unverified
202,鳥越山,100,1,https://yamap.com/activities/22163782,1,,,松山市,2023,,1月,,,,,,,,202,202,203,csv_no,authoritative_csv_no,,csv_existing_gps,csv_provided_unverified
203,谷田山,78,1,https://yamap.com/activities/22167454,1,,,松山市,2023,,1月,,,,,,,,203,203,204,csv_no,authoritative_csv_no,,csv_existing_gps,csv_provided_unverified
204,金毘羅山,41,1,https://yamap.com/activities/22167454,1,,,松山市,2023,,1月,,,,,,,,204,204,205,csv_no,authoritative_csv_no,,csv_existing_gps,csv_provided_unverified
205,佐古田山,77,1,https://yamap.com/activities/22169885,1,,,松山市,2023,,1月,,,,,,,,205,205,206,csv_no,authoritative_csv_no,,csv_existing_gps,csv_provided_unverified
206,古城山,202,1,https://yamap.com/activities/22176647,2,,,松山市,2023,,1月,,,,,,,,206,206,207,csv_no,authoritative_csv_no,,csv_existing_gps,csv_provided_unverified
207,尾崎山,260,1,https://yamap.com/activities/22176647,2,,,松山市,2023,,1月,,,,,,,,207,207,208,csv_no,authoritative_csv_no,,csv_existing_gps,csv_provided_unverified
208,宝ヶ峯,284,2,https://yamap.com/activities/22807837,1,,,松山市,2023,〇,3月,,,,,,,,208,208,209,csv_no,authoritative_csv_no,,csv_existing_gps,csv_provided_unverified
209,淡路ヶ峠,273,3,https://yamap.com/activities/22807837,1,〇,,松山市,2023,〇,3月,,,,,,,,209,209,210,csv_no,authoritative_csv_no,,csv_existing_gps,csv_provided_unverified
210,福見山,"1,051",2,https://yamap.com/activities/22917822,2,,,松山市,2023,〇,3月,,〇,〇,〇,,,,210,210,211,csv_no,authoritative_csv_no,,csv_existing_gps,csv_provided_unverified
211,明神ヶ森,"1,217",2,https://yamap.com/activities/22917822,2,,,松山市,2023,〇,3月,,〇,〇,〇,★,☆,★,211,211,212,csv_no,authoritative_csv_no,,csv_existing_gps,csv_provided_unverified
212,南三方ヶ森,"1,156",3,https://yamap.com/activities/22917822,3,,,松山市,2023,〇,3月,,,,,,,,212,212,213,csv_no,authoritative_csv_no,,csv_existing_gps,csv_provided_unverified
213,魚谷森,"1,005",3,https://yamap.com/activities/22917822,3,,,松山市,2023,〇,3月,,,,,,,,213,213,214,csv_no,authoritative_csv_no,,csv_existing_gps,csv_provided_unverified
214,左谷ノ森,932,4,https://yamap.com/activities/22917822,3,,,松山市,2023,〇,3月,,,,,,,,214,214,215,csv_no,authoritative_csv_no,,csv_existing_gps,csv_provided_unverified
215,真城ヶ台,587,1,https://yamap.com/activities/22997019,3,,,松山市,2023,〇,3月,,,,,,,,215,215,216,csv_no,authoritative_csv_no,,csv_existing_gps,csv_provided_unverified
216,千羽ヶ岳,412,1,https://yamap.com/activities/23107258,3,,,西条市,2023,〇,3月,,,,,,,,216,216,217,csv_no,authoritative_csv_no,,csv_existing_gps,csv_provided_unverified
217,皿ヶ嶺,"1,278",2,https://yamap.com/activities/16663708,1,〇,,東温市,2023,〇,3月,,〇,〇,〇,★,☆,★,217,217,218,csv_no,authoritative_csv_no,,csv_existing_gps,csv_provided_unverified
218,えんとつ山,127,1,https://yamap.com/activities/23230342,1,,,新居浜市,2023,,3月,,,,,,,,218,218,219,csv_no,authoritative_csv_no,,csv_existing_gps,csv_provided_unverified
219,生子山,301,1,https://yamap.com/activities/23230342,1,,,新居浜市,2023,,3月,,,,,,,,219,219,220,csv_no,authoritative_csv_no,,csv_existing_gps,csv_provided_unverified
220,犬返,576,1,https://yamap.com/activities/23230342,1,,,新居浜市,2023,,3月,,,,,,,,220,220,221,csv_no,authoritative_csv_no,,csv_existing_gps,csv_provided_unverified
221,種子川山,539,1,https://yamap.com/activities/23230342,2,,,新居浜市,2023,,3月,,,,,,,,221,221,222,csv_no,authoritative_csv_no,,csv_existing_gps,csv_provided_unverified
222,西赤石山,"1,626",2,https://yamap.com/activities/23230342,3,,,新居浜市,2023,,3月,,,〇,〇,★,☆,★,222,222,223,csv_no,authoritative_csv_no,,csv_existing_gps,csv_provided_unverified
223,物住頭,"1,635",2,https://yamap.com/activities/23230342,3,,,新居浜市,2023,〇,3月,,,,〇,,,,223,223,224,csv_no,authoritative_csv_no,,csv_existing_gps,csv_provided_unverified
224,上兜山,"1,559",1,https://yamap.com/activities/23230342,5,,,新居浜市,2023,〇,3月,,,,〇,,,,224,224,225,csv_no,authoritative_csv_no,,csv_existing_gps,csv_provided_unverified
225,下兜山,"1,234",1,https://yamap.com/activities/23230342,5,,,新居浜市,2023,〇,3月,,,,〇,,,,225,225,226,csv_no,authoritative_csv_no,,csv_existing_gps,csv_provided_unverified
226,黒森山,"1,154",1,https://yamap.com/activities/23372854,3,,,松山市,2023,〇,4月,,〇,〇,〇,,,★,226,226,227,csv_no,authoritative_csv_no,,csv_existing_gps,csv_provided_unverified
227,菊ヶ森,914,1,https://yamap.com/activities/23456299,3,,,久万高原町,2023,〇,4月,,,,,,,★,227,227,228,csv_no,authoritative_csv_no,,csv_existing_gps,csv_provided_unverified
228,餓鬼ヶ森,954,1,https://yamap.com/activities/23456299,3,,,久万高原町,2023,〇,4月,,,,,,,★,228,228,229,csv_no,authoritative_csv_no,,csv_existing_gps,csv_provided_unverified
229,船野山,412,1,https://yamap.com/activities/23610620,3,,,東温市,2023,〇,4月,,,,,,,,229,229,230,csv_no,authoritative_csv_no,,csv_existing_gps,csv_provided_unverified
230,木久ヶ森,752,1,https://yamap.com/activities/23615484,3,,,西条市,2023,〇,4月,,,,,,,,230,230,231,csv_no,authoritative_csv_no,,csv_existing_gps,csv_provided_unverified
231,黒滝山,809,1,https://yamap.com/activities/23615484,3,,,西条市,2023,〇,4月,,,,,,,,231,231,232,csv_no,authoritative_csv_no,,csv_existing_gps,csv_provided_unverified
232,奥之城山,420,2,https://yamap.com/activities/15945836,1,,,松山市,2023,,4月,,,,,,,,232,232,233,csv_no,authoritative_csv_no,,csv_existing_gps,csv_provided_unverified
233,天狗岳,"1,982",2,https://yamap.com/activities/17465823,2,,,久万高原町,2023,,5月,,〇,〇,〇,,,,233,233,234,csv_no,authoritative_csv_no,,csv_existing_gps,csv_provided_unverified
234,石鎚山,"1,972",4,https://yamap.com/activities/19748541,2,〇,,久万高原町,2023,,5月,,〇,〇,〇,★,☆,★,234,234,235,csv_no,authoritative_csv_no,,csv_existing_gps,csv_provided_unverified
235,善神山,"1,094",1,https://yamap.com/activities/24526430,3,,,東温市,2023,,5月,,,,,,,,235,235,236,csv_no,authoritative_csv_no,,csv_existing_gps,csv_provided_unverified
236,前善神山,"1,070",1,https://yamap.com/activities/24526430,3,,,東温市,2023,〇,5月,,,,,,,,236,236,237,csv_no,authoritative_csv_no,,csv_existing_gps,csv_provided_unverified
237,五葉が森,841,1,https://yamap.com/activities/24842919,3,,,今治市,2023,,6月,,,,,,,,237,237,238,csv_no,authoritative_csv_no,,csv_existing_gps,csv_provided_unverified
238,冠岳,"1,380",1,https://yamap.com/activities/26580294,4,,,久万高原町,2023,〇,8月,,,,〇,,,,238,238,239,csv_no,authoritative_csv_no,,csv_existing_gps,csv_provided_unverified
239,東赤石山,"1,710",2,https://yamap.com/activities/20086190,3,,,新居浜市,2023,〇,9月,,〇,〇,〇,★,☆,★,239,239,240,csv_no,authoritative_csv_no,,csv_existing_gps,csv_provided_unverified
240,八巻山,"1,698",2,https://yamap.com/activities/20086190,3,,,新居浜市,2023,〇,9月,,,,,,,,240,240,241,csv_no,authoritative_csv_no,,csv_existing_gps,csv_provided_unverified
241,ベツソ山,266,1,https://yamap.com/activities/27393055,3,,,伊予市,2023,,10月,,,,,,,,241,241,242,csv_no,authoritative_csv_no,,csv_existing_gps,csv_provided_unverified
242,歯朶谷山,314,1,https://yamap.com/activities/27393055,3,,,伊予市,2023,,10月,,,,,,,,242,242,243,csv_no,authoritative_csv_no,,csv_existing_gps,csv_provided_unverified
243,丸山,624,1,https://yamap.com/activities/27410763,3,,,今治市,2023,〇,10月,,,,,,,,243,243,244,csv_no,authoritative_csv_no,,csv_existing_gps,csv_provided_unverified
244,二ノ岳,"1,156",1,https://yamap.com/activities/27625682,3,,,久万高原町,2023,〇,10月,,,,〇,,,,244,244,245,csv_no,authoritative_csv_no,,csv_existing_gps,csv_provided_unverified
245,高森,"1,360",1,https://yamap.com/activities/27625682,3,,,久万高原町,2023,〇,10月,,,,〇,,,,245,245,246,csv_no,authoritative_csv_no,,csv_existing_gps,csv_provided_unverified
246,四辻ノ森,"1,201",1,https://yamap.com/activities/28123419,5,,,久万高原町,2023,,11月,,,,〇,,,★,246,246,247,csv_no,authoritative_csv_no,,csv_existing_gps,csv_provided_unverified
247,三光ノ辻山,"1,215",1,https://yamap.com/activities/28123419,5,,,久万高原町,2023,,11月,,,,〇,,,★,247,247,248,csv_no,authoritative_csv_no,,csv_existing_gps,csv_provided_unverified
248,瀬戸黒森,976,1,https://yamap.com/activities/28270130,4,,,愛南町,2023,,11月,,,,,,,,248,248,249,csv_no,authoritative_csv_no,,csv_existing_gps,csv_provided_unverified
249,羽子山,730,1,https://yamap.com/activities/28270130,4,,,愛南町,2023,,11月,,,,,,,,249,249,250,csv_no,authoritative_csv_no,,csv_existing_gps,csv_provided_unverified
250,観音森,779,1,https://yamap.com/activities/28270130,4,,,愛南町,2023,,11月,,,,,,,,250,250,251,csv_no,authoritative_csv_no,,csv_existing_gps,csv_provided_unverified
251,三森,867,1,https://yamap.com/activities/28270130,4,,,愛南町,2023,,11月,,,,,,,,251,251,252,csv_no,authoritative_csv_no,,csv_existing_gps,csv_provided_unverified
252,総津権現山,440,1,https://yamap.com/activities/28786782,1,〇,,砥部町,2023,,12月,,〇,〇,,,,★,252,252,253,csv_no,authoritative_csv_no,,csv_existing_gps,csv_provided_unverified
253,秦皇山,874,1,https://yamap.com/activities/28788628,1,,,伊予市,2023,,12月,,,,,,,★,253,253,254,csv_no,authoritative_csv_no,,csv_existing_gps,csv_provided_unverified
254,平岡山(平岡城址),414,1,https://yamap.com/activities/28790948,1,,,伊予市,2023,,12月,,,,,,,,254,254,255,csv_no,authoritative_csv_no,,csv_existing_gps,csv_provided_unverified
255,竜門山,439,1,https://yamap.com/activities/29318444,2,,,西条市,2024,,1月,,,,,,,,255,255,256,csv_no,authoritative_csv_no,,csv_existing_gps,csv_provided_unverified
256,大黒山,321,1,https://yamap.com/activities/29318444,2,,,西条市,2024,,1月,,,,,,,,256,256,257,csv_no,authoritative_csv_no,,csv_existing_gps,csv_provided_unverified
257,大空山,352,1,https://yamap.com/activities/29473138,3,,,大三島,2024,,1月,,,,,,,,257,257,258,csv_no,authoritative_csv_no,,csv_existing_gps,csv_provided_unverified
258,御串山,66,1,https://yamap.com/activities/29474188,1,,,大三島,2024,,1月,,,,,,,,258,258,259,csv_no,authoritative_csv_no,,csv_existing_gps,csv_provided_unverified
259,宝股山,304,1,https://yamap.com/activities/29488111,1,,,伯方島,2024,,1月,,,,,,,,259,259,260,csv_no,authoritative_csv_no,,csv_existing_gps,csv_provided_unverified
260,開山,149,1,https://yamap.com/activities/29492158,1,,,伯方島,2024,,1月,,,,,,,,260,260,261,csv_no,authoritative_csv_no,,csv_existing_gps,csv_provided_unverified
261,鳥屋ヶ森,322,1,https://yamap.com/activities/29712865,2,,,宇和島市,2024,,2月,,,,,,,,261,261,262,csv_no,authoritative_csv_no,,csv_existing_gps,csv_provided_unverified
262,熊ガ峰,343,1,https://yamap.com/activities/29720992,2,,,宇和島市,2024,〇,2月,,,,,,,,262,262,263,csv_no,authoritative_csv_no,,csv_existing_gps,csv_provided_unverified
263,権現山,489,1,https://yamap.com/activities/29739163,2,,,宇和島市,2024,,2月,,,,,,,,263,263,264,csv_no,authoritative_csv_no,,csv_existing_gps,csv_provided_unverified
264,大黒山,"1,106",1,https://yamap.com/activities/29893880,3,,,宇和島市,2024,,2月,,,,〇,,,,264,264,265,csv_no,authoritative_csv_no,,csv_existing_gps,csv_provided_unverified
265,譲ヶ葉森,"1,016",1,https://yamap.com/activities/29893880,2,,,宇和島市,2024,,2月,,〇,,〇,★,☆,★,265,265,266,csv_no,authoritative_csv_no,,csv_existing_gps,csv_provided_unverified
266,郭公岳,"1,010",1,https://yamap.com/activities/30009031,3,,,宇和島市,2024,〇,2月,,,,〇,,,★,266,266,267,csv_no,authoritative_csv_no,,csv_existing_gps,csv_provided_unverified
267,東高月山,"1,181",1,https://yamap.com/activities/30009031,3,,,宇和島市,2024,〇,2月,,,,,,,,267,267,268,csv_no,authoritative_csv_no,,csv_existing_gps,csv_provided_unverified
268,高月山,"1,229",1,https://yamap.com/activities/30009031,3,,,宇和島市,2024,〇,2月,,〇,〇,〇,★,☆,★,268,268,269,csv_no,authoritative_csv_no,,csv_existing_gps,csv_provided_unverified
269,櫨ヶ森,"1,064",1,https://yamap.com/activities/30009031,1,,,宇和島市,2024,〇,2月,,,,,,,,269,269,270,csv_no,authoritative_csv_no,,csv_existing_gps,csv_provided_unverified
270,毛山,"1,089",2,https://yamap.com/activities/30009031,1,,,宇和島市,2024,〇,2月,,,,〇,,,,270,270,271,csv_no,authoritative_csv_no,,csv_existing_gps,csv_provided_unverified
271,白石山,648,1,https://yamap.com/activities/30140047,2,,,愛南町,2024,,3月,,,,,,,,271,271,272,csv_no,authoritative_csv_no,,csv_existing_gps,csv_provided_unverified
272,観音岳,782,1,https://yamap.com/activities/30141050,1,,,愛南町,2024,,3月,,,,,,,,272,272,273,csv_no,authoritative_csv_no,,csv_existing_gps,csv_provided_unverified
273,音無山,850,1,https://yamap.com/activities/30154001,3,,,宇和島市,2024,,3月,,,,,,,,273,273,274,csv_no,authoritative_csv_no,,csv_existing_gps,csv_provided_unverified
274,天ガ森,331,1,https://yamap.com/activities/30171840,2,,,宇和島市,2024,,3月,,,,,,,,274,274,275,csv_no,authoritative_csv_no,,csv_existing_gps,csv_provided_unverified
275,夫婦山,387,1,https://yamap.com/activities/30276721,2,,,松山市,2024,,3月,,,,,,,,275,275,276,csv_no,authoritative_csv_no,,csv_existing_gps,csv_provided_unverified
276,白山,327,1,https://yamap.com/activities/30276721,2,,,松山市,2024,,3月,,,,,,,,276,276,277,csv_no,authoritative_csv_no,,csv_existing_gps,csv_provided_unverified
277,観音山,360,1,https://yamap.com/activities/30276721,2,,,松山市,2024,,3月,,,,,,,,277,277,278,csv_no,authoritative_csv_no,,csv_existing_gps,csv_provided_unverified
278,国見山,380,1,https://yamap.com/activities/30276721,2,,,松山市,2024,,3月,,,,,,,,278,278,279,csv_no,authoritative_csv_no,,csv_existing_gps,csv_provided_unverified
279,城山,244,1,https://yamap.com/activities/30276721,2,,,松山市,2024,,3月,,,,,,,,279,279,280,csv_no,authoritative_csv_no,,csv_existing_gps,csv_provided_unverified
280,御勧請山,327,1,https://yamap.com/activities/30276721,1,,,松山市,2024,,3月,,,,,,,,280,280,281,csv_no,authoritative_csv_no,,csv_existing_gps,csv_provided_unverified
281,トギ,391,1,https://yamap.com/activities/30377402,3,,,大洲市,2024,〇,3月,,,,,,,,281,281,282,csv_no,authoritative_csv_no,,csv_existing_gps,csv_provided_unverified
282,張木山,468,1,https://yamap.com/activities/30377402,3,,,大洲市,2024,,3月,,,,,,,,282,282,283,csv_no,authoritative_csv_no,,csv_existing_gps,csv_provided_unverified
283,高手山,381,1,https://yamap.com/activities/30377402,3,,,大洲市,2024,,3月,,,,,,,,283,283,284,csv_no,authoritative_csv_no,,csv_existing_gps,csv_provided_unverified
284,斎藤山,459,1,https://yamap.com/activities/30390268,1,〇,,大洲市,2024,,3月,,,,,,,,284,284,285,csv_no,authoritative_csv_no,,csv_existing_gps,csv_provided_unverified
285,御祝山,999,1,https://yamap.com/activities/30609975,4,,,松野町,2024,〇,3月,,,,,,,,285,285,286,csv_no,authoritative_csv_no,,csv_existing_gps,csv_provided_unverified
286,横ノ森,"1,200",2,https://yamap.com/activities/30609975,4,,,松野町,2024,〇,3月,,,,,,,,286,286,287,csv_no,authoritative_csv_no,,csv_existing_gps,csv_provided_unverified
287,小屋ヶ森,"1,184",2,https://yamap.com/activities/30609975,4,,,松野町,2024,〇,3月,,,,,,,,287,287,288,csv_no,authoritative_csv_no,,csv_existing_gps,csv_provided_unverified
288,串ヶ森,"1,160",1,https://yamap.com/activities/30609975,4,,,松野町,2024,〇,3月,,,,,,,,288,288,289,csv_no,authoritative_csv_no,,csv_existing_gps,csv_provided_unverified
289,目黒鳥屋,"1,157",1,https://yamap.com/activities/30609975,4,,,松野町,2024,〇,3月,,,,〇,,,,289,289,290,csv_no,authoritative_csv_no,,csv_existing_gps,csv_provided_unverified
290,長尾森,"1,180",1,https://yamap.com/activities/30609975,4,,,松野町,2024,〇,3月,,,,,,,,290,290,291,csv_no,authoritative_csv_no,,csv_existing_gps,csv_provided_unverified
291,二箆山,"1,169",1,https://yamap.com/activities/30816685,2,,,久万高原町,2024,,4月,,,,〇,,,★,291,291,292,csv_no,authoritative_csv_no,,csv_existing_gps,csv_provided_unverified
292,西雑誌山,"1,341",1,https://yamap.com/activities/30816685,2,,,久万高原町,2024,,4月,,,,,,,,292,292,293,csv_no,authoritative_csv_no,,csv_existing_gps,csv_provided_unverified
293,気多山,"1,218",1,https://yamap.com/activities/31098993,4,,,久万高原町,2024,,4月,,,,〇,,,★,293,293,294,csv_no,authoritative_csv_no,,csv_existing_gps,csv_provided_unverified
294,八辻ノ峰,"1,724",1,https://yamap.com/activities/31098993,4,,,久万高原町,2024,,4月,,,,,,,,294,294,295,csv_no,authoritative_csv_no,,csv_existing_gps,csv_provided_unverified
295,五代ヶ森,"1,711",1,https://yamap.com/activities/31098993,5,,,久万高原町,2024,,4月,,,,〇,,,,295,295,296,csv_no,authoritative_csv_no,,csv_existing_gps,csv_provided_unverified
296,桂ヶ森,"1,224",1,https://yamap.com/activities/31210522,3,,,久万高原町,2024,,4月,,,,〇,,,★,296,296,297,csv_no,authoritative_csv_no,,csv_existing_gps,csv_provided_unverified
297,狼ヶ城山,"1,380",1,https://yamap.com/activities/31238258,3,,,久万高原町,2024,,4月,,,,〇,,,,297,297,298,csv_no,authoritative_csv_no,,csv_existing_gps,csv_provided_unverified
298,日浦嶺,901,1,https://yamap.com/activities/31279084,3,,,久万高原町,2024,,4月,,,,,,,,298,298,299,csv_no,authoritative_csv_no,,csv_existing_gps,csv_provided_unverified
299,打越山,860,1,https://yamap.com/activities/31279084,3,,,久万高原町,2024,,4月,,,,,,,,299,299,300,csv_no,authoritative_csv_no,,csv_existing_gps,csv_provided_unverified
300,面河山,"1,521",1,https://yamap.com/activities/31444117,3,,,久万高原町,2024,〇,5月,,,〇,〇,,,,300,300,301,csv_no,authoritative_csv_no,,csv_existing_gps,csv_provided_unverified
301,丸笹山,"1,535",1,https://yamap.com/activities/31683137,3,,,久万高原町,2024,,5月,,,,〇,,,,301,301,302,csv_no,authoritative_csv_no,,csv_existing_gps,csv_provided_unverified
302,丸滝山,"1,556",1,https://yamap.com/activities/31711263,3,,,久万高原町,2024,,5月,,,,〇,,,,302,302,303,csv_no,authoritative_csv_no,,csv_existing_gps,csv_provided_unverified
303,名石山,297,1,https://yamap.com/activities/31778883,1,,,松山市,2024,,5月,,,,,,,,303,303,304,csv_no,authoritative_csv_no,,csv_existing_gps,csv_provided_unverified
304,青刈山,342,2,https://yamap.com/activities/31912430,2,,,大三島,2024,,5月,,,,,,,,304,304,305,csv_no,authoritative_csv_no,,csv_existing_gps,csv_provided_unverified
305,椿山,"1,585",1,https://yamap.com/activities/32204862,5,,,久万高原町,2024,〇,6月,,,,〇,,,,305,305,306,csv_no,authoritative_csv_no,,csv_existing_gps,csv_provided_unverified
306,黒森山,"1,678",1,https://yamap.com/activities/32377948,3,,,西条市,2024,,6月,,〇,,〇,,,★,306,306,307,csv_no,authoritative_csv_no,,csv_existing_gps,csv_provided_unverified
307,沓掛山,"1,691",1,https://yamap.com/activities/32377948,2,,,西条市,2024,,6月,,〇,,〇,,,★,307,307,308,csv_no,authoritative_csv_no,,csv_existing_gps,csv_provided_unverified
308,二反山,395,4,https://yamap.com/activities/32492709,2,,,大三島,2024,,6月,,,,,,,,308,308,309,csv_no,authoritative_csv_no,,csv_existing_gps,csv_provided_unverified
309,平家平,"1,693",2,https://yamap.com/activities/32551903,2,〇,,新居浜市,2024,〇,6月,,〇,〇,〇,★,☆,★,309,309,310,csv_no,authoritative_csv_no,,csv_existing_gps,csv_provided_unverified
310,薬師山,435,4,https://yamap.com/activities/32563611,2,,,大三島,2024,,6月,,,,,,,,310,310,311,csv_no,authoritative_csv_no,,csv_existing_gps,csv_provided_unverified
311,子持権現山,"1,673",1,https://yamap.com/activities/32926277,5,,,西条市,2024,,7月,,,,〇,,,,311,311,312,csv_no,authoritative_csv_no,,csv_existing_gps,csv_provided_unverified
312,男山,"1,838",3,https://yamap.com/activities/47890352,1,〇,,西条市,2024,〇,7月,,,〇,,,,,312,312,313,csv_no,authoritative_csv_no,,csv_existing_gps,csv_provided_unverified
313,瓶ヶ森,"1,897",3,https://yamap.com/activities/47890352,1,〇,,西条市,2024,〇,7月,,〇,〇,〇,★,☆,★,313,313,314,csv_no,authoritative_csv_no,,csv_existing_gps,csv_provided_unverified
314,宅並山,200,1,https://yamap.com/activities/32996557,1,,,松山市,2024,,7月,,,,,,,,314,314,315,csv_no,authoritative_csv_no,,csv_existing_gps,csv_provided_unverified
315,岩屋山,786,1,https://yamap.com/activities/33413387,2,,,久万高原町,2024,,7月,,,,,,,,315,315,316,csv_no,authoritative_csv_no,,csv_existing_gps,csv_provided_unverified
316,高縄山,993,3,https://yamap.com/activities/33532007,1,〇,,松山市,2024,〇,8月,,〇,〇,,★,☆,★,316,316,317,csv_no,authoritative_csv_no,,csv_existing_gps,csv_provided_unverified
317,伊予富士,"1,756",1,https://yamap.com/activities/34378242,2,,,西条市,2024,〇,9月,,〇,〇,〇,★,☆,★,317,317,318,csv_no,authoritative_csv_no,,csv_existing_gps,csv_provided_unverified
318,中津山(明神山),"1,541",1,https://yamap.com/activities/34608189,2,,,久万高原町,2024,,9月,,〇,,〇,★,☆,★,318,318,319,csv_no,authoritative_csv_no,,csv_existing_gps,csv_provided_unverified
319,猿越山,"1,435",1,https://yamap.com/activities/34608189,3,,,久万高原町,2024,,9月,,,,,,,,319,319,320,csv_no,authoritative_csv_no,,csv_existing_gps,csv_provided_unverified
320,銅山峰,"1,330",2,https://yamap.com/activities/34865968,2,〇,,新居浜市,2024,,10月,,,,,,,,320,320,321,csv_no,authoritative_csv_no,,csv_existing_gps,csv_provided_unverified
321,西山,"1,429",2,https://yamap.com/activities/34865968,2,,,新居浜市,2024,〇,10月,,,,〇,,,,321,321,322,csv_no,authoritative_csv_no,,csv_existing_gps,csv_provided_unverified
322,三の森,"1,154",1,https://yamap.com/activities/34865968,3,,,新居浜市,2024,〇,10月,,,,〇,,,,322,322,323,csv_no,authoritative_csv_no,,csv_existing_gps,csv_provided_unverified
323,二の森,"1,040",1,https://yamap.com/activities/34865968,3,,,新居浜市,2024,〇,10月,,,,,,,,323,323,324,csv_no,authoritative_csv_no,,csv_existing_gps,csv_provided_unverified
324,一の森,832,1,https://yamap.com/activities/34865968,3,,,新居浜市,2024,〇,10月,,,,,,,,324,324,325,csv_no,authoritative_csv_no,,csv_existing_gps,csv_provided_unverified
325,三ッ足山,"1,103",1,https://yamap.com/activities/35193395,4,,,四国中央市,2024,〇,10月,,,,〇,,,,325,325,326,csv_no,authoritative_csv_no,,csv_existing_gps,csv_provided_unverified
326,カガマシ山,"1,343",1,https://yamap.com/activities/35193395,4,,,四国中央市,2024,〇,10月,,〇,,〇,★,,★,326,326,327,csv_no,authoritative_csv_no,,csv_existing_gps,csv_provided_unverified
327,橡尾山,"1,222",1,https://yamap.com/activities/35193395,4,,,四国中央市,2024,〇,10月,,〇,,〇,,,★,327,327,328,csv_no,authoritative_csv_no,,csv_existing_gps,csv_provided_unverified
328,笹ヶ峰,"1,019",1,https://yamap.com/activities/35193395,4,,,四国中央市,2024,〇,10月,,〇,,〇,,☆,★,328,328,329,csv_no,authoritative_csv_no,,csv_existing_gps,csv_provided_unverified
329,ハネズル山,"1,299",1,https://yamap.com/activities/35294207,3,,,四国中央市,2024,〇,10月,,〇,,〇,,,★,329,329,330,csv_no,authoritative_csv_no,,csv_existing_gps,csv_provided_unverified
330,天堤山,"1,147",1,https://yamap.com/activities/35299950,3,,,四国中央市,2024,〇,10月,,,,〇,,,,330,330,331,csv_no,authoritative_csv_no,,csv_existing_gps,csv_provided_unverified
331,五郎丸,595,1,https://yamap.com/activities/36316517,3,,,四国中央市,2024,,12月,,,,,,,,331,331,332,csv_no,authoritative_csv_no,,csv_existing_gps,csv_provided_unverified
332,高丸,589,1,https://yamap.com/activities/36316517,3,,,四国中央市,2024,,12月,,,,,,,,332,332,333,csv_no,authoritative_csv_no,,csv_existing_gps,csv_provided_unverified
333,金見山,596,1,https://yamap.com/activities/36316517,3,,,四国中央市,2024,,12月,,〇,〇,,,,★,333,333,334,csv_no,authoritative_csv_no,,csv_existing_gps,csv_provided_unverified
334,木峰,594,1,https://yamap.com/activities/36316517,3,,,四国中央市,2024,,12月,,,,,,,,334,334,335,csv_no,authoritative_csv_no,,csv_existing_gps,csv_provided_unverified
335,天狗森,535,1,https://yamap.com/activities/36316517,3,,,四国中央市,2024,,12月,,,,,,,,335,335,336,csv_no,authoritative_csv_no,,csv_existing_gps,csv_provided_unverified
336,唐谷山,485,1,https://yamap.com/activities/36316517,3,,,四国中央市,2024,,12月,,,,,,,,336,336,337,csv_no,authoritative_csv_no,,csv_existing_gps,csv_provided_unverified
337,龍王山,450,1,https://yamap.com/activities/36316517,3,,,四国中央市,2024,,12月,,,,,,,,337,337,338,csv_no,authoritative_csv_no,,csv_existing_gps,csv_provided_unverified
338,大谷山,507,1,https://yamap.com/activities/36316517,2,,,四国中央市,2024,,12月,,〇,〇,,,,★,338,338,339,csv_no,authoritative_csv_no,,csv_existing_gps,csv_provided_unverified
339,城山,62,1,https://yamap.com/activities/36324491,1,,,四国中央市,2024,,12月,,,,,,,,339,339,340,csv_no,authoritative_csv_no,,csv_existing_gps,csv_provided_unverified
340,本尊山,187,1,https://yamap.com/activities/36473567,3,,,伊予市,2024,,12月,,,,,,,★,340,340,341,csv_no,authoritative_csv_no,,csv_existing_gps,csv_provided_unverified
341,秋葉山,631,1,https://yamap.com/activities/36473567,3,,,伊予市,2024,,12月,,,,,,,,341,341,342,csv_no,authoritative_csv_no,,csv_existing_gps,csv_provided_unverified
342,立烏帽子山,536,1,https://yamap.com/activities/36473567,3,,,伊予市,2024,,12月,,,,,,,,342,342,343,csv_no,authoritative_csv_no,,csv_existing_gps,csv_provided_unverified
343,明神山,634,1,https://yamap.com/activities/36473567,3,,,伊予市,2024,,12月,,,,,,,★,343,343,344,csv_no,authoritative_csv_no,,csv_existing_gps,csv_provided_unverified
344,陣が森,538,1,https://yamap.com/activities/36604386,1,,,松山市,2024,,12月,,,,,,,,344,344,345,csv_no,authoritative_csv_no,,csv_existing_gps,csv_provided_unverified
345,岩が森,413,1,https://yamap.com/activities/36604386,2,,,松山市,2024,,12月,,,,,,,,345,345,346,csv_no,authoritative_csv_no,,csv_existing_gps,csv_provided_unverified
346,スクモ塚,283,1,https://yamap.com/activities/36604386,2,,,松山市,2024,,12月,,,,,,,,346,346,347,csv_no,authoritative_csv_no,,csv_existing_gps,csv_provided_unverified
347,高萩山,356,1,https://yamap.com/activities/36604386,2,,,松山市,2024,〇,12月,,,,,,,,347,347,348,csv_no,authoritative_csv_no,,csv_existing_gps,csv_provided_unverified
348,長者森,293,1,https://yamap.com/activities/36604386,2,,,今治市,2024,〇,12月,,,,,,,,348,348,349,csv_no,authoritative_csv_no,,csv_existing_gps,csv_provided_unverified
349,八倉山,257,1,https://yamap.com/activities/36701543,1,,,砥部町,2024,,12月,,,,,,,,349,349,350,csv_no,authoritative_csv_no,,csv_existing_gps,csv_provided_unverified
350,行道山,371,1,https://yamap.com/activities/36701543,1,,,砥部町,2024,,12月,,,,,,,,350,350,351,csv_no,authoritative_csv_no,,csv_existing_gps,csv_provided_unverified
351,水晶ヶ森,403,1,https://yamap.com/activities/36701543,1,,,砥部町,2024,,12月,,,,,,,,351,351,352,csv_no,authoritative_csv_no,,csv_existing_gps,csv_provided_unverified
352,笹ヶ平山,261,1,https://yamap.com/activities/36703683,1,,,砥部町,2024,,12月,,,,,,,,352,352,353,csv_no,authoritative_csv_no,,csv_existing_gps,csv_provided_unverified
353,壺神山,971,1,https://yamap.com/activities/36988248,2,,,大洲市,2025,,1月,,〇,〇,,,☆,★,353,353,354,csv_no,authoritative_csv_no,,csv_existing_gps,csv_provided_unverified
354,滝山,726,1,https://yamap.com/activities/36988248,3,,,大洲市,2025,,1月,,,,,,,,354,354,355,csv_no,authoritative_csv_no,,csv_existing_gps,csv_provided_unverified
355,足山,675,1,https://yamap.com/activities/36988248,3,,,大洲市,2025,,1月,,,,,,,,355,355,356,csv_no,authoritative_csv_no,,csv_existing_gps,csv_provided_unverified
356,皿が森,610,1,https://yamap.com/activities/36988248,3,,,大洲市,2025,,1月,,,,,,,,356,356,357,csv_no,authoritative_csv_no,,csv_existing_gps,csv_provided_unverified
357,尉之山,383,1,https://yamap.com/activities/37114706,2,,,松山市,2025,,1月,,,,,,,,357,357,358,csv_no,authoritative_csv_no,,csv_existing_gps,csv_provided_unverified
358,小山岳,435,1,https://yamap.com/activities/37114706,2,,,松山市,2025,,1月,,,,,,,,358,358,359,csv_no,authoritative_csv_no,,csv_existing_gps,csv_provided_unverified
359,勝山,385,1,https://yamap.com/activities/37120765,2,,,松山市,2025,〇,1月,,,,,,,,359,359,360,csv_no,authoritative_csv_no,,csv_existing_gps,csv_provided_unverified
360,松葉山（松葉城址）,410,1,https://yamap.com/activities/37416231,1,,,西予市,2025,,1月,,,,,,,,360,360,361,csv_no,authoritative_csv_no,,csv_existing_gps,csv_provided_unverified
361,烏殿,588,1,https://yamap.com/activities/37416231,2,,,西予市,2025,,1月,,,,,,,,361,361,362,csv_no,authoritative_csv_no,,csv_existing_gps,csv_provided_unverified
362,御篠山,384,1,https://yamap.com/activities/37416231,1,,,西予市,2025,,1月,,,,,,,,362,362,363,csv_no,authoritative_csv_no,,csv_existing_gps,csv_provided_unverified
363,天が森,393,1,https://yamap.com/activities/37479803,2,,,八幡浜市,2025,,1月,,,,,,,,363,363,364,csv_no,authoritative_csv_no,,csv_existing_gps,csv_provided_unverified
364,浄心山,781,1,https://yamap.com/activities/37479803,3,,,八幡浜市,2025,〇,1月,,,,,,,,364,364,365,csv_no,authoritative_csv_no,,csv_existing_gps,csv_provided_unverified
365,銅が鳴,767,1,https://yamap.com/activities/37479803,3,,,八幡浜市,2025,,1月,,,,,,,,365,365,366,csv_no,authoritative_csv_no,,csv_existing_gps,csv_provided_unverified
366,弥八山,263,1,https://yamap.com/activities/37542274,1,,,四国中央市,2025,,1月,,,,,,,,366,366,367,csv_no,authoritative_csv_no,,csv_existing_gps,csv_provided_unverified
367,西の山,244,1,https://yamap.com/activities/37542942,2,,,四国中央市,2025,,1月,,,,,,,,367,367,368,csv_no,authoritative_csv_no,,csv_existing_gps,csv_provided_unverified
368,北山,241,1,https://yamap.com/activities/37544167,2,,,四国中央市,2025,,1月,,,,,,,,368,368,369,csv_no,authoritative_csv_no,,csv_existing_gps,csv_provided_unverified
369,垣生山,101,1,https://yamap.com/activities/37545783,1,,,新居浜市,2025,,1月,,,,,,,,369,369,370,csv_no,authoritative_csv_no,,csv_existing_gps,csv_provided_unverified
370,金子山,146,1,https://yamap.com/activities/37547910,1,,,新居浜市,2025,,1月,,,,,,,,370,370,371,csv_no,authoritative_csv_no,,csv_existing_gps,csv_provided_unverified
371,八堂山,193,1,https://yamap.com/activities/37550157,1,,,西条市,2025,,1月,,,,,,,,371,371,372,csv_no,authoritative_csv_no,,csv_existing_gps,csv_provided_unverified
372,亀老山,301,1,https://yamap.com/activities/24963250,1,〇,,大島,2023,,6月,,,,,,,,372,372,373,csv_no,authoritative_csv_no,,csv_existing_gps,csv_provided_unverified
373,カレイ山,232,1,https://yamap.com/activities/37702991,1,,,大島,2025,,2月,,,,,,,,373,373,374,csv_no,authoritative_csv_no,,csv_existing_gps,csv_provided_unverified
374,念仏山,381,1,https://yamap.com/activities/37704032,1,,,大島,2025,,2月,,,,,,,★,374,374,375,csv_no,authoritative_csv_no,,csv_existing_gps,csv_provided_unverified
375,大頭山,264,1,https://yamap.com/activities/37707947,3,,,大島,2025,,2月,,,,,,,,375,375,376,csv_no,authoritative_csv_no,,csv_existing_gps,csv_provided_unverified
376,高取山,252,1,https://yamap.com/activities/37710332,1,,,大島,2025,,2月,,,,,,,,376,376,377,csv_no,authoritative_csv_no,,csv_existing_gps,csv_provided_unverified
377,八幡山,212,1,https://yamap.com/activities/37718049,1,,,大島,2025,,2月,,,,,,,,377,377,378,csv_no,authoritative_csv_no,,csv_existing_gps,csv_provided_unverified
378,要害山,107,1,https://yamap.com/activities/37763384,1,,,松山市,2025,,2月,,,,,,,,378,378,379,csv_no,authoritative_csv_no,,csv_existing_gps,csv_provided_unverified
379,高穴山,292,1,https://yamap.com/activities/37766140,1,,,松山市,2025,〇,2月,,,,,,,,379,379,380,csv_no,authoritative_csv_no,,csv_existing_gps,csv_provided_unverified
380,高仙山,248,1,https://yamap.com/activities/37786427,1,,,今治市,2025,,2月,,,,,,,,380,380,381,csv_no,authoritative_csv_no,,csv_existing_gps,csv_provided_unverified
381,霊仙山,156,1,https://yamap.com/activities/38070494,1,,,今治市,2025,,2月,,,,,,,,381,381,382,csv_no,authoritative_csv_no,,csv_existing_gps,csv_provided_unverified
382,若いもん山,127,1,https://yamap.com/activities/38067461,1,,,今治市,2025,,2月,,,,,,,,382,382,383,csv_no,authoritative_csv_no,,csv_existing_gps,csv_provided_unverified
383,無宗天山,313,1,https://yamap.com/activities/38067457,1,,,今治市,2025,,2月,,,,,,,,383,383,384,csv_no,authoritative_csv_no,,csv_existing_gps,csv_provided_unverified
384,綱付山,519,1,https://yamap.com/activities/38146692,2,,,西条市,2025,〇,2月,,,,,,,,384,384,385,csv_no,authoritative_csv_no,,csv_existing_gps,csv_provided_unverified
385,幻城上城,479,1,https://yamap.com/activities/38146692,1,,,西条市,2025,,2月,,,,,,,,385,385,386,csv_no,authoritative_csv_no,,csv_existing_gps,csv_provided_unverified
386,幻城下城,245,1,https://yamap.com/activities/38147328,1,,,西条市,2025,,2月,,,,,,,,386,386,387,csv_no,authoritative_csv_no,,csv_existing_gps,csv_provided_unverified
387,階上山,898,1,https://yamap.com/activities/38227665,2,,,伊予市,2025,,3月,,,,,,,,387,387,388,csv_no,authoritative_csv_no,,csv_existing_gps,csv_provided_unverified
388,姫政山,277,1,https://yamap.com/activities/38362578,2,,,大島,2025,,3月,,,,,,,,388,388,389,csv_no,authoritative_csv_no,,csv_existing_gps,csv_provided_unverified
389,館山,230,1,https://yamap.com/activities/38366596,1,〇,,大島,2025,,3月,,,,,,,,389,389,390,csv_no,authoritative_csv_no,,csv_existing_gps,csv_provided_unverified
390,高森山,309,1,https://yamap.com/activities/38474523,1,,,内子町,2025,,3月,,,,,,,,390,390,391,csv_no,authoritative_csv_no,,csv_existing_gps,csv_provided_unverified
391,大登山,364,1,https://yamap.com/activities/38475631,1,,,内子町,2025,,3月,,,,,,,,391,391,392,csv_no,authoritative_csv_no,,csv_existing_gps,csv_provided_unverified
392,高山,149,1,https://yamap.com/activities/38537444,4,,,中島,2025,,3月,,,,,,,,392,392,393,csv_no,authoritative_csv_no,,csv_existing_gps,csv_provided_unverified
393,泰ノ山,289,1,https://yamap.com/activities/38537444,4,,,中島,2025,,3月,,,,,,,,393,393,394,csv_no,authoritative_csv_no,,csv_existing_gps,csv_provided_unverified
394,大里山,296,1,https://yamap.com/activities/38537444,4,,,中島,2025,,3月,,,,,,,★,394,394,395,csv_no,authoritative_csv_no,,csv_existing_gps,csv_provided_unverified
395,北ヶ森,1010,1,https://yamap.com/activities/38638447,3,,,久万高原町,2025,,3月,,,,〇,,,,395,395,396,csv_no,authoritative_csv_no,,csv_existing_gps,csv_provided_unverified
396,高土の峰,794,1,https://yamap.com/activities/38638447,3,,,砥部町,2025,,3月,,,,,,,,396,396,397,csv_no,authoritative_csv_no,,csv_existing_gps,csv_provided_unverified
397,竜王山,460,1,https://yamap.com/activities/38765368,1,,,西予市,2025,,3月,,,,,,,,397,397,398,csv_no,authoritative_csv_no,,csv_existing_gps,csv_provided_unverified
398,岳山,606,1,https://yamap.com/activities/38766891,2,,,大洲市,2025,,3月,,,,,,,,398,398,399,csv_no,authoritative_csv_no,,csv_existing_gps,csv_provided_unverified
399,一ヶ森,597,1,https://yamap.com/activities/38767605,1,,,大洲市,2025,,3月,,,,,,,,399,399,400,csv_no,authoritative_csv_no,,csv_existing_gps,csv_provided_unverified
400,愛の森,466,1,https://yamap.com/activities/38774804,3,,,大洲市,2025,,3月,,,,,,,,400,400,401,csv_no,authoritative_csv_no,,csv_existing_gps,csv_provided_unverified
401,京の森,545,1,https://yamap.com/activities/38792934,1,,,大洲市,2025,,3月,,,,,,,,401,401,402,csv_no,authoritative_csv_no,,csv_existing_gps,csv_provided_unverified
402,大迫山,559,1,https://yamap.com/activities/38792934,2,,,大洲市,2025,,3月,,,,,,,,402,402,403,csv_no,authoritative_csv_no,,csv_existing_gps,csv_provided_unverified
403,船山,910,1,https://yamap.com/activities/38848795,2,,,久万高原町,2025,〇,4月,,,,,,,★,403,403,404,csv_no,authoritative_csv_no,,csv_existing_gps,csv_provided_unverified
404,コクゾ峰,824,1,https://yamap.com/activities/38860677,1,,,砥部町,2025,〇,4月,,,,,,,★,404,404,405,csv_no,authoritative_csv_no,,csv_existing_gps,csv_provided_unverified
405,加塚山,1065,1,https://yamap.com/activities/38951022,4,,,宇和島市,2025,〇,4月,,,,〇,,,,405,405,406,csv_no,authoritative_csv_no,,csv_existing_gps,csv_provided_unverified
406,新谷神南山,654,1,https://yamap.com/activities/39003887,2,,,大洲市,2025,,4月,,〇,〇,,,,,406,406,407,csv_no,authoritative_csv_no,,csv_existing_gps,csv_provided_unverified
407,五十崎神南山,710,1,https://yamap.com/activities/39003887,2,,,大洲市,2025,,4月,,,,,,,★,407,407,408,csv_no,authoritative_csv_no,,csv_existing_gps,csv_provided_unverified
408,笠成山,713,1,https://yamap.com/activities/39123687,2,,,砥部町,2025,,4月,,,,,,,,408,408,409,csv_no,authoritative_csv_no,,csv_existing_gps,csv_provided_unverified
409,小屋山,1344,1,https://yamap.com/activities/39224272,3,,,西予市,2025,〇,4月,,,,,,,,409,409,410,csv_no,authoritative_csv_no,,csv_existing_gps,csv_provided_unverified
410,丸石山,1327,1,https://yamap.com/activities/39224272,4,,,久万高原町,2025,〇,4月,,,,〇,,,,410,410,411,csv_no,authoritative_csv_no,,csv_existing_gps,csv_provided_unverified
411,野地峰,1279,1,https://yamap.com/activities/39474891,4,,,四国中央市,2025,〇,4月,,,,〇,,,★,411,411,412,csv_no,authoritative_csv_no,,csv_existing_gps,csv_provided_unverified
412,黒岩山,1350,1,https://yamap.com/activities/39474891,4,,,四国中央市,2025,〇,4月,,,,〇,,,,412,412,413,csv_no,authoritative_csv_no,,csv_existing_gps,csv_provided_unverified
413,大野山,1400,1,https://yamap.com/activities/39474891,4,,,四国中央市,2025,〇,4月,,,,,,,,413,413,414,csv_no,authoritative_csv_no,,csv_existing_gps,csv_provided_unverified
414,水なし山,1406,1,https://yamap.com/activities/40865479,3,,,久万高原町,2025,〇,6月,,,,〇,,,,414,414,415,csv_no,authoritative_csv_no,,csv_existing_gps,csv_provided_unverified
415,貝渚山,1422,1,https://yamap.com/activities/40865479,3,,,久万高原町,2025,〇,6月,,,,〇,,,,415,415,416,csv_no,authoritative_csv_no,,csv_existing_gps,csv_provided_unverified
416,谷崎山,1203,1,https://yamap.com/activities/41230473,2,,,西条市,2025,〇,7月,,,,,,,,416,416,417,csv_no,authoritative_csv_no,,csv_existing_gps,csv_provided_unverified
417,東黒森,1733,1,https://yamap.com/activities/41238305,2,,,西条市,2025,〇,7月,,,〇,〇,,,★,417,417,418,csv_no,authoritative_csv_no,,csv_existing_gps,csv_provided_unverified
418,伊吹山,1503,1,https://yamap.com/activities/41245493,1,,,西条市,2025,〇,7月,,,,〇,,,,418,418,419,csv_no,authoritative_csv_no,,csv_existing_gps,csv_provided_unverified
419,小牛城,1142,1,https://yamap.com/activities/42189398,1,,,久万高原町,2025,,8月,,,,〇,,,,419,419,420,csv_no,authoritative_csv_no,,csv_existing_gps,csv_provided_unverified
420,正木ノ森,1365,1,https://yamap.com/activities/42208891,4,,,久万高原町,2025,〇,8月,,,,〇,,,,420,420,421,csv_no,authoritative_csv_no,,csv_existing_gps,csv_provided_unverified
421,五段城,1455,1,https://yamap.com/activities/42192264,1,〇,,久万高原町,2025,,8月,五段高原,〇,〇,〇,,☆,,421,421,422,csv_no,authoritative_csv_no,,csv_existing_gps,csv_provided_unverified
422,天狗ノ森,1485,1,https://yamap.com/activities/42186770,1,,,久万高原町,2025,,8月,,,,〇,★,☆,★,422,422,423,csv_no,authoritative_csv_no,,csv_existing_gps,csv_provided_unverified
423,鶴ノ子ノ頭,1637,1,https://yamap.com/activities/42724560,4,,,久万高原町,2025,〇,9月,,,,〇,,,,423,423,424,csv_no,authoritative_csv_no,,csv_existing_gps,csv_provided_unverified
424,千秋寺山,157,1,https://yamap.com/activities/15707049,1,,,松山市,2022,,2月,,,,,,,,424,424,425,csv_no,authoritative_csv_no,,csv_existing_gps,csv_provided_unverified
425,黒川山,1365,1,https://yamap.com/activities/43020083,2,,,西条市,2025,〇,9月,,,,,,,,425,425,426,csv_no,authoritative_csv_no,,csv_existing_gps,csv_provided_unverified
426,前社ヶ森,1592,1,https://yamap.com/activities/43020083,2,,,西条市,2025,〇,9月,,,〇,,,,,426,426,427,csv_no,authoritative_csv_no,,csv_existing_gps,csv_provided_unverified
427,剣山,1627,1,https://yamap.com/activities/43020083,2,,,西条市,2025,〇,9月,,,〇,,,,,427,427,428,csv_no,authoritative_csv_no,,csv_existing_gps,csv_provided_unverified
428,東光森山,1486,1,https://yamap.com/activities/43183268,3,,,新居浜市,2025,〇,9月,,,,〇,,,★,428,428,429,csv_no,authoritative_csv_no,,csv_existing_gps,csv_provided_unverified
429,別子山,1374,1,https://yamap.com/activities/43183268,3,,,新居浜市,2025,〇,9月,,,,,,,,429,429,430,csv_no,authoritative_csv_no,,csv_existing_gps,csv_provided_unverified
430,三ッ森山,1429,1,https://yamap.com/activities/43408268,3,,,新居浜市,2025,〇,10月,,,,〇,,,★,430,430,431,csv_no,authoritative_csv_no,,csv_existing_gps,csv_provided_unverified
431,大座礼山,1587,1,https://yamap.com/activities/43408268,3,,,新居浜市,2025,〇,10月,,,,〇,,,,431,431,432,csv_no,authoritative_csv_no,,csv_existing_gps,csv_provided_unverified
432,三つ足山,1452,1,https://yamap.com/activities/43510643,3,,,四国中央市,2025,〇,10月,,,,,,,,432,432,433,csv_no,authoritative_csv_no,,csv_existing_gps,csv_provided_unverified
433,大森山,1433,1,https://yamap.com/activities/43510643,3,,,四国中央市,2025,〇,10月,,,,〇,,,★,433,433,434,csv_no,authoritative_csv_no,,csv_existing_gps,csv_provided_unverified
434,佐々連尾山,1404,1,https://yamap.com/activities/43510643,3,,,四国中央市,2025,〇,10月,,〇,〇,〇,,☆,★,434,434,435,csv_no,authoritative_csv_no,,csv_existing_gps,csv_provided_unverified
435,東ノ冠岳,"1,920",1,https://yamap.com/activities/18250101,4,,,久万高原町,2022,,7月,YAMAPにピーク登録なし；横を通過,,,〇,,,,435,435,436,csv_no,authoritative_csv_no,,csv_existing_gps,csv_provided_unverified
436,大峰,358,1,https://yamap.com/activities/43811493,1,,,伊方町,2025,,10月,,,,,,,,436,436,437,csv_no,authoritative_csv_no,,csv_existing_gps,csv_provided_unverified
437,堂堂山,403,1,https://yamap.com/activities/43812344,1,〇,,伊方町,2025,,10月,,,,,,,,437,437,438,csv_no,authoritative_csv_no,,csv_existing_gps,csv_provided_unverified
438,堂所山,593,1,https://yamap.com/activities/43876718,1,,,西予市,2025,,10月,,,,,,,,438,438,439,csv_no,authoritative_csv_no,,csv_existing_gps,csv_provided_unverified
439,天満山,1360,1,https://yamap.com/activities/20086190,2,,,新居浜市,2022,〇,10月,2025年に追加,,,,,,,439,439,440,csv_no,authoritative_csv_no,,csv_existing_gps,csv_provided_unverified
440,霧立山,1096,1,https://yamap.com/activities/44806322,4,,,鬼北町,2025,〇,12月,,,,〇,,,,440,440,441,csv_no,authoritative_csv_no,,csv_existing_gps,csv_provided_unverified
441,地蔵山,1126,1,https://yamap.com/activities/44806322,4,,,鬼北町,2025,〇,12月,,,,〇,,,,441,441,442,csv_no,authoritative_csv_no,,csv_existing_gps,csv_provided_unverified
442,天道ヶ頭,510,1,https://yamap.com/activities/44894200,3,,,今治市,2025,〇,12月,,,,,,,,442,442,443,csv_no,authoritative_csv_no,,csv_existing_gps,csv_provided_unverified
443,根太山,299,1,https://yamap.com/activities/44962132,3,,,大洲市,2025,,12月,,,,,,,,443,443,444,csv_no,authoritative_csv_no,,csv_existing_gps,csv_provided_unverified
444,紅葉山,376,1,https://yamap.com/activities/44958594,3,,,大洲市,2025,,12月,,,,,,,,444,444,445,csv_no,authoritative_csv_no,,csv_existing_gps,csv_provided_unverified
445,梁瀬山,372,1,https://yamap.com/activities/44958594,3,,,大洲市,2025,,12月,,,,,,,,445,445,446,csv_no,authoritative_csv_no,,csv_existing_gps,csv_provided_unverified
446,池ノ城山,589,1,https://yamap.com/activities/45030933,3,,,内子町,2025,〇,12月,,,,,,,,446,446,447,csv_no,authoritative_csv_no,,csv_existing_gps,csv_provided_unverified
447,峠ヶ森,202,1,https://yamap.com/activities/45357346,2,,,宇和島市,2026,〇,1月,,,,,,,,447,447,448,csv_no,authoritative_csv_no,,csv_existing_gps,csv_provided_unverified
448,雨森山,302,1,https://yamap.com/activities/45349128,2,,,宇和島市,2026,〇,1月,,,,,,,,448,448,449,csv_no,authoritative_csv_no,,csv_existing_gps,csv_provided_unverified
449,御在所山,668,1,https://yamap.com/activities/45404158,2,,,大洲市,2026,,1月,,〇,,,★,,★,449,449,450,csv_no,authoritative_csv_no,,csv_existing_gps,csv_provided_unverified
450,高雄山,388,1,https://yamap.com/activities/45404867,1,,,西予市,2026,〇,1月,,,,,,,,450,450,451,csv_no,authoritative_csv_no,,csv_existing_gps,csv_provided_unverified
451,陣が森岳,620,1,https://yamap.com/activities/45483289,2,,,伊予市,2026,,1月,,,,,,,,451,451,452,csv_no,authoritative_csv_no,,csv_existing_gps,csv_provided_unverified
452,黒岩岳,698,1,https://yamap.com/activities/45477282,2,,,伊予市,2026,,1月,,,,,,,,452,452,453,csv_no,authoritative_csv_no,,csv_existing_gps,csv_provided_unverified
453,大判山,798,1,https://yamap.com/activities/45624874,2,,,西予市,2026,〇,1月,,,〇,,,,★,453,453,454,csv_no,authoritative_csv_no,,csv_existing_gps,csv_provided_unverified
454,竜王の峰,534,1,https://yamap.com/activities/45626465,1,,,西予市,2026,,1月,,,,,,,,454,454,455,csv_no,authoritative_csv_no,,csv_existing_gps,csv_provided_unverified
455,船ヶ迫岳,631,1,https://yamap.com/activities/45768033,3,,,内子町,2026,,1月,,,,,,,,455,455,456,csv_no,authoritative_csv_no,,csv_existing_gps,csv_provided_unverified
456,鎌倉山,681,1,https://yamap.com/activities/45768033,3,,,内子町,2026,,1月,,,,,,,,456,456,457,csv_no,authoritative_csv_no,,csv_existing_gps,csv_provided_unverified
457,槇ノ山,439,1,https://yamap.com/activities/45848201,2,,,宇和島市,2026,,1月,,,,,,,,457,457,458,csv_no,authoritative_csv_no,,csv_existing_gps,csv_provided_unverified
458,遠見山,322,1,https://yamap.com/activities/45854802,2,,,宇和島市,2026,,1月,,,,,,,,458,458,459,csv_no,authoritative_csv_no,,csv_existing_gps,csv_provided_unverified
459,高森山,634,1,https://yamap.com/activities/45870080,1,,,西予市,2026,,1月,,,〇,,,☆,★,459,459,460,csv_no,authoritative_csv_no,,csv_existing_gps,csv_provided_unverified
460,牛の峰,660,1,https://yamap.com/activities/45986574,2,,,大洲市,2026,,2月,,,,,,,,460,460,461,csv_no,authoritative_csv_no,,csv_existing_gps,csv_provided_unverified
461,尻高峰,566,1,https://yamap.com/activities/45986574,2,,,大洲市,2026,,2月,,,,,,,,461,461,462,csv_no,authoritative_csv_no,,csv_existing_gps,csv_provided_unverified
462,鞍掛山,629,1,https://yamap.com/activities/45998082,3,,,八幡浜市,2026,,2月,,,,,,,,462,462,463,csv_no,authoritative_csv_no,,csv_existing_gps,csv_provided_unverified
463,大畑山,645,1,https://yamap.com/activities/46099070,2,,,八幡浜市,2026,,2月,,,,,,,,463,463,464,csv_no,authoritative_csv_no,,csv_existing_gps,csv_provided_unverified
464,飯之山,320,1,https://yamap.com/activities/46108940,2,,,八幡浜市,2026,,2月,,,,,,,,464,464,465,csv_no,authoritative_csv_no,,csv_existing_gps,csv_provided_unverified
465,権現山,364,1,https://yamap.com/activities/46132478,2,,,八幡浜市,2026,,2月,,,,,,,,465,465,466,csv_no,authoritative_csv_no,,csv_existing_gps,csv_provided_unverified
466,大森山,729,1,https://yamap.com/activities/46298145,1,,,大洲市,2026,,2月,,,,,,,,466,466,467,csv_no,authoritative_csv_no,,csv_existing_gps,csv_provided_unverified
467,高森山,819,1,https://yamap.com/activities/46325366,2,,,大洲市,2026,〇,2月,,,,,,,,467,467,468,csv_no,authoritative_csv_no,,csv_existing_gps,csv_provided_unverified
468,町木山,982,1,https://yamap.com/activities/46325366,3,,,大洲市,2026,〇,2月,,,,,,,,468,468,469,csv_no,authoritative_csv_no,,csv_existing_gps,csv_provided_unverified
469,寒台山,895,1,https://yamap.com/activities/46325366,3,,,内子町,2026,〇,2月,,,,,,,,469,469,470,csv_no,authoritative_csv_no,,csv_existing_gps,csv_provided_unverified
470,鎧掛山,788,1,https://yamap.com/activities/46325366,3,,,大洲市,2026,〇,2月,,,,,,,,470,470,471,csv_no,authoritative_csv_no,,csv_existing_gps,csv_provided_unverified
471,花見山,23,1,https://yamap.com/activities/46376333,1,,,松山市,2026,,2月,,,,,,,,471,471,472,csv_no,authoritative_csv_no,,csv_existing_gps,csv_provided_unverified
472,剣ノ山,1105,1,https://yamap.com/activities/46501638,3,,,四国中央市,2026,〇,3月,高知県,,,〇,,,,472,472,473,csv_no,authoritative_csv_no,,csv_existing_gps,csv_provided_unverified
473,三傍示山,1157,1,https://yamap.com/activities/46501638,3,,,四国中央市,2026,〇,3月,,,,〇,,,★,473,473,474,csv_no,authoritative_csv_no,,csv_existing_gps,csv_provided_unverified
474,塩塚峰,1043,1,https://yamap.com/activities/46501638,1,〇,,四国中央市,2026,〇,3月,高知県,〇,〇,〇,★,☆,★,474,474,475,csv_no,authoritative_csv_no,,csv_existing_gps,csv_provided_unverified
475,登議城山,655,1,https://yamap.com/activities/46529731,3,,,内子町,2026,〇,3月,,,,,,,,475,475,476,csv_no,authoritative_csv_no,,csv_existing_gps,csv_provided_unverified
476,愛宕山,357,1,https://yamap.com/activities/46530379,1,〇,,内子町,2026,,3月,,,,,,,,476,476,477,csv_no,authoritative_csv_no,,csv_existing_gps,csv_provided_unverified
477,笠松山東峰,327,1,https://yamap.com/activities/46554928,1,,,今治市,2026,,3月,,,,,,,,477,477,478,csv_no,authoritative_csv_no,,csv_existing_gps,csv_provided_unverified
478,尻割山,980,1,https://yamap.com/activities/46568450,1,,,宇和島市,2026,〇,3月,,,〇,,,,,478,478,479,csv_no,authoritative_csv_no,,csv_existing_gps,csv_provided_unverified
479,四本松,721,1,https://yamap.com/activities/46568450,1,,,宇和島市,2026,〇,3月,,,〇,,,,,479,479,480,csv_no,authoritative_csv_no,,csv_existing_gps,csv_provided_unverified
480,権現山,952,1,https://yamap.com/activities/46572122,2,,,宇和島市,2026,〇,3月,,〇,〇,,,,★,480,480,481,csv_no,authoritative_csv_no,,csv_existing_gps,csv_provided_unverified
481,呉石山,826,1,https://yamap.com/activities/46595142,1,,,四国中央市,2026,〇,3月,,,,,,,★,481,481,482,csv_no,authoritative_csv_no,,csv_existing_gps,csv_provided_unverified
482,峰畑山,747,1,https://yamap.com/activities/46597643,2,,,四国中央市,2026,〇,3月,,,,,,,,482,482,483,csv_no,authoritative_csv_no,,csv_existing_gps,csv_provided_unverified
483,白木山,624,1,https://yamap.com/activities/46605671,2,,,四国中央市,2026,〇,3月,,,,,,,,483,483,484,csv_no,authoritative_csv_no,,csv_existing_gps,csv_provided_unverified
484,軽ノ山,171,1,https://yamap.com/activities/46667116,1,,,松山市,2026,,3月,,,,,,,,484,484,485,csv_no,authoritative_csv_no,,csv_existing_gps,csv_provided_unverified
485,野津子山,144,1,https://yamap.com/activities/46667116,1,,,松山市,2026,,3月,,,,,,,,485,485,486,csv_no,authoritative_csv_no,,csv_existing_gps,csv_provided_unverified
486,長山,939,1,https://yamap.com/activities/46749710,4,,,鬼北町,2026,〇,3月,,,,,,,,486,486,487,csv_no,authoritative_csv_no,,csv_existing_gps,csv_provided_unverified
487,高研山,1055,1,https://yamap.com/activities/46761778,4,,,鬼北町,2026,〇,3月,,,,〇,,,★,487,487,488,csv_no,authoritative_csv_no,,csv_existing_gps,csv_provided_unverified
488,大ノ森,1320,1,https://yamap.com/activities/46818948,4,,,久万高原町,2026,〇,3月,,,,〇,,,★,488,488,489,csv_no,authoritative_csv_no,,csv_existing_gps,csv_provided_unverified
489,雨乞山,1213,1,https://yamap.com/activities/46899064,1,,,内子町,2026,〇,3月,,,,〇,,,,489,489,490,csv_no,authoritative_csv_no,,csv_existing_gps,csv_provided_unverified
490,妙見森,1325,1,https://yamap.com/activities/46899064,4,,,内子町,2026,〇,3月,,,,〇,,,,490,490,491,csv_no,authoritative_csv_no,,csv_existing_gps,csv_provided_unverified
491,笹峠山,954,1,https://yamap.com/activities/46907972,1,,,内子町,2026,,3月,,,,,,,,491,491,492,csv_no,authoritative_csv_no,,csv_existing_gps,csv_provided_unverified
492,雨霧山,1245,1,https://yamap.com/activities/46921882,2,,,内子町,2026,〇,3月,,,,〇,,,,492,492,493,csv_no,authoritative_csv_no,,csv_existing_gps,csv_provided_unverified
493,三郷の辻,931,1,https://yamap.com/activities/47330396,2,,,久万高原町,2026,〇,4月,,,,,,,,493,493,494,csv_no,authoritative_csv_no,,csv_existing_gps,csv_provided_unverified
494,権現山,117,1,https://yamap.com/activities/47381696,1,,,松山市,2026,,4月,,,,,,,,494,494,495,csv_no,authoritative_csv_no,,csv_existing_gps,csv_provided_unverified
495,雨乞山,499,1,https://yamap.com/activities/47548792,2,,,八幡浜市,2026,,4月,,,,,,,,495,495,496,csv_no,authoritative_csv_no,,csv_existing_gps,csv_provided_unverified
496,鼻欠山,446,1,https://yamap.com/activities/47557807,2,,,大洲市,2026,〇,4月,,,,,,,,496,496,497,csv_no,authoritative_csv_no,,csv_existing_gps,csv_provided_unverified
497,面木山,988,1,https://yamap.com/activities/47818000,3,,,西条市,2026,〇,4月,,,,,,,★,497,497,498,csv_no,authoritative_csv_no,,csv_existing_gps,csv_provided_unverified
498,黒森,903,1,https://yamap.com/activities/47818000,3,,,西条市,2026,〇,4月,,,,,,,★,498,498,499,csv_no,authoritative_csv_no,,csv_existing_gps,csv_provided_unverified
499,台ヶ森,1501,1,https://yamap.com/activities/47890352,2,,,西条市,2026,〇,5月,,,〇,〇,,,,499,499,500,csv_no,authoritative_csv_no,,csv_existing_gps,csv_provided_unverified
500,丸山,1547,1,https://yamap.com/activities/48114780,2,,,西条市,2026,〇,5月,,,,,,,,500,500,501,csv_no,authoritative_csv_no,,csv_existing_gps,csv_provided_unverified
501,大森山,1399,1,https://yamap.com/activities/48217851,3,,"33.782402, 133.153201",西条市,2026,〇,5月,,,,〇,,,,501,501,502,csv_no,authoritative_csv_no,"33.782402, 133.153201",csv_existing_gps,csv_provided_unverified
502,うつむき山,535,,,,,"33.568889, 132.755111",内子町,,,,,,,,,,,502,,503,sequence_fill_after_max_csv_no,provisional_sequence_filled_no,"33.568889, 132.755111",csv_existing_gps,csv_provided_unverified
503,妙見山,535,,,,,"33.559167, 132.600056",大洲市,,,,,,,,,,,503,,504,sequence_fill_after_max_csv_no,provisional_sequence_filled_no,"33.559167, 132.600056",csv_existing_gps,csv_provided_unverified
504,鉢が森,552,,,,,"33.399236, 132.615513",西予市,,,,,,,,,,,504,,505,sequence_fill_after_max_csv_no,provisional_sequence_filled_no,"33.399236, 132.615513",csv_existing_gps,csv_provided_unverified
505,高山寺山,561,,,,,"33.522925, 132.510191",大洲市,,,,,,,,,,,505,,506,sequence_fill_after_max_csv_no,provisional_sequence_filled_no,"33.522925, 132.510191",csv_existing_gps,csv_provided_unverified
506,陣ヶ森,565,,,,,"33.590092, 132.709728",内子町,,,,,,,,,,,506,,507,sequence_fill_after_max_csv_no,provisional_sequence_filled_no,"33.590092, 132.709728",csv_existing_gps,csv_provided_unverified
507,牛ヶ首,584,,,,,"33.922090, 133.355140",新居浜市,,,,,,,,,,,507,,508,sequence_fill_after_max_csv_no,provisional_sequence_filled_no,"33.922090, 133.355140",csv_existing_gps,csv_provided_unverified
508,三石山,616,,,,,"33.568778, 132.856417",内子町,,,,,,,,,,,508,,509,sequence_fill_after_max_csv_no,provisional_sequence_filled_no,"33.568778, 132.856417",csv_existing_gps,csv_provided_unverified
509,感応寺山,688,,,,,"33.561222, 132.579639",大洲市,,,,,,,,,,,509,,510,sequence_fill_after_max_csv_no,provisional_sequence_filled_no,"33.561222, 132.579639",csv_existing_gps,csv_provided_unverified
510,水無権現,703,,,,,"33.612515, 132.721120",内子町,,,,,,,,,,,510,,511,sequence_fill_after_max_csv_no,provisional_sequence_filled_no,"33.612515, 132.721120",csv_existing_gps,csv_provided_unverified
511,秋葉山,722,,,,,"33.596611, 132.606278",大洲市,,,,,,,,,,,511,,512,sequence_fill_after_max_csv_no,provisional_sequence_filled_no,"33.596611, 132.606278",csv_existing_gps,csv_provided_unverified
512,黒山,729,,,,,"33.638972, 132.610639",内子町,,,,,,,,,,★,512,,513,sequence_fill_after_max_csv_no,provisional_sequence_filled_no,"33.638972, 132.610639",csv_existing_gps,csv_provided_unverified
513,大野山,800,,,,,"33.423639, 132.552972",西予市,,,,,,,,,,,513,,514,sequence_fill_after_max_csv_no,provisional_sequence_filled_no,"33.423639, 132.552972",csv_existing_gps,csv_provided_unverified
514,棟山,808,,,,,"33.622639, 132.603500",内子町,,,,,,,,,,,514,,515,sequence_fill_after_max_csv_no,provisional_sequence_filled_no,"33.622639, 132.603500",csv_existing_gps,csv_provided_unverified
515,星ヶ森,820,,,,,"33.835478, 133.107797",西条市,,,,YAMAPに登録なし,,,,,,★,515,,516,sequence_fill_after_max_csv_no,provisional_sequence_filled_no,"33.835478, 133.107797",csv_existing_gps,csv_provided_unverified
516,草屋敷,824,,,,,"33.606248, 132.614092",大洲市,,,,,,,,,,,516,,517,sequence_fill_after_max_csv_no,provisional_sequence_filled_no,"33.606248, 132.614092",csv_existing_gps,csv_provided_unverified
517,大熊山,856,,,,,"33.767056, 132.938056",東温市,,,,,,,,,,★,517,,518,sequence_fill_after_max_csv_no,provisional_sequence_filled_no,"33.767056, 132.938056",csv_existing_gps,csv_provided_unverified
518,笠松山,868,,,,,"33.694307, 132.895290",久万高原町,,,,YAMAPに登録なし,,,,,,★,518,,519,sequence_fill_after_max_csv_no,provisional_sequence_filled_no,"33.694307, 132.895290",csv_existing_gps,csv_provided_unverified
519,蒲山,873,,,,,"33.645583, 132.762750",砥部町,,,,,,,,,,,519,,520,sequence_fill_after_max_csv_no,provisional_sequence_filled_no,"33.645583, 132.762750",csv_existing_gps,csv_provided_unverified
520,牛ノ峯,895,,,,,"33.656753, 132.649133",内子町,,,,,〇,,,★,,★,520,,521,sequence_fill_after_max_csv_no,provisional_sequence_filled_no,"33.656753, 132.649133",csv_existing_gps,csv_provided_unverified
521,小森,932,,,,,"33.791278, 133.154833",西条市,,,,,,,,,,,521,,522,sequence_fill_after_max_csv_no,provisional_sequence_filled_no,"33.791278, 133.154833",csv_existing_gps,csv_provided_unverified
522,辻ヶ峰,957,,,,,"33.891811, 133.292249",新居浜市,,,,,,,,,,,522,,523,sequence_fill_after_max_csv_no,provisional_sequence_filled_no,"33.891811, 133.292249",csv_existing_gps,csv_provided_unverified
523,常住,984,,,,,"33.781833, 133.169194",西条市,,,,,,〇,,,,,523,,524,sequence_fill_after_max_csv_no,provisional_sequence_filled_no,"33.781833, 133.169194",csv_existing_gps,csv_provided_unverified
524,熊鷹山,1095,,,,,"33.910568, 133.401798",四国中央市,,,,,,,〇,,,,524,,525,sequence_fill_after_max_csv_no,provisional_sequence_filled_no,"33.910568, 133.401798",csv_existing_gps,csv_provided_unverified
525,櫛ヶ峰,1112,,,,,"33.867577, 133.222072",西条市,,,,,,,〇,,,,525,,526,sequence_fill_after_max_csv_no,provisional_sequence_filled_no,"33.867577, 133.222072",csv_existing_gps,csv_provided_unverified
526,大旗山,1184,,,,,"33.507467, 132.828131",西予市,,,,,,,〇,,,,526,,527,sequence_fill_after_max_csv_no,provisional_sequence_filled_no,"33.507467, 132.828131",csv_existing_gps,csv_provided_unverified
527,兵庫山,1303,,,,,"33.848010, 133.508270",四国中央市,,,,,,,〇,,,,527,,528,sequence_fill_after_max_csv_no,provisional_sequence_filled_no,"33.848010, 133.508270",csv_existing_gps,csv_provided_unverified
528,生之越,1310,,,,,"33.466177, 132.958796",久万高原町,,,,YAMAPに登録なし,,,〇,,,,528,,529,sequence_fill_after_max_csv_no,provisional_sequence_filled_no,"33.466177, 132.958796",csv_existing_gps,csv_provided_unverified
529,玉取山,1330,,,,,"33.863523, 133.526051",四国中央市,,,,,,,〇,,,,529,,530,sequence_fill_after_max_csv_no,provisional_sequence_filled_no,"33.863523, 133.526051",csv_existing_gps,csv_provided_unverified
530,三ヶ森,1377,,,,,"33.803672, 133.068120",西条市,,,,,〇,,〇,,,★,530,,531,sequence_fill_after_max_csv_no,provisional_sequence_filled_no,"33.803672, 133.068120",csv_existing_gps,csv_provided_unverified
531,扇山,1392,,,,,"33.824400, 133.214509",西条市,,,,,,,〇,,,,531,,532,sequence_fill_after_max_csv_no,provisional_sequence_filled_no,"33.824400, 133.214509",csv_existing_gps,csv_provided_unverified
