source_gpx_basename,track_name,mountain_count_in_group,summit_candidate_count_in_group,top1_link_count,conflict_count,mountain_names,summit_candidate_ids,suggested_review_order,notes
yamap_2022-01-22_09_04.gpx,高森山・岩伽羅山・衣掛山・吉山(吉山城址),54,2,4,62,高森山|岩伽羅山|衣掛山|吉山(吉山城址)|恵良山|経座ヶ森|重茂山|水梨山|芝ヶ峠|小富士|三山|古法皇山|冨士山|遠ヶ森|大森山|石神山|宝ヶ峯|生子山|歯朶谷山|高森|羽子山|大黒山|宝股山|鳥屋ヶ森|天ガ森|白山|御勧請山|名石山|スクモ塚|長者森|滝山|亀老山|高穴山|無宗天山|姫政山|高森山|泰ノ山|大里山|五十崎神南山|笠成山|根太山|雨森山|黒岩岳|遠見山|高森山|飯之山|大森山|高森山|笠松山東峰|四本松|峰畑山|水無権現|秋葉山|黒山,summit-candidate:e7ae682a07af2e10|summit-candidate:d03c84134ca0989d,1,mountains=54; candidates=2; conflicts=62
yamap_2022-02-23_08_42.gpx,西山・経ヶ森・岩子山・護摩ヶ森,45,2,4,61,尾ノ峰|新城山|腰折山|天神山|御幸寺山|西山|岩子山|経ヶ森|護摩ヶ森|菊ヶ森|道後山|大久保山|八里ヶ峠|明神山|潮見山|鉢巻山|立石山|大峰ヶ台|松軒山|久司山|石灰山|高文殊山|鏡山|雌甲山|愛ノ山|扇山|塔ノ峰|海山|岩子山|護摩ヶ森（護摩ヶ森城址）|金比羅山|古城山|開山|宅並山|西山|本尊山|金子山|八堂山|八幡山|霊仙山|高山|千秋寺山|峠ヶ森|軽ノ山|野津子山,summit-candidate:23c112538ef91e0d|summit-candidate:bdfa250c89c1ca90,2,mountains=45; candidates=2; conflicts=61
yamap_2022-10-28_06_21.gpx,割石峠山・石墨山・法師山・白猪山・根無山・樽谷山・梅ヶ谷山,73,6,7,60,三本杭|大月山|東三方ヶ森|うなめご|前々司山|豊受山|赤星山|割石東山|青滝山|姫草|牛城|篠山|北三方ヶ森|戸祇御前山|中三方ヶ森|楢原山|割石峠山|石墨山|法師山|白猪山|梅ヶ谷山|樽谷山|根無山|綱繰山|福見山|明神ヶ森|左谷ノ森|皿ヶ嶺|下兜山|餓鬼ヶ森|前善神山|三光ノ辻山|瀬戸黒森|高月山|櫨ヶ森|毛山|西雑誌山|気多山|桂ヶ森|猿越山|銅山峰|西山|二の森|カガマシ山|橡尾山|ハネズル山|壺神山|加塚山|丸石山|野地峰|貝渚山|五段城|三ッ森山|三つ足山|大森山|町木山|塩塚峰|尻割山|権現山|長山|高研山|大ノ森|雨乞山|妙見森|笹峠山|雨霧山|面木山|小森|辻ヶ峰|常住|兵庫山|生之越|玉取山,summit-candidate:16e9de2bedeb2d1c|summit-candidate:5cb1fa3d9dcf60f5|summit-candidate:c2fc382b492cfde4|summit-candidate:25e47e34740282d2|summit-candidate:9f01494435790d72|summit-candidate:45f2c6fc88212acd,3,mountains=73; candidates=6; conflicts=60
yamap_2022-03-20_07_06.gpx,大久保山・八里ヶ峠・中坂山・天神山・室岡山・潮見山,64,4,6,58,尾ノ峰|新城山|天神山|御幸寺山|愛宕山|西山|岩子山|経ヶ森|護摩ヶ森|日王山|花木山|菊ヶ森|大久保山|八里ヶ峠|中坂山|天神山|室岡山|潮見山|明神山|潮見山|大久保山|湯築山|松軒山|伊勢山|雌甲山|黒崎山|高戸山|泰の山|西港山|大丸山|愛ノ山|鹿島山|扇山|塔ノ峰|海山|唐子山|医王山|佐々久山|土亀山|天山|星岡山|岩子山|津田山|金比羅山|鳥越山|谷田山|佐古田山|古城山|御串山|開山|宅並山|城山|本尊山|垣生山|金子山|八堂山|要害山|霊仙山|高山|千秋寺山|峠ヶ森|軽ノ山|野津子山|権現山,summit-candidate:5aff666aa93b3a17|summit-candidate:5e94c87cc5fcc87b|summit-candidate:452c10a1db199870|summit-candidate:c2c9094225d1da63,4,mountains=64; candidates=4; conflicts=58
yamap_2023-01-21_12_43.gpx,石神山・金比羅山,76,2,6,50,腰折山|恵良山|権現山|天神山|経ヶ森|石槌山|重茂山|道後山|芝ヶ峠|潮見山|安神山|小富士|三山|石灰山|古法皇山|狩江権現山|高文殊山|鏡山|雄甲山|古権現山|愛ノ山|冨士山|権現山|扇山|近見山|権現山|由良山|大森山|見晴山|権現山|遠見山|石神山|金比羅山|古城山|宝ヶ峯|淡路ヶ峠|生子山|ベツソ山|歯朶谷山|総津権現山|大黒山|宝股山|鳥屋ヶ森|権現山|城山|名石山|子持権現山|宅並山|スクモ塚|長者森|西の山|北山|亀老山|カレイ山|高取山|八幡山|高穴山|高仙山|無宗天山|幻城下城|姫政山|館山|高森山|泰ノ山|大里山|大森山|根太山|峠ヶ森|雨森山|遠見山|飯之山|権現山|大森山|権現山|権現山|大森山,summit-candidate:c6ced2088a2376f5|summit-candidate:47129c06b82cf694,5,mountains=76; candidates=2; conflicts=50
yamap_2023-01-08_14_24.gpx,黒瀬山(黒瀬城址)・岡山(岡山城址)・鉢ヶ森(鉢ヶ森城址)・護摩ヶ森(護摩ヶ森城址)・我合山(...,79,3,5,42,谷上山|権現山|伽藍山|勝岡山|護摩ヶ森|御岳山|倉谷山|甲が森|積善山|鷲ヶ頭山|横山(横山城址)|世田山|笠松山|大友山|三山|狩江権現山|古権現山|冨士山|権現山|権現山|黒瀬山（黒瀬城址）|岡山（岡城址）|鉢ヶ森（鉢ヶ森城址）|護摩ヶ森（護摩ヶ森城址）|我合山（我合城址）|見晴山|権現山|千羽ヶ岳|船野山|奥之城山|総津権現山|平岡山(平岡城址)|竜門山|大黒山|大空山|鳥屋ヶ森|熊ガ峰|権現山|天ガ森|夫婦山|白山|観音山|国見山|御勧請山|トギ|高手山|斎藤山|青刈山|二反山|薬師山|子持権現山|龍王山|岩が森|高萩山|行道山|水晶ヶ森|尉之山|小山岳|勝山|松葉山（松葉城址）|御篠山|天が森|念仏山|大登山|竜王山|大峰|堂堂山|紅葉山|梁瀬山|高雄山|槇ノ山|遠見山|飯之山|権現山|愛宕山|笠松山東峰|権現山|権現山|鼻欠山,summit-candidate:a660f8ef78c69ab0|summit-candidate:8a7a47d167c1aba6|summit-candidate:a5f51c62e44d0847,6,mountains=79; candidates=3; conflicts=42
yamap_2022-12-25_10_09.gpx,高山,42,1,3,42,新城山|愛宕山|常光寺山|高山|日王山|菊ヶ森|潮見山|明神山|勝山|鉢巻山|立石山|子持山|大峰ヶ台|久司山|高戸山|犬吠山|泰の山|鹿島山|高山|塔ノ峰|海山|近見山|唐子山|医王山|永納山(永納山城址)|佐々久山|岩子山|垣生山|津田山|弁天山|遠見山|えんとつ山|開山|金子山|要害山|霊仙山|若いもん山|高山|千秋寺山|野津子山|権現山|高山寺山,summit-candidate:101c1b0635c0bec0,7,mountains=42; candidates=1; conflicts=42
yamap_2026-02-14_13_33.gpx,権現山,41,1,3,41,権現山|積善山|世田山|笠松山|狩江権現山|古権現山|権現山|権現山|黒瀬山（黒瀬城址）|岡山（岡城址）|護摩ヶ森（護摩ヶ森城址）|我合山（我合城址）|権現山|総津権現山|大空山|熊ガ峰|権現山|天ガ森|夫婦山|観音山|国見山|高手山|青刈山|子持権現山|高萩山|行道山|尉之山|勝山|御篠山|念仏山|大登山|大峰|紅葉山|梁瀬山|高雄山|大畑山|飯之山|権現山|愛宕山|権現山|権現山,summit-candidate:6756239601754708,8,mountains=41; candidates=1; conflicts=41
yamap_2026-04-12_11_03.gpx,権現山,40,1,2,40,権現山|愛宕山|常光寺山|日王山|中坂山|潮見山|勝山|子持山|狩江権現山|高戸山|犬吠山|泰の山|古権現山|大丸山|権現山|鹿島山|唐子山|医王山|永納山(永納山城址)|星岡山|岩子山|垣生山|津田山|弁天山|権現山|権現山|遠見山|鳥越山|谷田山|佐古田山|えんとつ山|総津権現山|権現山|子持権現山|垣生山|要害山|若いもん山|権現山|権現山|権現山,summit-candidate:2011a6c909945d6f,9,mountains=40; candidates=1; conflicts=40
yamap_2022-06-18_14_26.gpx,立石山,38,1,2,38,新城山|愛宕山|常光寺山|日王山|菊ヶ森|潮見山|明神山|勝山|積善山|鉢巻山|立石山|子持山|大峰ヶ台|久司山|高戸山|犬吠山|泰の山|鹿島山|高山|塔ノ峰|海山|唐子山|永納山(永納山城址)|岩子山|垣生山|津田山|弁天山|遠見山|えんとつ山|開山|金子山|要害山|霊仙山|若いもん山|高山|千秋寺山|野津子山|権現山,summit-candidate:50aa5073a99759cf,10,mountains=38; candidates=1; conflicts=38
yamap_2024-10-14_04_48.gpx,三ッ足山・カガマシ山・橡尾山・笹ヶ峰,82,6,6,37,三本杭|引地山|東三方ヶ森|雨包山|伊之子山|陣ヶ森|寒川山|豊受山|鋸山|平石山|割石東山|牛城|笹ヶ峰|中三方ヶ森|古権現山|楢原山|割石峠山|白猪山|梅ヶ谷山|根無山|河原樋山|福見山|明神ヶ森|魚谷森|下兜山|善神山|前善神山|五葉が森|高森|四辻ノ森|三光ノ辻山|三森|秦皇山|大黒山|譲ヶ葉森|郭公岳|高月山|毛山|音無山|御祝山|横ノ森|西雑誌山|気多山|桂ヶ森|打越山|高縄山|銅山峰|二の森|一の森|三ッ足山|カガマシ山|橡尾山|笹ヶ峰|足山|北ヶ森|コクゾ峰|小屋山|丸石山|黒岩山|谷崎山|正木ノ森|黒川山|天満山|霧立山|地蔵山|高森山|剣ノ山|塩塚峰|呉石山|大ノ森|雨乞山|妙見森|雨霧山|面木山|星ヶ森|草屋敷|大熊山|笠松山|蒲山|熊鷹山|櫛ヶ峰|玉取山,summit-candidate:a1b1b7885eeab893|summit-candidate:851dc9683d2d7442|summit-candidate:a53ed6259e132097|summit-candidate:8078eb6cc96c519a|summit-candidate:fecfbf815fc6d5a7|summit-candidate:0886436b79473a6c,11,mountains=82; candidates=6; conflicts=37
yamap_2024-01-27_13_31.gpx,宝股山,37,1,2,37,恵良山|重茂山|芝ヶ峠|小富士|三山|古法皇山|冨士山|大森山|石神山|宝ヶ峯|淡路ヶ峠|生子山|歯朶谷山|大黒山|大空山|御串山|宝股山|開山|鳥屋ヶ森|白山|御勧請山|名石山|薬師山|スクモ塚|長者森|亀老山|高穴山|無宗天山|姫政山|高森山|泰ノ山|大里山|根太山|雨森山|遠見山|飯之山|笠松山東峰,summit-candidate:468c5bbccd8aba53,12,mountains=37; candidates=1; conflicts=37
yamap_2024-12-15_07_21.gpx,陣が森・岩が森・スクモ塚・高萩山・長者森,111,5,5,36,観音山|吉山(吉山城址)|恵良山|白滝山|伽藍山|塩ヶ森|岩柄山|御岳山|石槌山|重茂山|ヌタノサコ|倉谷山|芝ヶ峠|積善山|鷲ヶ頭山|安神山|小富士|世田山|笠松山|大友山|三山|古法皇山|極山|三本榎|冨士山|真松嶺|柿王寺森|黒瀬山（黒瀬城址）|岡山（岡城址）|鉢ヶ森（鉢ヶ森城址）|護摩ヶ森（護摩ヶ森城址）|我合山（我合城址）|大森山|見晴山|権現山|石神山|尾崎山|宝ヶ峯|淡路ヶ峠|千羽ヶ岳|生子山|種子川山|船野山|奥之城山|ベツソ山|歯朶谷山|総津権現山|平岡山(平岡城址)|竜門山|大空山|宝股山|熊ガ峰|天ガ森|白山|観音山|国見山|御勧請山|トギ|高手山|名石山|青刈山|二反山|薬師山|天狗森|大谷山|立烏帽子山|陣が森|岩が森|スクモ塚|高萩山|長者森|八倉山|行道山|水晶ヶ森|笹ヶ平山|小山岳|松葉山（松葉城址）|天が森|弥八山|亀老山|念仏山|大頭山|高取山|高穴山|無宗天山|綱付山|姫政山|高森山|大登山|泰ノ山|大里山|京の森|大迫山|大峰|堂堂山|天道ヶ頭|根太山|紅葉山|梁瀬山|雨森山|竜王の峰|槇ノ山|飯之山|権現山|愛宕山|笠松山東峰|鼻欠山|うつむき山|妙見山|鉢が森|高山寺山,summit-candidate:6b0155a434d72d79|summit-candidate:bcc05b721653749f|summit-candidate:d8270fc572efc0b2|summit-candidate:c195c34fb7e38d7a|summit-candidate:f0a03b36c279ddd3,13,mountains=111; candidates=5; conflicts=36
yamap_2022-03-23_07_38.gpx,明神山・潮見山,58,2,3,36,尾ノ峰|新城山|腰折山|天神山|御幸寺山|常光寺山|西山|岩子山|経ヶ森|護摩ヶ森|菊ヶ森|道後山|大久保山|八里ヶ峠|潮見山|明神山|潮見山|勝山|鉢巻山|立石山|子持山|大峰ヶ台|松軒山|久司山|石灰山|高文殊山|鏡山|雄甲山|雌甲山|犬吠山|愛ノ山|扇山|高山|塔ノ峰|海山|永納山(永納山城址)|弁天山|遠見山|金比羅山|古城山|えんとつ山|開山|宅並山|中津山(明神山)|本尊山|明神山|金子山|八堂山|カレイ山|八幡山|霊仙山|若いもん山|館山|高山|千秋寺山|峠ヶ森|軽ノ山|野津子山,summit-candidate:45439217573adfc4|summit-candidate:3259dfe3d9ce60c5,14,mountains=58; candidates=2; conflicts=36
yamap_2022-02-16_11_57.gpx,愛宕山・常光寺山,40,2,2,36,愛宕山|常光寺山|日王山|中坂山|潮見山|勝山|鉢巻山|立石山|子持山|大峰ヶ台|久司山|高戸山|犬吠山|泰の山|大丸山|鹿島山|高山|塔ノ峰|唐子山|医王山|永納山(永納山城址)|星岡山|岩子山|垣生山|津田山|弁天山|遠見山|鳥越山|谷田山|佐古田山|えんとつ山|開山|垣生山|金子山|要害山|若いもん山|高山|愛宕山|野津子山|権現山,summit-candidate:d9391b001d4bc442|summit-candidate:22b4a5a5c856bf4d,15,mountains=40; candidates=2; conflicts=36
yamap_2022-12-25_13_36.gpx,医王山,35,1,3,35,愛宕山|常光寺山|高山|日王山|中坂山|潮見山|子持山|湯築山|高戸山|犬吠山|泰の山|大丸山|鹿島山|高山|塔ノ峰|海山|近見山|唐子山|医王山|永納山(永納山城址)|佐々久山|星岡山|岩子山|垣生山|津田山|鳥越山|谷田山|佐古田山|えんとつ山|垣生山|要害山|若いもん山|高山|権現山|高山寺山,summit-candidate:1ed32ce6414c2781,16,mountains=35; candidates=1; conflicts=35
yamap_2023-01-28_14_27.gpx,古城山・尾崎山,35,1,3,35,吉山(吉山城址)|石槌山|城山|道後山|芝ヶ峠|安神山|小富士|古法皇山|三本榎|雄甲山|近見山|由良山|鳥越山|谷田山|金毘羅山|佐古田山|古城山|尾崎山|淡路ヶ峠|ベツソ山|城山|城山|スクモ塚|八倉山|笹ヶ平山|弥八山|西の山|北山|カレイ山|大頭山|高取山|高仙山|幻城下城|姫政山|館山,summit-candidate:1432f597b5dca157,17,mountains=35; candidates=1; conflicts=35
yamap_2025-02-24_10_12.gpx,霊仙山,35,1,2,35,新城山|御幸寺山|常光寺山|西山|岩子山|護摩ヶ森|菊ヶ森|大久保山|八里ヶ峠|潮見山|明神山|勝山|鉢巻山|立石山|子持山|大峰ヶ台|久司山|犬吠山|高山|塔ノ峰|海山|永納山(永納山城址)|天山|弁天山|遠見山|えんとつ山|開山|金子山|霊仙山|若いもん山|無宗天山|高山|千秋寺山|軽ノ山|野津子山,summit-candidate:47b61397fb9c5d3f,18,mountains=35; candidates=1; conflicts=35
yamap_2022-03-13_09_49.gpx,倉谷山・芝ヶ峠・淡路ヶ峠・宝ヶ峯,62,3,4,34,吉山(吉山城址)|恵良山|伽藍山|石槌山|重茂山|倉谷山|芝ヶ峠|安神山|小富士|大友山|古法皇山|三本榎|鉢ヶ森（鉢ヶ森城址）|護摩ヶ森（護摩ヶ森城址）|由良山|大森山|見晴山|石神山|尾崎山|宝ヶ峯|淡路ヶ峠|千羽ヶ岳|生子山|船野山|奥之城山|ベツソ山|平岡山(平岡城址)|宝股山|夫婦山|国見山|トギ|高手山|名石山|二反山|薬師山|岩が森|スクモ塚|長者森|八倉山|水晶ヶ森|笹ヶ平山|尉之山|小山岳|勝山|松葉山（松葉城址）|御篠山|天が森|弥八山|亀老山|念仏山|大頭山|高取山|高穴山|姫政山|高森山|泰ノ山|大里山|堂堂山|根太山|紅葉山|雨森山|高雄山,summit-candidate:079ae30d76fb11c2|summit-candidate:b9e78d4a587ceaa0|summit-candidate:aba609f471e97e4a,19,mountains=62; candidates=3; conflicts=34
yamap_2022-07-14_09_57.gpx,小富士,34,1,2,34,吉山(吉山城址)|恵良山|石槌山|重茂山|芝ヶ峠|安神山|小富士|龍石山|古法皇山|三本榎|大森山|石神山|尾崎山|宝ヶ峯|淡路ヶ峠|生子山|ベツソ山|宝股山|名石山|スクモ塚|長者森|八倉山|笹ヶ平山|弥八山|亀老山|大頭山|高取山|高穴山|姫政山|高森山|泰ノ山|大里山|根太山|雨森山,summit-candidate:75832271d4e4d0ba,20,mountains=34; candidates=1; conflicts=34
yamap_2023-12-17_10_30.gpx,平岡山(平岡城址) ,34,1,2,34,権現山|伽藍山|御岳山|倉谷山|鷲ヶ頭山|大友山|権現山|権現山|鉢ヶ森（鉢ヶ森城址）|見晴山|権現山|千羽ヶ岳|船野山|奥之城山|総津権現山|秦皇山|平岡山(平岡城址)|竜門山|権現山|トギ|二反山|薬師山|岩が森|水晶ヶ森|小山岳|松葉山（松葉城址）|天が森|堂堂山|高雄山|槇ノ山|権現山|権現山|権現山|鼻欠山,summit-candidate:1d97e1955af85092,21,mountains=34; candidates=1; conflicts=34
yamap_2024-03-10_07_12.gpx,夫婦山・白山・観音山・国見山・城山・御勧請山,94,7,5,33,観音山|吉山(吉山城址)|伽藍山|石槌山|重茂山|城山|道後山|芝ヶ峠|積善山|安神山|小富士|世田山|笠松山|大友山|三山|古法皇山|高文殊山|三本榎|雄甲山|冨士山|近見山|黒瀬山（黒瀬城址）|岡山（岡城址）|護摩ヶ森（護摩ヶ森城址）|我合山（我合城址）|由良山|大森山|見晴山|権現山|石神山|尾崎山|宝ヶ峯|淡路ヶ峠|千羽ヶ岳|船野山|ベツソ山|歯朶谷山|平岡山(平岡城址)|大黒山|大空山|宝股山|鳥屋ヶ森|熊ガ峰|天ガ森|夫婦山|白山|観音山|国見山|城山|御勧請山|トギ|高手山|青刈山|二反山|城山|岩が森|スクモ塚|高萩山|長者森|八倉山|行道山|水晶ヶ森|笹ヶ平山|尉之山|勝山|松葉山（松葉城址）|御篠山|天が森|弥八山|西の山|北山|カレイ山|念仏山|大頭山|高取山|高穴山|高仙山|無宗天山|幻城下城|姫政山|館山|高森山|大登山|泰ノ山|大峰|堂堂山|紅葉山|梁瀬山|高雄山|遠見山|飯之山|権現山|愛宕山|笠松山東峰,summit-candidate:0022a746b396d4c7|summit-candidate:13b7a4bb8154974a|summit-candidate:2ab43729f5e80cbe|summit-candidate:3a491eecbf684185|summit-candidate:3e9348428f22a320|summit-candidate:cf29543e6beaa1ec|summit-candidate:d19542a61a416537,22,mountains=94; candidates=7; conflicts=33
yamap_2024-03-16_09_21.gpx,トギ・張木山・高手山,52,2,2,33,衣掛山|谷上山|権現山|白滝山|伽藍山|岩柄山|高山|勝岡山|倉谷山|甲が森|積善山|横山(横山城址)|大友山|狩江権現山|権現山|護摩ヶ森（護摩ヶ森城址）|見晴山|権現山|千羽ヶ岳|船野山|奥之城山|平岡山(平岡城址)|権現山|夫婦山|国見山|トギ|張木山|高手山|斎藤山|二反山|唐谷山|龍王山|大谷山|岩が森|行道山|水晶ヶ森|尉之山|勝山|松葉山（松葉城址）|御篠山|天が森|念仏山|幻城上城|大登山|竜王山|愛の森|堂堂山|紅葉山|梁瀬山|高雄山|権現山|雨乞山,summit-candidate:b49681fa67b2b53e|summit-candidate:e75e04c2fbe61c2f,23,mountains=52; candidates=2; conflicts=33
yamap_2024-12-01_06_40.gpx,唐谷山・天狗森・木峰・金見山・高丸・五郎丸・大谷山・龍王山,47,4,9,33,関ヶ森|観音山|新城山|権現山|白滝山|塩ヶ森|番駄ヶ森|岩柄山|ヌタノサコ|城山|鬼ヶ城山|極山|権現山|古城山|真城ヶ台|犬返|奥之城山|権現山|城山|狼ヶ城山|五郎丸|高丸|金見山|木峰|天狗森|唐谷山|龍王山|大谷山|城山|皿が森|烏殿|綱付山|幻城上城|岳山|一ヶ森|大迫山|堂所山|天道ヶ頭|池ノ城山|陣が森岳|尻高峰|登議城山|雨乞山|高山寺山|陣ヶ森|牛ヶ首|三石山,summit-candidate:9cc74b44e1289236|summit-candidate:c8607e1f03bb5db1|summit-candidate:edac81b361bdc70c|summit-candidate:32c1cf967ab82dbe,24,mountains=47; candidates=4; conflicts=33
yamap_2023-10-13_10_02.gpx,ベツソ山・歯朶谷山,33,1,2,33,恵良山|重茂山|世田山|三山|冨士山|黒瀬山（黒瀬城址）|大森山|石神山|宝ヶ峯|生子山|ベツソ山|歯朶谷山|大黒山|宝股山|鳥屋ヶ森|熊ガ峰|天ガ森|白山|御勧請山|名石山|青刈山|長者森|亀老山|高穴山|無宗天山|高森山|泰ノ山|大里山|根太山|雨森山|遠見山|飯之山|笠松山東峰,summit-candidate:dba931625b34d9ac,25,mountains=33; candidates=1; conflicts=33
yamap_2022-09-15_09_20.gpx,三山,32,1,3,32,恵良山|世田山|三山|伊勢山|久司山|石灰山|古法皇山|冨士山|黒瀬山（黒瀬城址）|我合山（我合城址）|石神山|生子山|歯朶谷山|大黒山|大空山|宝股山|鳥屋ヶ森|熊ガ峰|天ガ森|白山|御勧請山|名石山|青刈山|亀老山|無宗天山|高森山|大里山|根太山|雨森山|遠見山|飯之山|笠松山東峰,summit-candidate:35b464661fa62df9,26,mountains=32; candidates=1; conflicts=32
yamap_2025-01-30_10_12.gpx,北山,32,1,2,32,吉山(吉山城址)|腰折山|石槌山|道後山|潮見山|安神山|石灰山|高文殊山|三本榎|鏡山|雄甲山|近見山|垣生山|由良山|尾崎山|ベツソ山|城山|八倉山|笹ヶ平山|弥八山|西の山|北山|垣生山|金子山|八堂山|カレイ山|大頭山|高取山|八幡山|高仙山|幻城下城|館山,summit-candidate:8cef52d6989a94db,27,mountains=32; candidates=1; conflicts=32
yamap_2022-11-26_04_41.gpx,銅山峰・西山・綱繰山・獅子舞の鼻・冠山・平家平,52,6,5,31,障子山|西山|稔山|ヨソ山|源氏ヶ駄場（薊野峰）|御在所山|岩黒山|ウバホド山|赤星山|翠波峰|堂ヶ森|自念子ノ頭|前赤石山|石墨山|エビラ山|綱繰山|獅子舞の鼻|冠山|左谷ノ森|菊ヶ森|東赤石山|八巻山|八辻ノ峰|五代ヶ森|日浦嶺|黒森山|沓掛山|平家平|子持権現山|伊予富士|猿越山|銅山峰|西山|階上山|船山|大野山|水なし山|貝渚山|東黒森|五段城|天狗ノ森|東光森山|三ッ森山|三つ足山|大森山|佐々連尾山|寒台山|三郷の辻|黒森|大森山|牛ノ峯|小森,summit-candidate:a03fbec9bab2fe7a|summit-candidate:006436491de34784|summit-candidate:53d0e375c60814f6|summit-candidate:a00d481162af54e2|summit-candidate:a557f14fb032a808|summit-candidate:c256cfef3720557f,28,mountains=52; candidates=6; conflicts=31
yamap_2025-01-11_08_43.gpx,尉之山・小山岳,46,2,3,31,谷上山|伽藍山|勝岡山|御岳山|倉谷山|甲が森|勝山|積善山|鷲ヶ頭山|横山(横山城址)|大友山|鉢ヶ森（鉢ヶ森城址）|護摩ヶ森（護摩ヶ森城址）|見晴山|権現山|千羽ヶ岳|船野山|奥之城山|総津権現山|平岡山(平岡城址)|竜門山|夫婦山|国見山|トギ|高手山|斎藤山|二反山|薬師山|龍王山|岩が森|行道山|水晶ヶ森|尉之山|小山岳|勝山|松葉山（松葉城址）|御篠山|天が森|念仏山|竜王山|堂堂山|紅葉山|梁瀬山|高雄山|槇ノ山|鼻欠山,summit-candidate:7749b785ef007c1a|summit-candidate:12f30719aca26806,29,mountains=46; candidates=2; conflicts=31
yamap_2025-12-14_08_56.gpx,梁瀬山・紅葉山,33,2,2,31,積善山|笠松山|岡山（岡城址）|護摩ヶ森（護摩ヶ森城址）|我合山（我合城址）|見晴山|権現山|大空山|熊ガ峰|夫婦山|観音山|国見山|トギ|高手山|青刈山|二反山|高萩山|行道山|水晶ヶ森|尉之山|勝山|御篠山|天が森|念仏山|大登山|大峰|堂堂山|根太山|紅葉山|梁瀬山|高雄山|権現山|愛宕山,summit-candidate:6b62cbb916ef874d|summit-candidate:d663a75e24f23530,30,mountains=33; candidates=2; conflicts=31
yamap_2022-09-20_14_24.gpx,極山,31,1,2,31,権現山|狩江権現山|極山|権現山|真松嶺|柿王寺森|権現山|権現山|真城ヶ台|犬返|種子川山|権現山|高丸|天狗森|立烏帽子山|陣が森|烏殿|京の森|大迫山|池ノ城山|竜王の峰|尻高峰|権現山|権現山|権現山|うつむき山|妙見山|鉢が森|高山寺山|陣ヶ森|牛ヶ首,summit-candidate:ef5127a689eaf48a,31,mountains=31; candidates=1; conflicts=31
yamap_2022-06-20_12_02.gpx,安神山・鷲ヶ頭山,59,2,2,30,衣掛山|新城山|谷上山|伽藍山|御幸寺山|高山|勝岡山|西山|岩子山|護摩ヶ森|御岳山|菊ヶ森|倉谷山|大久保山|八里ヶ峠|明神山|甲が森|勝山|鉢巻山|立石山|鷲ヶ頭山|安神山|横山(横山城址)|大峰ヶ台|大友山|久司山|狩江権現山|高山|塔ノ峰|海山|永納山(永納山城址)|弁天山|鉢ヶ森（鉢ヶ森城址）|遠見山|千羽ヶ岳|えんとつ山|船野山|奥之城山|総津権現山|平岡山(平岡城址)|竜門山|開山|斎藤山|薬師山|龍王山|岩が森|小山岳|松葉山（松葉城址）|金子山|霊仙山|若いもん山|高山|竜王山|愛の森|千秋寺山|槇ノ山|軽ノ山|野津子山|鼻欠山,summit-candidate:159deb385560c198|summit-candidate:a92a94d8b5e0fb90,32,mountains=59; candidates=2; conflicts=30
yamap_2023-01-06_11_33.gpx,岩子山・垣生山・津田山・弁天山,57,4,4,30,愛宕山|常光寺山|岩子山|日王山|花木山|菊ヶ森|中坂山|天神山|室岡山|潮見山|忽那山|勝山|鉢巻山|立石山|子持山|大峰ヶ台|湯築山|伊勢山|久司山|黒崎山|高戸山|犬吠山|泰の山|西港山|大丸山|港山|すくも山|鹿島山|高山|塔ノ峰|唐子山|医王山|永納山(永納山城址)|佐々久山|土亀山|天山|星岡山|岩子山|垣生山|津田山|弁天山|遠見山|鳥越山|谷田山|金毘羅山|佐古田山|えんとつ山|御串山|開山|城山|垣生山|金子山|要害山|若いもん山|高山|野津子山|権現山,summit-candidate:45f49d8fd831427c|summit-candidate:49cfd09def5fce03|summit-candidate:8178723bbadb1c72|summit-candidate:ea18d38abe59ed57,33,mountains=57; candidates=4; conflicts=30
yamap_2024-01-14_10_18.gpx,竜門山・大黒山,56,2,2,30,谷上山|伽藍山|勝岡山|御岳山|倉谷山|甲が森|積善山|鷲ヶ頭山|横山(横山城址)|笠松山|大友山|岡山（岡城址）|鉢ヶ森（鉢ヶ森城址）|護摩ヶ森（護摩ヶ森城址）|見晴山|権現山|千羽ヶ岳|船野山|奥之城山|総津権現山|平岡山(平岡城址)|竜門山|大黒山|大黒山|夫婦山|観音山|国見山|トギ|高手山|斎藤山|二反山|薬師山|龍王山|岩が森|高萩山|行道山|水晶ヶ森|尉之山|小山岳|勝山|松葉山（松葉城址）|御篠山|天が森|念仏山|大登山|竜王山|大峰|堂堂山|紅葉山|梁瀬山|高雄山|槇ノ山|権現山|愛宕山|鼻欠山|黒山,summit-candidate:64a47ed9c06f56d5|summit-candidate:99b1b356cad63b98,34,mountains=56; candidates=2; conflicts=30
yamap_2024-12-22_06_34.gpx,八倉山・行道山・水晶ヶ森,53,2,2,30,吉山(吉山城址)|伽藍山|石槌山|道後山|倉谷山|安神山|大友山|古法皇山|三本榎|雄甲山|近見山|護摩ヶ森（護摩ヶ森城址）|由良山|見晴山|権現山|尾崎山|淡路ヶ峠|千羽ヶ岳|船野山|奥之城山|ベツソ山|平岡山(平岡城址)|夫婦山|国見山|城山|トギ|高手山|二反山|岩が森|八倉山|行道山|水晶ヶ森|笹ヶ平山|尉之山|勝山|松葉山（松葉城址）|御篠山|天が森|弥八山|西の山|北山|カレイ山|念仏山|大頭山|高取山|高仙山|幻城下城|姫政山|館山|堂堂山|紅葉山|梁瀬山|高雄山,summit-candidate:4973965873779cdc|summit-candidate:cfd366be872f9534,35,mountains=53; candidates=2; conflicts=30
yamap_2022-10-14_12_05.gpx,高戸山,30,1,2,30,愛宕山|常光寺山|日王山|中坂山|潮見山|勝山|鉢巻山|立石山|子持山|大峰ヶ台|久司山|高戸山|犬吠山|泰の山|鹿島山|高山|唐子山|医王山|永納山(永納山城址)|岩子山|垣生山|津田山|弁天山|遠見山|鳥越山|えんとつ山|垣生山|要害山|若いもん山|権現山,summit-candidate:aadeb26cf0359691,36,mountains=30; candidates=1; conflicts=30
yamap_2024-12-22_10_25.gpx,笹ヶ平山,30,1,2,30,吉山(吉山城址)|石槌山|芝ヶ峠|安神山|小富士|古法皇山|三本榎|雄甲山|近見山|由良山|尾崎山|宝ヶ峯|淡路ヶ峠|ベツソ山|城山|スクモ塚|八倉山|行道山|水晶ヶ森|笹ヶ平山|弥八山|西の山|北山|カレイ山|大頭山|高取山|高仙山|幻城下城|姫政山|泰ノ山,summit-candidate:4416099ca0f9da08,37,mountains=30; candidates=1; conflicts=30
yamap_2026-03-06_09_00.gpx,世田山・笠松山東峰・笠松山,30,1,3,30,積善山|世田山|笠松山|三山|冨士山|黒瀬山（黒瀬城址）|岡山（岡城址）|我合山（我合城址）|権現山|大黒山|大空山|鳥屋ヶ森|熊ガ峰|天ガ森|白山|観音山|御勧請山|青刈山|高萩山|行道山|大登山|大峰|紅葉山|梁瀬山|遠見山|飯之山|権現山|愛宕山|笠松山東峰|笠松山,summit-candidate:8f25ad4ff380df77,38,mountains=30; candidates=1; conflicts=30
yamap_2022-02-06_08_26.gpx,谷上山・権現山・白滝山・障子山,97,5,5,29,観音山|衣掛山|谷上山|権現山|白滝山|障子山|塩ヶ森|岩柄山|高山|勝岡山|御岳山|ヌタノサコ|稔山|甲が森|伊之子山|御在所山|翠波峰|積善山|鷲ヶ頭山|横山(横山城址)|笠松山|大友山|狩江権現山|権現山|河原樋山|権現山|岡山（岡城址）|鉢ヶ森（鉢ヶ森城址）|護摩ヶ森（護摩ヶ森城址）|見晴山|権現山|千羽ヶ岳|種子川山|菊ヶ森|船野山|三森|総津権現山|秦皇山|竜門山|権現山|夫婦山|観音山|国見山|トギ|張木山|高手山|斎藤山|日浦嶺|打越山|二反山|薬師山|天狗森|唐谷山|龍王山|大谷山|立烏帽子山|陣が森|岩が森|高萩山|行道山|水晶ヶ森|滝山|尉之山|小山岳|勝山|松葉山（松葉城址）|御篠山|天が森|念仏山|綱付山|幻城上城|階上山|大登山|竜王山|愛の森|船山|大峰|堂堂山|天道ヶ頭|紅葉山|梁瀬山|高雄山|竜王の峰|槇ノ山|権現山|寒台山|愛宕山|権現山|権現山|雨乞山|鼻欠山|黒森|うつむき山|妙見山|笠松山|蒲山|牛ノ峯,summit-candidate:ea5f711625df386b|summit-candidate:0eff3d1ea2b48d73|summit-candidate:2c817617699a0a45|summit-candidate:c94d8d76133fda1a|summit-candidate:a0ef25e9a532b62e,39,mountains=97; candidates=5; conflicts=29
yamap_2022-02-26_07_43.gpx,御岳山,57,2,2,29,恵良山|谷上山|伽藍山|勝岡山|御岳山|石槌山|倉谷山|甲が森|鷲ヶ頭山|横山(横山城址)|世田山|大友山|三山|冨士山|黒瀬山（黒瀬城址）|鉢ヶ森（鉢ヶ森城址）|我合山（我合城址）|石神山|千羽ヶ岳|生子山|船野山|奥之城山|歯朶谷山|総津権現山|平岡山(平岡城址)|竜門山|大黒山|大空山|宝股山|鳥屋ヶ森|熊ガ峰|天ガ森|白山|御勧請山|斎藤山|名石山|青刈山|薬師山|龍王山|岩が森|高萩山|水晶ヶ森|小山岳|松葉山（松葉城址）|亀老山|無宗天山|高森山|竜王山|岳山|堂堂山|根太山|雨森山|槇ノ山|遠見山|飯之山|笠松山東峰|鼻欠山,summit-candidate:80fb4ff56016a4dd|summit-candidate:54cf4155ab259d9d,40,mountains=57; candidates=2; conflicts=29
yamap_2023-03-29_05_31.gpx,えんとつ山・生子山・犬返・種子川山・西赤石山・物住頭・上兜山・下兜山,50,4,8,29,関ヶ森|城山|三本杭|東三方ヶ森|前々司山|豊受山|極山|中三方ヶ森|樽谷山|根無山|権現山|黒岳|二ッ岳|真松嶺|柿王寺森|明神ヶ森|真城ヶ台|えんとつ山|生子山|犬返|種子川山|西赤石山|物住頭|上兜山|下兜山|三光ノ辻山|高月山|気多山|桂ヶ森|橡尾山|五郎丸|高丸|金見山|木峰|烏殿|一ヶ森|京の森|大迫山|鶴ノ子ノ頭|前社ヶ森|剣山|堂所山|池ノ城山|尻高峰|雨乞山|雨霧山|鉢が森|高山寺山|陣ヶ森|牛ヶ首,summit-candidate:339138a4e53293da|summit-candidate:4311f3ae9948ea08|summit-candidate:473a62086144ac33|summit-candidate:a6379cb2ebc004fb,41,mountains=50; candidates=4; conflicts=29
yamap_2023-01-28_11_53.gpx,鳥越山,29,1,3,29,愛宕山|常光寺山|日王山|中坂山|潮見山|子持山|湯築山|高戸山|犬吠山|泰の山|大丸山|鹿島山|唐子山|医王山|星岡山|岩子山|垣生山|津田山|鳥越山|谷田山|金毘羅山|佐古田山|古城山|尾崎山|えんとつ山|垣生山|要害山|若いもん山|権現山,summit-candidate:5b7c833ac0535534,42,mountains=29; candidates=1; conflicts=29
yamap_2026-02-22_07_32.gpx,高森山・町木山・寒台山・鎧掛山,64,5,5,28,高森山|障子山|鍵山（象ヶ森）|稔山|ヨソ山|御在所山|寒川山|鋸山|翠波峰|平石山|北三方ヶ森|古権現山|出石山|河原樋山|大森山|魚谷森|左谷ノ森|菊ヶ森|黒滝山|五葉が森|高森|瀬戸黒森|観音森|譲ヶ葉森|郭公岳|観音岳|音無山|御祝山|日浦嶺|打越山|岩屋山|高縄山|一の森|笹ヶ峰|壺神山|浄心山|階上山|高森山|北ヶ森|高土の峰|船山|コクゾ峰|大森山|大判山|高森山|大森山|高森山|町木山|寒台山|鎧掛山|尻割山|呉石山|三郷の辻|面木山|黒森|大森山|大野山|棟山|星ヶ森|草屋敷|大熊山|牛ノ峯|小森|常住,summit-candidate:19ab381ef6c337af|summit-candidate:428f403ddcc5a31a|summit-candidate:5f31b84e049f61fa|summit-candidate:7a8dca9b423536f5|summit-candidate:f55ffb534aa2ae4c,43,mountains=64; candidates=5; conflicts=28
yamap_2022-09-26_14_04.gpx,鏡山,28,1,2,28,尾ノ峰|腰折山|天神山|西山|岩子山|経ヶ森|道後山|大久保山|八里ヶ峠|潮見山|松軒山|石灰山|高文殊山|三本榎|鏡山|雌甲山|愛ノ山|扇山|金比羅山|古城山|青刈山|二反山|宅並山|本尊山|八堂山|八幡山|館山|峠ヶ森,summit-candidate:588c967023117267,44,mountains=28; candidates=1; conflicts=28
yamap_2022-10-03_14_57.gpx,雄甲山・雌甲山,28,1,2,28,尾ノ峰|腰折山|天神山|経ヶ森|道後山|潮見山|松軒山|石灰山|高文殊山|鏡山|雄甲山|雌甲山|愛ノ山|扇山|近見山|金比羅山|古城山|城山|宅並山|西の山|北山|八堂山|カレイ山|八幡山|高仙山|幻城下城|館山|峠ヶ森,summit-candidate:82d3009a6c1b2511,45,mountains=28; candidates=1; conflicts=28
yamap_2025-02-09_12_21.gpx,八幡山,28,1,3,28,尾ノ峰|腰折山|天神山|経ヶ森|道後山|八里ヶ峠|潮見山|松軒山|石灰山|高文殊山|鏡山|雄甲山|雌甲山|愛ノ山|扇山|金比羅山|古城山|宅並山|本尊山|北山|八堂山|カレイ山|念仏山|大頭山|高取山|八幡山|館山|峠ヶ森,summit-candidate:b9ae103da9e3136b,46,mountains=28; candidates=1; conflicts=28
yamap_2022-04-08_09_33.gpx,鬼ヶ城山・大久保山・八面山・三本杭・横ノ森・小屋ヶ森・毛山,57,5,5,27,城山|大久保山|鬼ヶ城山|三本杭|八面山|大久保山|東三方ヶ森|雨包山|碁石ヶ森|陣ヶ森|豊受山|七々木山|割石東山|篠山|中三方ヶ森|白猪山|根無山|明神ヶ森|南三方ヶ森|下兜山|黒森山|善神山|前善神山|二ノ岳|四辻ノ森|三光ノ辻山|大黒山|東高月山|高月山|櫨ヶ森|毛山|城山|横ノ森|小屋ヶ森|串ヶ森|目黒鳥屋|長尾森|二箆山|気多山|桂ヶ森|三の森|三ッ足山|橡尾山|天堤山|城山|加塚山|谷崎山|小牛城|霧立山|地蔵山|剣ノ山|三傍示山|雨乞山|雨霧山|熊鷹山|櫛ヶ峰|大旗山,summit-candidate:27c1036d4aa2230e|summit-candidate:40068653b28bad40|summit-candidate:7ceb76663c2bb81b|summit-candidate:91ebf1d99654d5b2|summit-candidate:babbcdf7bbd23463,47,mountains=57; candidates=5; conflicts=27
yamap_2026-03-07_11_08.gpx,権現山,27,1,3,27,権現山|ヨソ山|大月山|北三方ヶ森|狩江権現山|戸祇御前山|古権現山|権現山|権現山|権現山|左谷ノ森|餓鬼ヶ森|瀬戸黒森|総津権現山|権現山|子持権現山|壺神山|権現山|尻割山|四本松|権現山|長山|笹峠山|三郷の辻|権現山|小森|辻ヶ峰,summit-candidate:e8b129f70e703be5,48,mountains=27; candidates=1; conflicts=27
yamap_2026-03-11_10_35.gpx,野津子山・軽ノ山,27,1,3,27,尾ノ峰|新城山|御幸寺山|西山|岩子山|護摩ヶ森|菊ヶ森|大久保山|八里ヶ峠|明神山|鉢巻山|立石山|大峰ヶ台|松軒山|久司山|雌甲山|塔ノ峰|海山|開山|本尊山|金子山|八堂山|霊仙山|高山|千秋寺山|軽ノ山|野津子山,summit-candidate:084fa7c9e55252dc,49,mountains=27; candidates=1; conflicts=27
yamap_2024-12-08_06_59.gpx,本尊山・秋葉山・立烏帽子山・明神山,45,3,5,26,観音山|皿ヶ森|白滝山|塩ヶ森|番駄ヶ森|ケタ山|大磨山|岩柄山|ヌタノサコ|明神山|三滝山|真松嶺|柿王寺森|種子川山|丸山|白石山|中津山(明神山)|天狗森|大谷山|本尊山|秋葉山|立烏帽子山|明神山|陣が森|皿が森|綱付山|岳山|京の森|大迫山|新谷神南山|天道ヶ頭|陣が森岳|竜王の峰|船ヶ迫岳|高森山|牛の峰|鞍掛山|大畑山|登議城山|白木山|うつむき山|妙見山|鉢が森|三石山|秋葉山,summit-candidate:f12898f5821b63b8|summit-candidate:0bd3d051cdb972fd|summit-candidate:23316af255d30882,50,mountains=45; candidates=3; conflicts=26
yamap_2022-10-21_12_15.gpx,愛ノ山,26,1,2,26,尾ノ峰|腰折山|天神山|経ヶ森|道後山|八里ヶ峠|潮見山|松軒山|石灰山|高文殊山|鏡山|雄甲山|雌甲山|すくも山|愛ノ山|扇山|金比羅山|古城山|宅並山|本尊山|北山|八堂山|カレイ山|八幡山|館山|峠ヶ森,summit-candidate:f676e5a22f523492,51,mountains=26; candidates=1; conflicts=26
yamap_2022-12-31_15_00.gpx,星岡山,26,1,4,26,花木山|中坂山|天神山|室岡山|忽那山|割石東山|湯築山|伊勢山|東山|黒崎山|西港山|大丸山|港山|すくも山|佐々久山|土亀山|天山|東山|星岡山|弁天山|谷田山|金毘羅山|佐古田山|御串山|城山|無宗天山,summit-candidate:5c9365b2a5a9c97f,52,mountains=26; candidates=1; conflicts=26
yamap_2025-03-30_12_56.gpx,京の森・大迫山,26,1,5,26,関ヶ森|御岳山|城山|極山|真松嶺|柿王寺森|真城ヶ台|犬返|五郎丸|高丸|金見山|木峰|烏殿|竜王山|岳山|一ヶ森|愛の森|京の森|大迫山|堂所山|池ノ城山|尻高峰|鉢が森|高山寺山|陣ヶ森|牛ヶ首,summit-candidate:13aa9354da4eb6d6,53,mountains=26; candidates=1; conflicts=26
yamap_2022-06-29_08_48.gpx,横山(横山城址),25,1,2,25,衣掛山|谷上山|権現山|高山|勝岡山|御岳山|倉谷山|甲が森|鷲ヶ頭山|横山(横山城址)|狩江権現山|鉢ヶ森（鉢ヶ森城址）|奥之城山|総津権現山|竜門山|張木山|斎藤山|薬師山|龍王山|小山岳|幻城上城|竜王山|愛の森|槇ノ山|鼻欠山,summit-candidate:43911aa413390192,54,mountains=25; candidates=1; conflicts=25
yamap_2024-01-27_10_11.gpx,御串山,24,1,2,24,花木山|天神山|室岡山|忽那山|湯築山|伊勢山|黒崎山|西港山|大丸山|港山|すくも山|佐々久山|土亀山|天山|星岡山|谷田山|金毘羅山|佐古田山|大空山|御串山|宝股山|開山|薬師山|城山,summit-candidate:02d59cd1260af017,55,mountains=24; candidates=1; conflicts=24
yamap_2023-01-03_07_36.gpx,福見山・河原樋山・真松嶺・柿王寺森,77,5,3,23,観音山|障子山|伽藍山|塩ヶ森|御岳山|ヌタノサコ|倉谷山|引地山|伊之子山|鋸山|割石東山|鷲ヶ頭山|篠山|大友山|極山|楢原山|割石峠山|河原樋山|真松嶺|柿王寺森|鉢ヶ森（鉢ヶ森城址）|見晴山|福見山|千羽ヶ岳|種子川山|船野山|奥之城山|前善神山|五葉が森|三森|総津権現山|秦皇山|平岡山(平岡城址)|竜門山|櫨ヶ森|音無山|夫婦山|トギ|高手山|打越山|二反山|薬師山|二の森|一の森|笹ヶ峰|天狗森|立烏帽子山|陣が森|岩が森|水晶ヶ森|尉之山|小山岳|勝山|松葉山（松葉城址）|御篠山|天が森|念仏山|綱付山|京の森|大迫山|加塚山|堂堂山|天道ヶ頭|高雄山|竜王の峰|槇ノ山|尻高峰|塩塚峰|高研山|うつむき山|妙見山|鉢が森|高山寺山|陣ヶ森|大熊山|笠松山|蒲山,summit-candidate:74dd1729abbd7bb5|summit-candidate:f2aae42aff3dea24|summit-candidate:b1d864fd1fcc9dcb|summit-candidate:4fec4dd128e55ab0|summit-candidate:90f628409cfebc32,56,mountains=77; candidates=5; conflicts=23
yamap_2022-02-11_08_26.gpx,塩ヶ森・番駄ヶ森・ケタ山・大磨山・鍵山（象ヶ森）,76,5,5,23,関ヶ森|観音山|皿ヶ森|白滝山|塩ヶ森|番駄ヶ森|ケタ山|大磨山|鍵山（象ヶ森）|杉立山|岩柄山|ヌタノサコ|城山|三滝山|寒川山|平石山|出石山|真松嶺|柿王寺森|真城ヶ台|犬返|種子川山|黒滝山|丸山|観音森|白石山|観音岳|岩屋山|五郎丸|高丸|金見山|木峰|天狗森|大谷山|秋葉山|立烏帽子山|明神山|陣が森|足山|皿が森|烏殿|浄心山|綱付山|高土の峰|岳山|一ヶ森|京の森|コクゾ峰|新谷神南山|堂所山|天道ヶ頭|池ノ城山|御在所山|陣が森岳|大判山|竜王の峰|船ヶ迫岳|高森山|牛の峰|鞍掛山|大畑山|高森山|鎧掛山|登議城山|呉石山|白木山|雨乞山|うつむき山|妙見山|鉢が森|牛ヶ首|三石山|大野山|棟山|星ヶ森|草屋敷,summit-candidate:a637fbc518f58ac5|summit-candidate:0c210f0edfbda06f|summit-candidate:24dc6cf37ce4e715|summit-candidate:d4dc6f2bbe1f994f|summit-candidate:c2491268ea5645b7,57,mountains=76; candidates=5; conflicts=23
yamap_2022-01-29_08_35.gpx,皿ヶ森・経座ヶ森・ヨソ山,41,2,2,23,皿ヶ森|経座ヶ森|番駄ヶ森|ケタ山|大磨山|稔山|ヨソ山|大月山|三滝山|御在所山|戸祇御前山|左谷ノ森|菊ヶ森|餓鬼ヶ森|丸山|白石山|日浦嶺|秋葉山|明神山|皿が森|階上山|岳山|船山|新谷神南山|陣が森岳|船ヶ迫岳|高森山|牛の峰|鞍掛山|大畑山|寒台山|登議城山|権現山|白木山|長山|笹峠山|三郷の辻|黒森|三石山|牛ノ峯|小森,summit-candidate:59c561a08189d6b9|summit-candidate:7c532ef1be71a4d1,58,mountains=41; candidates=2; conflicts=23
yamap_2022-02-28_13_13.gpx,花木山,23,1,2,23,重茂山|花木山|天神山|室岡山|忽那山|龍石山|湯築山|伊勢山|黒崎山|西港山|大丸山|港山|すくも山|佐々久山|土亀山|天山|星岡山|谷田山|金毘羅山|佐古田山|御串山|城山|花見山,summit-candidate:fbd725fc8006e2c8,59,mountains=23; candidates=1; conflicts=23
yamap_2024-03-03_06_23.gpx,白石山,23,1,2,23,皿ヶ森|ケタ山|大磨山|杉立山|三滝山|丸山|白石山|観音岳|音無山|天ガ森|秋葉山|明神山|足山|新谷神南山|御在所山|船ヶ迫岳|鎌倉山|高森山|牛の峰|鞍掛山|大畑山|登議城山|白木山,summit-candidate:ac8e3853fbbf0c6f,60,mountains=23; candidates=1; conflicts=23
yamap_2025-07-06_07_10.gpx,谷崎山,23,1,2,23,三本杭|東三方ヶ森|碁石ヶ森|陣ヶ森|中三方ヶ森|白猪山|明神ヶ森|下兜山|四辻ノ森|三光ノ辻山|東高月山|高月山|横ノ森|小屋ヶ森|気多山|桂ヶ森|橡尾山|谷崎山|東黒森|伊吹山|雨乞山|黒森|大旗山,summit-candidate:0d157ed871f76807,61,mountains=23; candidates=1; conflicts=23
yamap_2025-12-20_07_28.gpx,池ノ城山,23,1,2,23,関ヶ森|番駄ヶ森|城山|真城ヶ台|犬返|丸山|城山|五郎丸|高丸|金見山|木峰|城山|皿が森|烏殿|岳山|一ヶ森|堂所山|池ノ城山|陣が森岳|鞍掛山|白木山|牛ヶ首|三石山,summit-candidate:f028aab45221cee6,62,mountains=23; candidates=1; conflicts=23
yamap_2023-03-11_06_08.gpx,福見山・明神ヶ森・南三方ヶ森・魚谷森・左谷ノ森,67,4,6,22,稔山|ヨソ山|鬼ヶ城山|三本杭|八面山|大久保山|大月山|引地山|東三方ヶ森|碁石ヶ森|御在所山|陣ヶ森|七々木山|割石東山|篠山|戸祇御前山|中三方ヶ森|楢原山|割石峠山|白猪山|根無山|福見山|明神ヶ森|南三方ヶ森|魚谷森|左谷ノ森|下兜山|黒森山|菊ヶ森|餓鬼ヶ森|前善神山|二ノ岳|四辻ノ森|三光ノ辻山|高月山|櫨ヶ森|横ノ森|小屋ヶ森|串ヶ森|目黒鳥屋|二箆山|気多山|桂ヶ森|日浦嶺|三の森|二の森|橡尾山|笹ヶ峰|天堤山|階上山|船山|加塚山|谷崎山|小牛城|地蔵山|三傍示山|塩塚峰|権現山|長山|高研山|雨乞山|笹峠山|三郷の辻|黒森|小森|辻ヶ峰|大旗山,summit-candidate:0ff024bf702c13bb|summit-candidate:5b124255339c0714|summit-candidate:83f3af0488659ac8|summit-candidate:446b5fe1e7a8b2fd,63,mountains=67; candidates=4; conflicts=22
yamap_2022-03-03_10_47.gpx,奥之城山・ヌタノサコ,62,3,3,22,観音山|権現山|白滝山|伽藍山|塩ヶ森|岩柄山|御岳山|ヌタノサコ|城山|倉谷山|積善山|鷲ヶ頭山|大友山|権現山|岡山（岡城址）|鉢ヶ森（鉢ヶ森城址）|護摩ヶ森（護摩ヶ森城址）|見晴山|権現山|千羽ヶ岳|船野山|奥之城山|総津権現山|平岡山(平岡城址)|竜門山|権現山|夫婦山|観音山|国見山|城山|トギ|高手山|二反山|薬師山|天狗森|唐谷山|大谷山|城山|岩が森|行道山|水晶ヶ森|尉之山|小山岳|勝山|松葉山（松葉城址）|御篠山|天が森|念仏山|綱付山|幻城上城|大登山|堂堂山|天道ヶ頭|紅葉山|梁瀬山|高雄山|竜王の峰|槇ノ山|権現山|雨乞山|うつむき山|妙見山,summit-candidate:7d7066baad9d7077|summit-candidate:ea33d870d4700a56|summit-candidate:0ec3be2fa2295b82,64,mountains=62; candidates=3; conflicts=22
yamap_2025-04-09_06_48.gpx,新谷神南山・五十崎神南山,39,2,3,22,高森山|岩伽羅山|皿ヶ森|経座ヶ森|ケタ山|大磨山|杉立山|水梨山|向山|十門山(十門城址)|三滝山|遠ヶ森|丸山|羽子山|白石山|秋葉山|明神山|滝山|足山|新谷神南山|五十崎神南山|笠成山|御在所山|陣が森岳|黒岩岳|船ヶ迫岳|鎌倉山|高森山|牛の峰|鞍掛山|大畑山|大森山|登議城山|四本松|白木山|感応寺山|水無権現|秋葉山|黒山,summit-candidate:49147712961a83be|summit-candidate:6342f0069cd164e8,65,mountains=39; candidates=2; conflicts=22
yamap_2022-10-19_16_00.gpx,西港山・大丸山・港山,24,3,4,22,花木山|天神山|室岡山|忽那山|龍石山|湯築山|伊勢山|黒崎山|西港山|大丸山|港山|すくも山|佐々久山|土亀山|天山|星岡山|谷田山|金毘羅山|佐古田山|丸山|御串山|城山|花見山|丸山,summit-candidate:bf2b3499e08da2df|summit-candidate:5f001ac124f82ef6|summit-candidate:a9a2a270fb6273fe,66,mountains=24; candidates=3; conflicts=22
yamap_2022-04-22_17_29.gpx,碁石ヶ森,22,1,2,22,八面山|甲が森|三滝山|雨包山|源氏ヶ駄場（薊野峰）|碁石ヶ森|陣ヶ森|白猪山|明神ヶ森|四辻ノ森|三光ノ辻山|東高月山|横ノ森|小屋ヶ森|串ヶ森|長尾森|二箆山|気多山|滝山|谷崎山|雨乞山|大旗山,summit-candidate:ee9d736a090185dd,67,mountains=22; candidates=1; conflicts=22
yamap_2023-04-18_10_53.gpx,黒滝山・木久ヶ森,22,1,3,22,鍵山（象ヶ森）|寒川山|平石山|出石山|船野山|木久ヶ森|黒滝山|五葉が森|観音岳|岩屋山|一の森|滝山|高土の峰|コクゾ峰|大判山|高森山|鎧掛山|呉石山|大野山|棟山|星ヶ森|草屋敷,summit-candidate:9669b668bebfc145,68,mountains=22; candidates=1; conflicts=22
yamap_2024-04-28_07_11.gpx,狼ヶ城山,22,1,3,22,城山|源氏ヶ駄場（薊野峰）|東山|東山|冠岳|高森|城山|狼ヶ城山|日浦嶺|打越山|城山|黒岩山|大野山|水なし山|正木ノ森|黒川山|別子山|佐々連尾山|天満山|大森山|三ヶ森|扇山,summit-candidate:95a8fa74fd4af7b0,69,mountains=22; candidates=1; conflicts=22
yamap_2024-03-30_07_11.gpx,御祝山・横ノ森・小屋ヶ森・串ヶ森・目黒鳥屋・長尾森,34,2,6,21,鬼ヶ城山|三本杭|八面山|大久保山|碁石ヶ森|陣ヶ森|七々木山|中三方ヶ森|白猪山|明神ヶ森|南三方ヶ森|黒森山|二ノ岳|四辻ノ森|三光ノ辻山|東高月山|高月山|御祝山|横ノ森|小屋ヶ森|串ヶ森|目黒鳥屋|長尾森|二箆山|気多山|桂ヶ森|三の森|橡尾山|天堤山|谷崎山|小牛城|三傍示山|雨乞山|大旗山,summit-candidate:9186201ca03b041d|summit-candidate:12c27f259b66de80,70,mountains=34; candidates=2; conflicts=21
yamap_2022-05-07_07_14.gpx,寒川山・鋸山・七々木山・豊受山・赤星山,30,3,7,21,三本杭|東三方ヶ森|前々司山|寒川山|豊受山|赤星山|七々木山|鋸山|翠波峰|平石山|姫草|中三方ヶ森|石墨山|樽谷山|根無山|綱繰山|皿ヶ嶺|下兜山|高月山|桂ヶ森|猿越山|西山|橡尾山|野地峰|貝渚山|五段城|三ッ森山|三つ足山|大森山|雨霧山,summit-candidate:2f7dbee4c5bde53e|summit-candidate:eaabf45a5163fb65|summit-candidate:db51ae1b2be57eea,71,mountains=30; candidates=3; conflicts=21
yamap_2024-03-16_13_58.gpx,斎藤山,21,1,2,21,衣掛山|谷上山|権現山|高山|勝岡山|甲が森|横山(横山城址)|狩江権現山|権現山|権現山|トギ|張木山|高手山|斎藤山|唐谷山|龍王山|幻城上城|竜王山|愛の森|雨乞山|鼻欠山,summit-candidate:3c28b6ebd5a97155,72,mountains=21; candidates=1; conflicts=21
yamap_2026-01-18_09_11.gpx,竜王の峰,21,1,4,21,観音山|塩ヶ森|ヌタノサコ|極山|真松嶺|柿王寺森|種子川山|天狗森|立烏帽子山|陣が森|綱付山|京の森|大迫山|大判山|竜王の峰|尻高峰|うつむき山|妙見山|鉢が森|高山寺山|陣ヶ森,summit-candidate:51c8bc6a368c422c,73,mountains=21; candidates=1; conflicts=21
yamap_2022-05-15_06_10.gpx,割石東山・青滝山・堂ヶ森,71,6,4,20,三本杭|東三方ヶ森|うなめご|前々司山|陣ヶ森|豊受山|割石東山|青滝山|堂ヶ森|自念子ノ頭|姫草|篠山|泉ガ森|東山|前赤石山|中三方ヶ森|法師山|梅ヶ谷山|樽谷山|根無山|エビラ山|東山|福見山|明神ヶ森|皿ヶ嶺|下兜山|木久ヶ森|善神山|前善神山|東赤石山|八巻山|三光ノ辻山|観音森|大黒山|高月山|櫨ヶ森|毛山|観音岳|気多山|五代ヶ森|桂ヶ森|黒森山|沓掛山|平家平|子持権現山|岩屋山|銅山峰|三ッ足山|橡尾山|ハネズル山|滝山|浄心山|銅が鳴|高土の峰|加塚山|丸石山|野地峰|谷崎山|霧立山|鎧掛山|剣ノ山|峰畑山|高研山|大ノ森|雨乞山|妙見森|雨霧山|熊鷹山|兵庫山|生之越|玉取山,summit-candidate:2b97141dc260a078|summit-candidate:124ae25a51aa9a64|summit-candidate:242762a3c600ff91|summit-candidate:4b33f9c73e644793|summit-candidate:57e8c6cb102c9500|summit-candidate:bb644412fd9a132c,74,mountains=71; candidates=6; conflicts=20
yamap_2024-02-24_07_06.gpx,高月山・東高月山・郭公岳・櫨ヶ森・毛山,60,5,4,20,三本杭|八面山|引地山|東三方ヶ森|雨包山|碁石ヶ森|前々司山|陣ヶ森|豊受山|鋸山|割石東山|篠山|中三方ヶ森|古権現山|楢原山|割石峠山|白猪山|根無山|福見山|明神ヶ森|魚谷森|下兜山|善神山|前善神山|四辻ノ森|三光ノ辻山|大黒山|譲ヶ葉森|郭公岳|東高月山|高月山|櫨ヶ森|毛山|御祝山|横ノ森|小屋ヶ森|長尾森|二箆山|気多山|桂ヶ森|高縄山|二の森|三ッ足山|橡尾山|笹ヶ峰|北ヶ森|加塚山|谷崎山|霧立山|町木山|剣ノ山|塩塚峰|高研山|雨乞山|雨霧山|面木山|常住|熊鷹山|櫛ヶ峰|大旗山,summit-candidate:90c3723735d95c0d|summit-candidate:62351b8782d6f597|summit-candidate:3853fbbba7330ec4|summit-candidate:f7e5fd7b11eb7bd4|summit-candidate:ba56c1ac8ac55c5f,75,mountains=60; candidates=5; conflicts=20
yamap_2026-03-01_06_45.gpx,剣ノ山・三傍示山・塩塚峰,49,5,3,19,鬼ヶ城山|八面山|大久保山|引地山|雨包山|七々木山|鋸山|割石東山|篠山|古権現山|楢原山|割石峠山|福見山|南三方ヶ森|魚谷森|黒森山|善神山|前善神山|二ノ岳|大黒山|譲ヶ葉森|郭公岳|東高月山|櫨ヶ森|毛山|御祝山|串ヶ森|目黒鳥屋|長尾森|二箆山|高縄山|三の森|二の森|三ッ足山|笹ヶ峰|天堤山|北ヶ森|加塚山|小牛城|霧立山|地蔵山|剣ノ山|三傍示山|塩塚峰|高研山|面木山|常住|熊鷹山|櫛ヶ峰,summit-candidate:78274ad93e160452|summit-candidate:0d5802be6f4a6c6e|summit-candidate:737ce2580de91527|summit-candidate:740ae36ed8c63d60|summit-candidate:7a53852cc6c3e971,76,mountains=49; candidates=5; conflicts=19
yamap_2026-03-21_07_01.gpx,雨乞山・妙見森,45,4,3,19,三本杭|東三方ヶ森|うなめご|前々司山|陣ヶ森|豊受山|青滝山|姫草|牛城|中三方ヶ森|法師山|白猪山|梅ヶ谷山|樽谷山|根無山|明神ヶ森|皿ヶ嶺|下兜山|高森|四辻ノ森|三光ノ辻山|高月山|横ノ森|西雑誌山|気多山|桂ヶ森|銅山峰|カガマシ山|橡尾山|ハネズル山|小屋山|丸石山|野地峰|黒岩山|谷崎山|天満山|大ノ森|雨乞山|妙見森|笹峠山|雨霧山|雨乞山|兵庫山|生之越|玉取山,summit-candidate:f760bededfedfc09|summit-candidate:0f61b39e537be0a6|summit-candidate:cad0ade9ddec2b1a|summit-candidate:118b217506eb653f,77,mountains=45; candidates=4; conflicts=19
yamap_2024-02-17_05_38.gpx,大黒山・譲ヶ葉森,41,4,4,19,障子山|引地山|雨包山|伊之子山|鋸山|翠波峰|割石東山|古権現山|楢原山|割石峠山|河原樋山|福見山|魚谷森|善神山|前善神山|五葉が森|三森|秦皇山|大黒山|大黒山|譲ヶ葉森|郭公岳|毛山|音無山|御祝山|打越山|高縄山|二の森|三ッ足山|笹ヶ峰|北ヶ森|霧立山|地蔵山|剣ノ山|塩塚峰|黒山|大熊山|笠松山|蒲山|熊鷹山|櫛ヶ峰,summit-candidate:56cffb103cbe3aac|summit-candidate:19baf3ce30f8991a|summit-candidate:282882317c3aab0b|summit-candidate:f5c22dac4bd015ae,78,mountains=41; candidates=4; conflicts=19
yamap_2026-04-29_06_34.gpx,面木山・黒森,35,3,2,19,障子山|稔山|大月山|伊之子山|御在所山|翠波峰|北三方ヶ森|古権現山|河原樋山|魚谷森|菊ヶ森|餓鬼ヶ森|瀬戸黒森|三森|秦皇山|郭公岳|御祝山|日浦嶺|高縄山|壺神山|階上山|北ヶ森|船山|町木山|寒台山|尻割山|権現山|笹峠山|面木山|黒森|笠松山|蒲山|牛ノ峯|辻ヶ峰|常住,summit-candidate:a96db37bf518f31a|summit-candidate:c87a377b77c80862|summit-candidate:d5a6fcb592162088,79,mountains=35; candidates=3; conflicts=19
yamap_2022-05-05_13_29.gpx,陣ヶ森・前々司山・うなめご,34,3,4,19,三本杭|東三方ヶ森|碁石ヶ森|うなめご|前々司山|陣ヶ森|豊受山|青滝山|姫草|中三方ヶ森|白猪山|樽谷山|根無山|明神ヶ森|皿ヶ嶺|下兜山|四辻ノ森|三光ノ辻山|東高月山|高月山|横ノ森|小屋ヶ森|長尾森|気多山|桂ヶ森|橡尾山|ハネズル山|野地峰|谷崎山|雨乞山|雨霧山|陣ヶ森|大旗山|兵庫山,summit-candidate:e084389cc60ad329|summit-candidate:e7e4429a39f6359f|summit-candidate:ea6bebee79234da7,80,mountains=34; candidates=3; conflicts=19
yamap_2022-11-05_04_38.gpx,権現山・黒岳・エビラ山・二ッ岳,29,4,4,19,権現山|笠取山|堂ヶ森|自念子ノ頭|前赤石山|権現山|黒岳|エビラ山|二ッ岳|権現山|権現山|西赤石山|物住頭|上兜山|八巻山|権現山|丸滝山|椿山|黒森山|沓掛山|平家平|子持権現山|鶴ノ子ノ頭|前社ヶ森|剣山|大座礼山|権現山|権現山|権現山,summit-candidate:09547fd48f24d064|summit-candidate:7ef7c15a52318cc9|summit-candidate:cf97b8470d2ed1d7|summit-candidate:ffa6a88e4e680fd5,81,mountains=29; candidates=4; conflicts=19
yamap_2025-08-15_12_44.gpx,正木ノ森,19,1,3,19,牛城|東山|東山|冠岳|高森|西雑誌山|狼ヶ城山|カガマシ山|小屋山|黒岩山|小牛城|正木ノ森|五段城|天狗ノ森|黒川山|別子山|天満山|三ヶ森|扇山,summit-candidate:1c085703f9a891aa,82,mountains=19; candidates=1; conflicts=19
yamap_2025-01-03_07_19.gpx,壺神山・滝山・足山・皿が森,61,5,5,18,高森山|岩伽羅山|皿ヶ森|経座ヶ森|番駄ヶ森|ケタ山|大磨山|杉立山|水梨山|向山|十門山(十門城址)|三滝山|北三方ヶ森|泉ガ森|古権現山|遠ヶ森|魚谷森|木久ヶ森|丸山|瀬戸黒森|羽子山|郭公岳|白石山|御祝山|高縄山|秋葉山|明神山|壺神山|滝山|足山|皿が森|北ヶ森|岳山|一ヶ森|新谷神南山|五十崎神南山|笠成山|御在所山|陣が森岳|黒岩岳|船ヶ迫岳|鎌倉山|高森山|牛の峰|鞍掛山|大畑山|大森山|町木山|登議城山|尻割山|四本松|峰畑山|白木山|面木山|三石山|感応寺山|水無権現|秋葉山|黒山|辻ヶ峰|常住,summit-candidate:38105da918da8262|summit-candidate:0048d4d3a7981b80|summit-candidate:4db5b3ffd85092bf|summit-candidate:9306f5a7fe249a15|summit-candidate:c58c0ba7145621b9,83,mountains=61; candidates=5; conflicts=18
yamap_2023-04-09_09_08.gpx,菊ヶ森・餓鬼ヶ森,45,3,3,18,障子山|稔山|菊ヶ森|ヨソ山|大月山|伊之子山|御在所山|寒川山|翠波峰|平石山|北三方ヶ森|戸祇御前山|河原樋山|左谷ノ森|菊ヶ森|餓鬼ヶ森|五葉が森|瀬戸黒森|三森|秦皇山|音無山|日浦嶺|打越山|一の森|壺神山|階上山|船山|コクゾ峰|高森山|寒台山|尻割山|権現山|呉石山|長山|笹峠山|三郷の辻|黒森|星ヶ森|草屋敷|大熊山|笠松山|蒲山|牛ノ峯|小森|辻ヶ峰,summit-candidate:2a670286f545beb2|summit-candidate:4ffd2320af7e6acc|summit-candidate:be07cff01023e072,84,mountains=45; candidates=3; conflicts=18
yamap_2025-09-27_06_52.gpx,東光森山・別子山,42,4,3,18,ウバホド山|うなめご|前々司山|豊受山|赤星山|姫草|牛城|東山|石墨山|樽谷山|綱繰山|獅子舞の鼻|東山|皿ヶ嶺|冠岳|高森|西雑誌山|狼ヶ城山|猿越山|西山|カガマシ山|ハネズル山|小屋山|野地峰|黒岩山|貝渚山|伊吹山|正木ノ森|五段城|天狗ノ森|黒川山|東光森山|別子山|三ッ森山|三つ足山|大森山|天満山|雨霧山|台ヶ森|大森山|三ヶ森|扇山,summit-candidate:6358c7fb40ce841e|summit-candidate:4b66146264e5e167|summit-candidate:accbb6cf4fee8a2f|summit-candidate:69652a1c97f3b2eb,85,mountains=42; candidates=4; conflicts=18
yamap_2023-10-22_06_44.gpx,二ノ岳・高森,34,3,3,18,鬼ヶ城山|八面山|大久保山|七々木山|牛城|南三方ヶ森|黒森山|冠岳|二ノ岳|高森|東高月山|串ヶ森|目黒鳥屋|長尾森|二箆山|西雑誌山|狼ヶ城山|銅山峰|三の森|カガマシ山|天堤山|小屋山|丸石山|黒岩山|小牛城|正木ノ森|黒川山|別子山|天満山|地蔵山|三傍示山|妙見森|玉取山|三ヶ森,summit-candidate:b58470f57bb41331|summit-candidate:5771cdd191c3861d|summit-candidate:a61fd78e4e062683,86,mountains=34; candidates=3; conflicts=18
yamap_2024-10-05_06_40.gpx,銅山峰・西山・三の森・二の森・一の森,33,2,4,18,鍵山（象ヶ森）|西山|源氏ヶ駄場（薊野峰）|寒川山|赤星山|平石山|出石山|黒滝山|五葉が森|音無山|打越山|猿越山|銅山峰|西山|三の森|二の森|一の森|コクゾ峰|大野山|水なし山|貝渚山|五段城|三ッ森山|三つ足山|大森山|佐々連尾山|高森山|呉石山|大森山|棟山|星ヶ森|草屋敷|大熊山,summit-candidate:0dea5d073885dc9d|summit-candidate:057580d1c60049b6,87,mountains=33; candidates=2; conflicts=18
yamap_2022-12-12_08_41.gpx,遠ヶ森,18,1,2,18,高森山|経座ヶ森|水梨山|泉ガ森|遠ヶ森|扇山|木久ヶ森|羽子山|滝山|五十崎神南山|笠成山|大森山|四本松|峰畑山|水無権現|秋葉山|黒山|扇山,summit-candidate:02fa4cfab6fa90d3,88,mountains=18; candidates=1; conflicts=18
yamap_2023-09-06_13_30.gpx,冠岳,18,1,3,18,源氏ヶ駄場（薊野峰）|西ノ冠岳|東山|東山|冠岳|高森|狼ヶ城山|黒岩山|大野山|正木ノ森|黒川山|別子山|佐々連尾山|東ノ冠岳|天満山|大森山|三ヶ森|扇山,summit-candidate:b73a23fa4b3abc39,89,mountains=18; candidates=1; conflicts=18
yamap_2026-03-08_07_27.gpx,呉石山,18,1,2,18,鍵山（象ヶ森）|寒川山|平石山|出石山|黒滝山|五葉が森|音無山|打越山|一の森|コクゾ峰|高森山|呉石山|峰畑山|白木山|棟山|星ヶ森|草屋敷|大熊山,summit-candidate:784df3690acb5365,90,mountains=18; candidates=1; conflicts=18
yamap_2022-10-08_06_12.gpx,東山・西赤石山・物住頭・前赤石山・東赤石山・八巻山,22,4,5,17,堂ヶ森|自念子ノ頭|東山|前赤石山|権現山|黒岳|エビラ山|二ッ岳|東山|西赤石山|物住頭|東赤石山|八巻山|八辻ノ峰|五代ヶ森|黒森山|沓掛山|平家平|子持権現山|鶴ノ子ノ頭|前社ヶ森|剣山,summit-candidate:2b7cce23b57844a5|summit-candidate:5104c47f17101d63|summit-candidate:61a5956a49a7ace2|summit-candidate:e2bdd25969c7f122,91,mountains=22; candidates=4; conflicts=17
yamap_2026-01-25_07_43.gpx,船ヶ迫岳・鎌倉山,19,2,2,17,岩伽羅山|ケタ山|大磨山|杉立山|向山|十門山(十門城址)|三滝山|白石山|足山|新谷神南山|御在所山|黒岩岳|船ヶ迫岳|鎌倉山|牛の峰|大畑山|登議城山|感応寺山|水無権現,summit-candidate:4a22801b12460992|summit-candidate:ce7fc6697696cde7,92,mountains=19; candidates=2; conflicts=17
yamap_2025-10-11_06_24.gpx,大森山・佐々連尾山・三つ足山,18,2,4,17,源氏ヶ駄場（薊野峰）|赤星山|石墨山|綱繰山|大森山|猿越山|西山|足山|大野山|水なし山|貝渚山|五段城|三ッ森山|三つ足山|大森山|佐々連尾山|大森山|大森山,summit-candidate:565ba3761956d9b3|summit-candidate:a80dd0489247a839,93,mountains=18; candidates=2; conflicts=17
yamap_2022-11-14_13_02.gpx,出石山,17,1,2,17,鍵山（象ヶ森）|寒川山|平石山|出石山|黒滝山|五葉が森|音無山|一の森|高土の峰|コクゾ峰|大判山|高森山|呉石山|大野山|棟山|星ヶ森|草屋敷,summit-candidate:615a70cf4401199b,94,mountains=17; candidates=1; conflicts=17
yamap_2026-01-07_07_05.gpx,御在所山,17,1,2,17,ケタ山|大磨山|杉立山|向山|十門山(十門城址)|三滝山|御在所山|白石山|足山|新谷神南山|御在所山|高雄山|鎌倉山|牛の峰|大畑山|登議城山|感応寺山,summit-candidate:17c3649ad9b147ce,95,mountains=17; candidates=1; conflicts=17
yamap_2026-01-18_06_03.gpx,大判山,17,1,2,17,鍵山（象ヶ森）|寒川山|出石山|黒滝山|観音森|観音岳|岩屋山|浄心山|銅が鳴|高土の峰|大判山|竜王の峰|高森山|鎧掛山|大野山|棟山|星ヶ森,summit-candidate:fa9a4432fbf76027,96,mountains=17; candidates=1; conflicts=17
yamap_2025-04-27_06_23.gpx,野地峰・黒岩山・大野山,49,4,3,16,源氏ヶ駄場（薊野峰）|うなめご|前々司山|豊受山|割石東山|姫草|牛城|篠山|東山|楢原山|割石峠山|樽谷山|根無山|東山|福見山|皿ヶ嶺|前善神山|冠岳|高森|櫨ヶ森|毛山|西雑誌山|狼ヶ城山|銅山峰|二の森|カガマシ山|ハネズル山|加塚山|小屋山|丸石山|野地峰|黒岩山|大野山|水なし山|貝渚山|正木ノ森|黒川山|別子山|佐々連尾山|天満山|塩塚峰|高研山|妙見森|雨霧山|大森山|大野山|玉取山|三ヶ森|扇山,summit-candidate:53bf856dccad5eab|summit-candidate:17a471cc45af2c05|summit-candidate:8326f30918c16cbe|summit-candidate:e93bba1998d4efb5,97,mountains=49; candidates=4; conflicts=16
yamap_2025-03-23_11_12.gpx,北ヶ森・高土の峰,16,1,2,16,引地山|鋸山|古権現山|割石峠山|魚谷森|譲ヶ葉森|郭公岳|御祝山|高縄山|笹ヶ峰|北ヶ森|高土の峰|町木山|尻割山|面木山|常住,summit-candidate:dedadc05e5f6d5d5,98,mountains=16; candidates=1; conflicts=16
yamap_2025-06-21_08_53.gpx,貝渚山・水なし山,16,1,2,16,源氏ヶ駄場（薊野峰）|東山|東山|冠岳|狼ヶ城山|西山|大野山|水なし山|貝渚山|別子山|三ッ森山|大森山|佐々連尾山|大森山|三ヶ森|扇山,summit-candidate:403c0894babcf279,99,mountains=16; candidates=1; conflicts=16
yamap_2025-01-26_07_09.gpx,天が森・浄心山・銅が鳴,18,2,3,15,鍵山（象ヶ森）|寒川山|泉ガ森|出石山|黒滝山|観音森|観音岳|岩屋山|天が森|浄心山|銅が鳴|高土の峰|大判山|高森山|鎧掛山|大野山|棟山|星ヶ森,summit-candidate:090f7fa4be89ec5e|summit-candidate:37c3a34c16599379,100,mountains=18; candidates=2; conflicts=15
yamap_2023-05-27_09_55.gpx,前善神山・善神山,14,1,2,14,雨包山|割石東山|篠山|善神山|前善神山|大黒山|櫨ヶ森|毛山|三ッ足山|加塚山|霧立山|剣ノ山|熊鷹山|櫛ヶ峰,summit-candidate:367897a1c7a2d287,101,mountains=14; candidates=1; conflicts=14
yamap_2025-10-05_08_42.gpx,三ッ森山・大座礼山,28,4,2,13,源氏ヶ駄場（薊野峰）|大川嶺|笠取山|赤星山|石墨山|権現山|綱繰山|上兜山|面河山|丸笹山|丸滝山|椿山|中津山(明神山)|猿越山|西山|大野山|水なし山|貝渚山|伊吹山|五段城|前社ヶ森|三ッ森山|大座礼山|三つ足山|大森山|佐々連尾山|丸山|大森山,summit-candidate:8f124a2a1de32654|summit-candidate:2666cead0a841bbb|summit-candidate:20557338e1ab5de6|summit-candidate:b2662116bd1858b6,102,mountains=28; candidates=4; conflicts=13
yamap_2024-06-08_08_42.gpx,沓掛山・黒森山,15,2,3,13,堂ヶ森|自念子ノ頭|前赤石山|エビラ山|二ッ岳|黒森山|東赤石山|八巻山|五代ヶ森|黒森山|沓掛山|平家平|子持権現山|鶴ノ子ノ頭|黒森,summit-candidate:40e090ce41a89b55|summit-candidate:dd7a40896ae9f6d4,103,mountains=15; candidates=2; conflicts=13
yamap_2024-10-20_06_42.gpx,ハネズル山,12,1,2,12,うなめご|青滝山|姫草|法師山|梅ヶ谷山|皿ヶ嶺|ハネズル山|天堤山|野地峰|大ノ森|兵庫山|生之越,summit-candidate:e2c08955f9275289,104,mountains=12; candidates=1; conflicts=12
yamap_2024-04-20_05_43.gpx,気多山・八辻ノ峰・五代ヶ森,52,4,3,11,三本杭|東三方ヶ森|碁石ヶ森|ウバホド山|うなめご|前々司山|陣ヶ森|赤星山|青滝山|堂ヶ森|自念子ノ頭|姫草|中三方ヶ森|石墨山|法師山|白猪山|樽谷山|根無山|綱繰山|獅子舞の鼻|冠山|明神ヶ森|皿ヶ嶺|下兜山|東赤石山|八巻山|四辻ノ森|三光ノ辻山|高月山|横ノ森|小屋ヶ森|気多山|八辻ノ峰|五代ヶ森|桂ヶ森|沓掛山|平家平|橡尾山|ハネズル山|野地峰|谷崎山|東黒森|伊吹山|五段城|天狗ノ森|東光森山|三つ足山|雨乞山|台ヶ森|大旗山|兵庫山|生之越,summit-candidate:e010f98d2b23f547|summit-candidate:3f404ba3e31c8b54|summit-candidate:83056c3652757f25|summit-candidate:76cc7bb75549e7a1,105,mountains=52; candidates=4; conflicts=11
yamap_2022-07-02_07_43.gpx,石鎚山・西ノ冠岳・面河の頭・二ノ森・鞍瀬ノ頭,12,3,3,11,筒上山|鞍瀬ノ頭|二ノ森|面河の頭|西ノ冠岳|西黒森|ちち山|笹ヶ峰|石鎚山|冠岳|瓶ヶ森|東ノ冠岳,summit-candidate:846b096132c533d6|summit-candidate:bca203164e26ce6a|summit-candidate:fe43b0b6aa90cb8f,106,mountains=12; candidates=3; conflicts=11
yamap_2022-06-16_16_00.gpx,姫草,11,1,2,11,うなめご|前々司山|豊受山|姫草|牛城|樽谷山|皿ヶ嶺|ハネズル山|野地峰|小牛城|雨霧山,summit-candidate:dc456a72b89d4d52,107,mountains=11; candidates=1; conflicts=11
yamap_2022-04-15_11_52.gpx,皿ヶ嶺・引地山,27,2,2,10,鬼ヶ城山|八面山|大久保山|引地山|雨包山|うなめご|前々司山|七々木山|青滝山|姫草|樽谷山|南三方ヶ森|皿ヶ嶺|黒森山|二ノ岳|串ヶ森|目黒鳥屋|二箆山|三の森|ハネズル山|天堤山|野地峰|小牛城|地蔵山|三傍示山|櫛ヶ峰|兵庫山,summit-candidate:b06e13a9483478e5|summit-candidate:7a1f0e8b5f9e5cc2,108,mountains=27; candidates=2; conflicts=10
yamap_2022-05-02_09_06.gpx,大川嶺・笠取山・ウバホド山,14,2,3,10,大川嶺|笠取山|ウバホド山|権現山|上兜山|面河山|丸笹山|丸滝山|椿山|中津山(明神山)|伊吹山|前社ヶ森|大座礼山|丸山,summit-candidate:1ebd63d8e2790409|summit-candidate:33637f0e3b5b1405,109,mountains=14; candidates=2; conflicts=10
yamap_2025-09-07_08_00.gpx,鶴ノ子ノ頭・石鎚山,12,2,2,10,南尖峰|前赤石山|黒岳|エビラ山|二ッ岳|西赤石山|物住頭|天狗岳|石鎚山|子持権現山|鶴ノ子ノ頭|剣山,summit-candidate:19713e48698f3e2a|summit-candidate:65906dbbd6e5b747,110,mountains=12; candidates=2; conflicts=10
yamap_2022-04-30_08_30.gpx,岩黒山・筒上山・手箱山,22,4,3,9,岩黒山|筒上山|手箱山|鞍瀬ノ頭|面河の頭|西ノ冠岳|西黒森|寒風山|ちち山|笹ヶ峰|黒岳|二ッ岳|冠山|西赤石山|物住頭|八辻ノ峰|男山|伊予富士|東黒森|鶴ノ子ノ頭|剣山|黒山,summit-candidate:591204fdc01b55b6|summit-candidate:71b10e23075edf20|summit-candidate:d13554ef3debca9d|summit-candidate:43f9d4fa36aabb79,111,mountains=22; candidates=4; conflicts=9
yamap_2026-05-06_07_28.gpx,丸山・ちち山・笹ヶ峰,9,2,3,9,筒上山|面河の頭|西黒森|ちち山|笹ヶ峰|丸山|男山|笹ヶ峰|丸山,summit-candidate:453327d51d16e202|summit-candidate:b87c90ebd1eb0d06,112,mountains=9; candidates=2; conflicts=9
yamap_2025-09-21_08_53.gpx,前社ヶ森・剣山・黒川山,37,4,3,8,源氏ヶ駄場（薊野峰）|牛城|東山|黒岳|二ッ岳|東山|西赤石山|物住頭|冠岳|高森|西雑誌山|狼ヶ城山|猿越山|銅山峰|西山|カガマシ山|小屋山|丸石山|黒岩山|大野山|水なし山|貝渚山|正木ノ森|鶴ノ子ノ頭|黒川山|前社ヶ森|剣山|別子山|三ッ森山|大森山|佐々連尾山|天満山|妙見森|大森山|玉取山|三ヶ森|扇山,summit-candidate:56e8244e578a141a|summit-candidate:ee632dd427dbb1ff|summit-candidate:6b97922a3935a9a5|summit-candidate:109bc31ba8b3aa15,113,mountains=37; candidates=4; conflicts=8
yamap_2026-05-02_09_29.gpx,男山・瓶ヶ森・台ヶ森,20,3,3,7,岩黒山|堂ヶ森|自念子ノ頭|鞍瀬ノ頭|面河の頭|西ノ冠岳|寒風山|冠山|東赤石山|八巻山|八辻ノ峰|五代ヶ森|沓掛山|平家平|男山|瓶ヶ森|伊予富士|東黒森|東ノ冠岳|台ヶ森,summit-candidate:c9e357d000632346|summit-candidate:7a5ca8d918f43720|summit-candidate:53a6401abf71c488,114,mountains=20; candidates=3; conflicts=7
yamap_2022-05-22_08_09.gpx,石鎚山・天狗岳・南尖峰,3,1,2,3,南尖峰|天狗岳|石鎚山,summit-candidate:3b98b67bbe0fe0f9,115,mountains=3; candidates=1; conflicts=3
yamap_2025-03-20_08_27.gpx,高山・大里山・泰ノ山,73,4,4,2,吉山(吉山城址)|恵良山|愛宕山|常光寺山|高山|日王山|重茂山|菊ヶ森|芝ヶ峠|中坂山|潮見山|勝山|鉢巻山|立石山|安神山|小富士|子持山|大峰ヶ台|久司山|古法皇山|三本榎|高戸山|犬吠山|泰の山|大丸山|鹿島山|高山|塔ノ峰|唐子山|医王山|永納山(永納山城址)|岩子山|垣生山|津田山|弁天山|大森山|遠見山|石神山|鳥越山|谷田山|佐古田山|尾崎山|宝ヶ峯|淡路ヶ峠|えんとつ山|生子山|ベツソ山|歯朶谷山|宝股山|開山|名石山|スクモ塚|長者森|八倉山|笹ヶ平山|弥八山|垣生山|金子山|亀老山|大頭山|要害山|高穴山|若いもん山|無宗天山|姫政山|高森山|高山|泰ノ山|大里山|根太山|雨森山|野津子山|権現山,summit-candidate:98457196a66e294d|summit-candidate:fe8f624bdaa57afd|summit-candidate:8ff6361109e5ed5c|summit-candidate:c9aa57cdeb1b49fa,116,mountains=73; candidates=4; conflicts=2
yamap_2022-03-05_09_44.gpx,城山・水梨山・向山,69,5,3,1,関ヶ森|高森山|岩伽羅山|衣掛山|経座ヶ森|谷上山|権現山|白滝山|番駄ヶ森|杉立山|岩柄山|高山|勝岡山|城山|水梨山|向山|十門山(十門城址)|甲が森|横山(横山城址)|狩江権現山|極山|泉ガ森|遠ヶ森|権現山|真城ヶ台|犬返|木久ヶ森|羽子山|権現山|城山|張木山|斎藤山|五郎丸|高丸|金見山|木峰|唐谷山|龍王山|大谷山|城山|滝山|足山|皿が森|烏殿|幻城上城|竜王山|岳山|一ヶ森|愛の森|五十崎神南山|笠成山|堂所山|池ノ城山|御在所山|黒岩岳|鎌倉山|尻高峰|大森山|四本松|峰畑山|雨乞山|高山寺山|陣ヶ森|牛ヶ首|三石山|感応寺山|水無権現|秋葉山|黒山,summit-candidate:c1f175d0616be696|summit-candidate:07834c521328cc1d|summit-candidate:0a765b89058b256b|summit-candidate:cf1e11202c4f4280|summit-candidate:edd15dad4a862cba,117,mountains=69; candidates=5; conflicts=1
yamap_2025-04-06_08_48.gpx,加塚山,66,6,2,1,稔山|ヨソ山|大月山|引地山|伊之子山|御在所山|鋸山|平石山|割石東山|篠山|北三方ヶ森|戸祇御前山|古権現山|楢原山|河原樋山|福見山|魚谷森|左谷ノ森|菊ヶ森|餓鬼ヶ森|善神山|前善神山|五葉が森|瀬戸黒森|三森|秦皇山|譲ヶ葉森|郭公岳|櫨ヶ森|毛山|音無山|御祝山|日浦嶺|打越山|高縄山|二の森|一の森|笹ヶ峰|壺神山|階上山|北ヶ森|船山|コクゾ峰|加塚山|霧立山|町木山|寒台山|塩塚峰|尻割山|権現山|呉石山|長山|高研山|笹峠山|三郷の辻|面木山|黒森|草屋敷|大熊山|笠松山|蒲山|牛ノ峯|小森|辻ヶ峰|常住|熊鷹山,summit-candidate:69da123016e6ad8b|summit-candidate:18f6f4b086668887|summit-candidate:6a1baa0667de8a9d|summit-candidate:f59e1ba73617c383|summit-candidate:3f84cc393481fcf2|summit-candidate:cdd4a9ba931c816e,118,mountains=66; candidates=6; conflicts=1
yamap_2025-04-19_07_10.gpx,小屋山・丸石山,36,4,2,1,源氏ヶ駄場（薊野峰）|うなめご|青滝山|姫草|牛城|東山|法師山|梅ヶ谷山|東山|皿ヶ嶺|冠岳|高森|西雑誌山|狼ヶ城山|銅山峰|カガマシ山|ハネズル山|小屋山|丸石山|野地峰|黒岩山|大野山|水なし山|正木ノ森|黒川山|別子山|佐々連尾山|天満山|大ノ森|妙見森|大森山|兵庫山|生之越|玉取山|三ヶ森|扇山,summit-candidate:1f61c36c208539fd|summit-candidate:0cc9c1186612ceaa|summit-candidate:422a9e74717ca96d|summit-candidate:01f601a63b1874f6,119,mountains=36; candidates=4; conflicts=1
yamap_2022-10-14_13_01.gpx,犬吠山,35,1,1,1,愛宕山|常光寺山|日王山|中坂山|潮見山|勝山|鉢巻山|立石山|子持山|大峰ヶ台|久司山|高戸山|犬吠山|泰の山|鹿島山|高山|塔ノ峰|唐子山|医王山|永納山(永納山城址)|岩子山|垣生山|津田山|弁天山|遠見山|鳥越山|えんとつ山|開山|垣生山|金子山|要害山|若いもん山|高山|野津子山|権現山,summit-candidate:cc3fbb2358d0d4fc,120,mountains=35; candidates=1; conflicts=1
yamap_2026-01-07_09_14.gpx,高雄山,34,1,1,1,御在所山|積善山|笠松山|大友山|岡山（岡城址）|護摩ヶ森（護摩ヶ森城址）|見晴山|権現山|千羽ヶ岳|船野山|夫婦山|観音山|国見山|トギ|高手山|二反山|高萩山|行道山|水晶ヶ森|尉之山|勝山|松葉山（松葉城址）|御篠山|天が森|念仏山|大登山|大峰|堂堂山|紅葉山|梁瀬山|御在所山|高雄山|権現山|愛宕山,summit-candidate:a271a6c73ad11b69,121,mountains=34; candidates=1; conflicts=1
yamap_2022-03-25_12_12.gpx,十門山(十門城址)・ヨソ山,33,2,2,1,岩伽羅山|ケタ山|大磨山|杉立山|向山|稔山|十門山(十門城址)|ヨソ山|大月山|御在所山|戸祇御前山|左谷ノ森|菊ヶ森|白石山|日浦嶺|足山|階上山|船山|新谷神南山|御在所山|黒岩岳|鎌倉山|牛の峰|寒台山|登議城山|権現山|長山|三郷の辻|黒森|感応寺山|水無権現|牛ノ峯|小森,summit-candidate:a94564816fd4afff|summit-candidate:555fd1e3be8780dd,122,mountains=33; candidates=2; conflicts=1
yamap_2026-02-07_07_21.gpx,牛の峰・尻高峰,31,2,2,1,岩伽羅山|経座ヶ森|ケタ山|杉立山|水梨山|向山|十門山(十門城址)|泉ガ森|遠ヶ森|木久ヶ森|羽子山|観音森|観音岳|岩屋山|足山|浄心山|銅が鳴|新谷神南山|五十崎神南山|御在所山|黒岩岳|鎌倉山|牛の峰|尻高峰|鞍掛山|大森山|登議城山|峰畑山|感応寺山|水無権現|黒山,summit-candidate:bd8fda9e743f2008|summit-candidate:6adfa15b8dbd8966,123,mountains=31; candidates=2; conflicts=1
yamap_2024-04-28_10_37.gpx,日浦嶺・打越山,29,2,1,1,障子山|城山|稔山|ヨソ山|伊之子山|御在所山|翠波峰|平石山|河原樋山|菊ヶ森|五葉が森|三森|秦皇山|音無山|城山|狼ヶ城山|日浦嶺|打越山|一の森|城山|階上山|船山|寒台山|呉石山|黒森|大熊山|笠松山|蒲山|牛ノ峯,summit-candidate:606168b97944fce5|summit-candidate:498b9618ca98fa34,124,mountains=29; candidates=2; conflicts=1
yamap_2022-09-09_06_58.gpx,寒風山・笹ヶ峰・ちち山,28,4,1,1,鬼ヶ城山|八面山|大久保山|雨包山|岩黒山|筒上山|七々木山|面河の頭|西黒森|寒風山|ちち山|笹ヶ峰|冠山|南三方ヶ森|黒森山|二ノ岳|串ヶ森|目黒鳥屋|男山|伊予富士|三の森|笹ヶ峰|天堤山|東黒森|小牛城|地蔵山|三傍示山|櫛ヶ峰,summit-candidate:395bb631522975b6|summit-candidate:23eea13de5db5c9f|summit-candidate:9a59c4b620ba3792|summit-candidate:7213c478833fd90f,125,mountains=28; candidates=4; conflicts=1
yamap_2026-01-31_13_52.gpx,高森山,28,1,1,1,高森山|皿ヶ森|番駄ヶ森|ケタ山|大磨山|三滝山|遠見山|丸山|高森|白石山|秋葉山|明神山|皿が森|高森山|岳山|新谷神南山|陣が森岳|船ヶ迫岳|槇ノ山|遠見山|高森山|牛の峰|鞍掛山|大畑山|高森山|登議城山|白木山|三石山,summit-candidate:a9b00b48e0c94eab,126,mountains=28; candidates=1; conflicts=1
yamap_2022-03-09_10_20.gpx,稔山,25,2,2,1,障子山|稔山|ヨソ山|伊之子山|御在所山|翠波峰|河原樋山|左谷ノ森|菊ヶ森|三森|秦皇山|音無山|日浦嶺|打越山|階上山|船山|寒台山|長山|三郷の辻|黒森|大熊山|笠松山|蒲山|牛ノ峯|小森,summit-candidate:622b899de76208ef|summit-candidate:d1269170b687c5bc,127,mountains=25; candidates=2; conflicts=1
yamap_2022-04-09_14_44.gpx,大月山・高縄山,25,2,2,1,ヨソ山|大月山|北三方ヶ森|戸祇御前山|古権現山|魚谷森|左谷ノ森|餓鬼ヶ森|瀬戸黒森|郭公岳|白山|御祝山|高縄山|壺神山|北ヶ森|町木山|尻割山|権現山|長山|笹峠山|三郷の辻|面木山|小森|辻ヶ峰|常住,summit-candidate:9a68e7a3a97831ff|summit-candidate:6ba0d3c6b0fb6b96,128,mountains=25; candidates=2; conflicts=1
yamap_2023-01-28_12_19.gpx,谷田山・金毘羅山,24,1,1,1,花木山|天神山|室岡山|忽那山|龍石山|湯築山|伊勢山|黒崎山|西港山|大丸山|港山|すくも山|佐々久山|土亀山|天山|星岡山|鳥越山|谷田山|金毘羅山|佐古田山|古城山|尾崎山|御串山|城山,summit-candidate:ab7edbc3a52d24bf,129,mountains=24; candidates=1; conflicts=1
yamap_2022-07-10_07_25.gpx,男山・瓶ヶ森・西黒森,21,3,1,1,筒上山|堂ヶ森|自念子ノ頭|鞍瀬ノ頭|面河の頭|西ノ冠岳|西黒森|ちち山|笹ヶ峰|冠山|東赤石山|八巻山|八辻ノ峰|五代ヶ森|沓掛山|平家平|男山|瓶ヶ森|東黒森|東ノ冠岳|黒森,summit-candidate:f09a1f754bcb761e|summit-candidate:ccaadb71f8ae2bd1|summit-candidate:db28fcca36deb720,130,mountains=21; candidates=3; conflicts=1
yamap_2022-04-25_11_35.gpx,伊之子山・左谷ノ森,20,2,1,1,稔山|ヨソ山|大月山|伊之子山|御在所山|戸祇御前山|左谷ノ森|菊ヶ森|餓鬼ヶ森|日浦嶺|壺神山|階上山|船山|権現山|長山|笹峠山|三郷の辻|黒森|小森|辻ヶ峰,summit-candidate:15c71a530dcecd2e|summit-candidate:e793f83b8a4fd86f,131,mountains=20; candidates=2; conflicts=1
yamap_2022-01-15_08_17.gpx,関ヶ森・観音山・倉谷山・芝ヶ峠,97,4,2,0,関ヶ森|観音山|吉山(吉山城址)|恵良山|権現山|白滝山|伽藍山|岩柄山|石槌山|重茂山|ヌタノサコ|城山|倉谷山|芝ヶ峠|安神山|小富士|大友山|古法皇山|極山|三本榎|真松嶺|柿王寺森|権現山|護摩ヶ森（護摩ヶ森城址）|由良山|大森山|見晴山|権現山|石神山|尾崎山|宝ヶ峯|淡路ヶ峠|真城ヶ台|千羽ヶ岳|生子山|犬返|船野山|奥之城山|ベツソ山|平岡山(平岡城址)|宝股山|権現山|夫婦山|観音山|国見山|トギ|張木山|高手山|名石山|二反山|五郎丸|高丸|金見山|木峰|唐谷山|大谷山|岩が森|スクモ塚|長者森|八倉山|水晶ヶ森|笹ヶ平山|尉之山|勝山|松葉山（松葉城址）|烏殿|御篠山|天が森|弥八山|亀老山|念仏山|大頭山|高取山|高穴山|綱付山|幻城上城|姫政山|泰ノ山|大里山|一ヶ森|愛の森|京の森|大迫山|堂堂山|堂所山|天道ヶ頭|根太山|紅葉山|池ノ城山|雨森山|高雄山|尻高峰|雨乞山|鉢が森|高山寺山|陣ヶ森|牛ヶ首,summit-candidate:a0c35720552a78c8|summit-candidate:c284068144ec2cfd|summit-candidate:cb62a56e70cedbce|summit-candidate:feca346909b97b92,132,mountains=97; candidates=4; conflicts=0
yamap_2022-01-28_12_28.gpx,尾ノ峰・新城山・腰折山・恵良山,87,4,4,0,尾ノ峰|新城山|腰折山|恵良山|天神山|御幸寺山|西山|岩子山|経ヶ森|護摩ヶ森|重茂山|城山|菊ヶ森|道後山|芝ヶ峠|大久保山|八里ヶ峠|明神山|潮見山|勝山|鉢巻山|立石山|小富士|大峰ヶ台|松軒山|三山|久司山|石灰山|古法皇山|高文殊山|鏡山|雌甲山|愛ノ山|冨士山|扇山|高山|塔ノ峰|海山|永納山(永納山城址)|弁天山|大森山|遠見山|石神山|金比羅山|古城山|宝ヶ峯|淡路ヶ峠|えんとつ山|生子山|歯朶谷山|大黒山|宝股山|開山|鳥屋ヶ森|白山|城山|御勧請山|名石山|宅並山|城山|本尊山|スクモ塚|長者森|金子山|八堂山|亀老山|カレイ山|八幡山|高穴山|霊仙山|若いもん山|無宗天山|姫政山|館山|高森山|高山|泰ノ山|大里山|千秋寺山|根太山|峠ヶ森|雨森山|遠見山|飯之山|笠松山東峰|軽ノ山|野津子山,summit-candidate:36e3ac8003e8b5d0|summit-candidate:d6b806525709cc22|summit-candidate:ac7a1ebef52ea30c|summit-candidate:40260be41579ab8f,133,mountains=87; candidates=4; conflicts=0
yamap_2023-11-19_06_46.gpx,瀬戸黒森・三森・羽子山・観音森,67,5,4,0,高森山|岩伽羅山|経座ヶ森|障子山|鍵山（象ヶ森）|水梨山|大月山|伊之子山|寒川山|翠波峰|平石山|北三方ヶ森|戸祇御前山|泉ガ森|出石山|遠ヶ森|河原樋山|餓鬼ヶ森|木久ヶ森|黒滝山|五葉が森|瀬戸黒森|羽子山|観音森|三森|秦皇山|観音岳|音無山|御祝山|打越山|岩屋山|高縄山|一の森|壺神山|滝山|浄心山|銅が鳴|高土の峰|コクゾ峰|五十崎神南山|笠成山|黒岩岳|大判山|大森山|高森山|町木山|鎧掛山|尻割山|四本松|権現山|呉石山|峰畑山|笹峠山|面木山|黒森|水無権現|秋葉山|黒山|大野山|棟山|星ヶ森|草屋敷|大熊山|笠松山|蒲山|辻ヶ峰|常住,summit-candidate:9a0532ee2b40e5f3|summit-candidate:f7593239fa7bdcc9|summit-candidate:b997b8fd6709731d|summit-candidate:cf1cb583d492455c|summit-candidate:290abf917754fd0b,134,mountains=67; candidates=5; conflicts=0
yamap_2026-01-31_07_40.gpx,槇ノ山,66,2,1,0,高森山|衣掛山|谷上山|伽藍山|高山|勝岡山|御岳山|倉谷山|甲が森|積善山|鷲ヶ頭山|横山(横山城址)|世田山|笠松山|大友山|黒瀬山（黒瀬城址）|岡山（岡城址）|鉢ヶ森（鉢ヶ森城址）|護摩ヶ森（護摩ヶ森城址）|我合山（我合城址）|見晴山|権現山|遠見山|千羽ヶ岳|船野山|奥之城山|高森|総津権現山|平岡山(平岡城址)|竜門山|大空山|熊ガ峰|夫婦山|観音山|国見山|トギ|高手山|斎藤山|青刈山|二反山|薬師山|龍王山|岩が森|高萩山|行道山|尉之山|小山岳|勝山|松葉山（松葉城址）|御篠山|天が森|念仏山|高森山|大登山|竜王山|大峰|紅葉山|梁瀬山|高雄山|槇ノ山|遠見山|高森山|権現山|高森山|愛宕山|鼻欠山,summit-candidate:f39b40bd0d9b0192|summit-candidate:fcfb64bccceb89d4,135,mountains=66; candidates=2; conflicts=0
yamap_2024-04-07_06_45.gpx,二箆山・西雑誌山,63,6,2,0,鬼ヶ城山|三本杭|八面山|大久保山|東三方ヶ森|碁石ヶ森|前々司山|陣ヶ森|豊受山|七々木山|姫草|牛城|中三方ヶ森|法師山|白猪山|梅ヶ谷山|樽谷山|根無山|明神ヶ森|南三方ヶ森|皿ヶ嶺|下兜山|黒森山|冠岳|二ノ岳|高森|四辻ノ森|三光ノ辻山|東高月山|高月山|横ノ森|小屋ヶ森|串ヶ森|目黒鳥屋|長尾森|二箆山|西雑誌山|気多山|桂ヶ森|狼ヶ城山|銅山峰|三の森|カガマシ山|天堤山|小屋山|丸石山|野地峰|黒岩山|谷崎山|小牛城|正木ノ森|黒川山|別子山|天満山|三傍示山|大ノ森|雨乞山|妙見森|雨霧山|大旗山|生之越|玉取山|三ヶ森,summit-candidate:0a89128346167f6e|summit-candidate:ec2a95521eaac250|summit-candidate:67df63dc99cf8614|summit-candidate:aa8ff99fc3bd426d|summit-candidate:e4172c5503fdcc89|summit-candidate:09c1602c02ce7f78,136,mountains=63; candidates=6; conflicts=0
yamap_2022-04-16_07_39.gpx,東三方ヶ森,58,4,1,0,関ヶ森|皿ヶ森|番駄ヶ森|大磨山|城山|三本杭|東三方ヶ森|三滝山|碁石ヶ森|前々司山|陣ヶ森|豊受山|中三方ヶ森|白猪山|樽谷山|根無山|明神ヶ森|真城ヶ台|犬返|下兜山|丸山|四辻ノ森|三光ノ辻山|東高月山|高月山|白石山|横ノ森|小屋ヶ森|長尾森|気多山|桂ヶ森|橡尾山|五郎丸|高丸|金見山|木峰|秋葉山|明神山|皿が森|烏殿|岳山|一ヶ森|新谷神南山|谷崎山|堂所山|池ノ城山|陣が森岳|船ヶ迫岳|高森山|鞍掛山|大畑山|登議城山|白木山|雨乞山|雨霧山|牛ヶ首|三石山|大旗山,summit-candidate:b6f296c230c1891d|summit-candidate:8e8035372e25eb9d|summit-candidate:d06b9d5365beffaa|summit-candidate:77bb5774f7fa012e,137,mountains=58; candidates=4; conflicts=0
yamap_2023-01-08_09_18.gpx,権現山,56,2,1,0,観音山|権現山|白滝山|塩ヶ森|岩柄山|護摩ヶ森|ヌタノサコ|積善山|世田山|笠松山|狩江権現山|古権現山|権現山|権現山|黒瀬山（黒瀬城址）|岡山（岡城址）|鉢ヶ森（鉢ヶ森城址）|護摩ヶ森（護摩ヶ森城址）|我合山（我合城址）|見晴山|権現山|総津権現山|大空山|熊ガ峰|権現山|夫婦山|観音山|国見山|トギ|張木山|高手山|青刈山|二反山|子持権現山|唐谷山|大谷山|高萩山|行道山|尉之山|勝山|御篠山|天が森|念仏山|綱付山|幻城上城|大登山|大峰|天道ヶ頭|紅葉山|梁瀬山|高雄山|権現山|愛宕山|権現山|権現山|雨乞山,summit-candidate:32bb5e7e1071e808|summit-candidate:047b9599ec28c6ad,138,mountains=56; candidates=2; conflicts=0
yamap_2025-01-24_13_34.gpx,御篠山・松葉山（松葉城址）・烏殿,56,3,3,0,関ヶ森|伽藍山|番駄ヶ森|城山|倉谷山|積善山|篠山|大友山|極山|岡山（岡城址）|護摩ヶ森（護摩ヶ森城址）|見晴山|権現山|真城ヶ台|千羽ヶ岳|犬返|船野山|奥之城山|平岡山(平岡城址)|夫婦山|観音山|国見山|トギ|高手山|二反山|五郎丸|高丸|金見山|木峰|岩が森|行道山|水晶ヶ森|皿が森|尉之山|勝山|松葉山（松葉城址）|烏殿|御篠山|天が森|念仏山|大登山|岳山|一ヶ森|大迫山|大峰|堂堂山|堂所山|紅葉山|梁瀬山|池ノ城山|高雄山|尻高峰|権現山|高山寺山|陣ヶ森|牛ヶ首,summit-candidate:d71483d289d0c575|summit-candidate:2c1cbc474e49f1ec|summit-candidate:7a59a4750a70552c,139,mountains=56; candidates=3; conflicts=0
yamap_2022-09-04_12_08.gpx,大友山,55,2,1,0,伽藍山|倉谷山|積善山|世田山|笠松山|大友山|三山|冨士山|黒瀬山（黒瀬城址）|岡山（岡城址）|鉢ヶ森（鉢ヶ森城址）|護摩ヶ森（護摩ヶ森城址）|我合山（我合城址）|見晴山|権現山|千羽ヶ岳|船野山|奥之城山|歯朶谷山|平岡山(平岡城址)|大黒山|大空山|鳥屋ヶ森|熊ガ峰|天ガ森|夫婦山|白山|観音山|国見山|御勧請山|トギ|高手山|青刈山|二反山|岩が森|高萩山|行道山|水晶ヶ森|尉之山|勝山|松葉山（松葉城址）|御篠山|天が森|念仏山|大登山|大峰|堂堂山|紅葉山|梁瀬山|高雄山|遠見山|飯之山|権現山|愛宕山|笠松山東峰,summit-candidate:2b56d4ad77a0c4b7|summit-candidate:9b4175d2d4104530,140,mountains=55; candidates=2; conflicts=0
yamap_2022-10-16_10_19.gpx,楢原山・古権現山・中三方ヶ森,50,4,3,0,権現山|三本杭|引地山|東三方ヶ森|碁石ヶ森|陣ヶ森|鋸山|篠山|中三方ヶ森|古権現山|楢原山|割石峠山|白猪山|根無山|権現山|権現山|権現山|福見山|明神ヶ森|魚谷森|下兜山|四辻ノ森|三光ノ辻山|権現山|譲ヶ葉森|郭公岳|高月山|櫨ヶ森|御祝山|横ノ森|小屋ヶ森|気多山|桂ヶ森|高縄山|二の森|橡尾山|笹ヶ峰|北ヶ森|加塚山|谷崎山|権現山|町木山|塩塚峰|権現山|高研山|雨乞山|権現山|面木山|常住|大旗山,summit-candidate:0c2609d9e7e31a00|summit-candidate:17b2365d322cd022|summit-candidate:bcf5d9d5a90e5cda|summit-candidate:c7ac7ff98cacc074,141,mountains=50; candidates=4; conflicts=0
yamap_2023-01-21_09_56.gpx,大森山,50,1,0,0,吉山(吉山城址)|恵良山|権現山|重茂山|芝ヶ峠|安神山|小富士|古法皇山|狩江権現山|古権現山|権現山|権現山|大森山|見晴山|権現山|遠見山|石神山|金比羅山|尾崎山|宝ヶ峯|淡路ヶ峠|生子山|ベツソ山|歯朶谷山|総津権現山|宝股山|権現山|名石山|子持権現山|スクモ塚|長者森|笹ヶ平山|弥八山|亀老山|大頭山|高穴山|無宗天山|姫政山|高森山|泰ノ山|大里山|大森山|根太山|雨森山|遠見山|権現山|大森山|権現山|権現山|大森山,summit-candidate:830c63408bf56cc5,142,mountains=50; candidates=1; conflicts=0
yamap_2022-02-09_10_01.gpx,佐田岬と伽藍山,49,2,1,0,伽藍山|御岳山|花木山|倉谷山|天神山|室岡山|忽那山|鷲ヶ頭山|龍石山|大友山|湯築山|伊勢山|黒崎山|西港山|大丸山|港山|すくも山|佐々久山|土亀山|天山|星岡山|鉢ヶ森（鉢ヶ森城址）|見晴山|谷田山|金毘羅山|佐古田山|千羽ヶ岳|船野山|奥之城山|総津権現山|平岡山(平岡城址)|竜門山|御串山|夫婦山|トギ|二反山|薬師山|城山|岩が森|水晶ヶ森|小山岳|勝山|松葉山（松葉城址）|御篠山|天が森|堂堂山|高雄山|槇ノ山|花見山,summit-candidate:da46e12c02d47edf|summit-candidate:40d5b4863907057a,143,mountains=49; candidates=2; conflicts=0
yamap_2023-01-10_10_30.gpx,由良山,49,2,2,0,吉山(吉山城址)|尾ノ峰|腰折山|天神山|御幸寺山|西山|岩子山|経ヶ森|護摩ヶ森|石槌山|道後山|大久保山|八里ヶ峠|潮見山|安神山|松軒山|石灰山|高文殊山|三本榎|鏡山|雄甲山|雌甲山|愛ノ山|扇山|近見山|由良山|金比羅山|古城山|尾崎山|淡路ヶ峠|ベツソ山|城山|宅並山|本尊山|八倉山|笹ヶ平山|弥八山|西の山|北山|八堂山|カレイ山|大頭山|高取山|八幡山|高仙山|幻城下城|館山|峠ヶ森|軽ノ山,summit-candidate:8f19c4c16e72e270|summit-candidate:51a919059b1a6dbb,144,mountains=49; candidates=2; conflicts=0
yamap_2022-02-15_10_36.gpx,天神山・御幸寺山,48,2,2,0,尾ノ峰|新城山|腰折山|天神山|御幸寺山|西山|岩子山|経ヶ森|護摩ヶ森|菊ヶ森|道後山|大久保山|八里ヶ峠|天神山|明神山|潮見山|勝山|鉢巻山|立石山|大峰ヶ台|松軒山|久司山|石灰山|高文殊山|鏡山|雌甲山|愛ノ山|扇山|高山|塔ノ峰|海山|永納山(永納山城址)|弁天山|遠見山|金比羅山|古城山|開山|宅並山|本尊山|金子山|八堂山|八幡山|霊仙山|高山|千秋寺山|峠ヶ森|軽ノ山|野津子山,summit-candidate:543b4550a3ef3e87|summit-candidate:e4808690532bb46c,145,mountains=48; candidates=2; conflicts=0
yamap_2023-11-11_07_17.gpx,四辻ノ森・三光ノ辻山,43,5,2,0,鬼ヶ城山|三本杭|八面山|大久保山|東三方ヶ森|雨包山|碁石ヶ森|前々司山|陣ヶ森|豊受山|七々木山|中三方ヶ森|白猪山|樽谷山|根無山|明神ヶ森|南三方ヶ森|下兜山|黒森山|二ノ岳|四辻ノ森|三光ノ辻山|東高月山|高月山|横ノ森|小屋ヶ森|串ヶ森|目黒鳥屋|長尾森|二箆山|気多山|桂ヶ森|三の森|橡尾山|天堤山|谷崎山|小牛城|地蔵山|三傍示山|雨乞山|雨霧山|櫛ヶ峰|大旗山,summit-candidate:ad2256a1bfd3ef78|summit-candidate:b27cb491de0f94b6|summit-candidate:05f8527418663d3a|summit-candidate:c4504025c94f843c|summit-candidate:d659f1dc6e5fa0b5,146,mountains=43; candidates=5; conflicts=0
yamap_2024-02-10_07_09.gpx,鳥屋ヶ森,42,1,1,0,恵良山|権現山|重茂山|世田山|三山|狩江権現山|古権現山|冨士山|権現山|権現山|黒瀬山（黒瀬城址）|大森山|権現山|石神山|生子山|歯朶谷山|総津権現山|大黒山|宝股山|鳥屋ヶ森|熊ガ峰|権現山|天ガ森|白山|御勧請山|名石山|青刈山|子持権現山|長者森|亀老山|高穴山|無宗天山|高森山|大里山|根太山|雨森山|遠見山|飯之山|権現山|笠松山東峰|権現山|権現山,summit-candidate:ef6730fa259856ec,147,mountains=42; candidates=1; conflicts=0
yamap_2022-09-15_11_50.gpx,久司山,41,1,1,0,新城山|御幸寺山|愛宕山|常光寺山|日王山|菊ヶ森|潮見山|明神山|勝山|鉢巻山|立石山|子持山|大峰ヶ台|三山|伊勢山|久司山|石灰山|古法皇山|高戸山|犬吠山|泰の山|鹿島山|高山|塔ノ峰|海山|永納山(永納山城址)|岩子山|垣生山|津田山|弁天山|遠見山|えんとつ山|開山|金子山|要害山|霊仙山|若いもん山|高山|千秋寺山|野津子山|権現山,summit-candidate:507809fc1a4b9e4e,148,mountains=41; candidates=1; conflicts=0
yamap_2022-06-04_14_13.gpx,勝山,39,1,1,0,愛宕山|常光寺山|日王山|菊ヶ森|潮見山|勝山|鉢巻山|立石山|子持山|大峰ヶ台|久司山|高戸山|犬吠山|泰の山|鹿島山|高山|塔ノ峰|海山|唐子山|医王山|永納山(永納山城址)|岩子山|垣生山|津田山|弁天山|遠見山|鳥越山|えんとつ山|開山|勝山|垣生山|金子山|要害山|霊仙山|若いもん山|高山|千秋寺山|野津子山|権現山,summit-candidate:91cacd7deced8470,149,mountains=39; candidates=1; conflicts=0
yamap_2022-06-18_13_12.gpx,鉢巻山,38,1,0,0,新城山|愛宕山|常光寺山|日王山|菊ヶ森|潮見山|明神山|勝山|積善山|鉢巻山|立石山|子持山|大峰ヶ台|久司山|高戸山|犬吠山|泰の山|鹿島山|高山|塔ノ峰|海山|唐子山|永納山(永納山城址)|岩子山|垣生山|津田山|弁天山|遠見山|えんとつ山|開山|金子山|要害山|霊仙山|若いもん山|高山|千秋寺山|野津子山|権現山,summit-candidate:c4169cdcaf61f31a,150,mountains=38; candidates=1; conflicts=0
yamap_2022-12-25_11_41.gpx,近見山,38,1,1,0,吉山(吉山城址)|腰折山|高山|石槌山|道後山|潮見山|安神山|石灰山|高文殊山|三本榎|鏡山|雄甲山|高山|塔ノ峰|海山|近見山|唐子山|医王山|永納山(永納山城址)|佐々久山|由良山|尾崎山|ベツソ山|城山|八倉山|笹ヶ平山|弥八山|西の山|北山|カレイ山|大頭山|高取山|八幡山|高仙山|幻城下城|館山|高山|高山寺山,summit-candidate:d5b708b4d3aa86a0,151,mountains=38; candidates=1; conflicts=0
yamap_2024-02-10_09_58.gpx,熊ガ峰,38,1,1,0,権現山|積善山|世田山|笠松山|三山|狩江権現山|古権現山|冨士山|権現山|権現山|黒瀬山（黒瀬城址）|岡山（岡城址）|我合山（我合城址）|権現山|歯朶谷山|総津権現山|大黒山|大空山|鳥屋ヶ森|熊ガ峰|権現山|天ガ森|白山|観音山|御勧請山|青刈山|子持権現山|高萩山|無宗天山|大登山|大峰|遠見山|飯之山|権現山|愛宕山|笠松山東峰|権現山|権現山,summit-candidate:ef3e845b5d632dd3,152,mountains=38; candidates=1; conflicts=0
yamap_2022-09-15_12_35.gpx,石灰山・古法皇山,37,1,1,0,吉山(吉山城址)|石槌山|重茂山|芝ヶ峠|安神山|小富士|三山|伊勢山|久司山|石灰山|古法皇山|三本榎|近見山|由良山|大森山|尾崎山|宝ヶ峯|淡路ヶ峠|ベツソ山|城山|名石山|スクモ塚|長者森|八倉山|笹ヶ平山|弥八山|西の山|北山|大頭山|高取山|高穴山|高仙山|幻城下城|姫政山|泰ノ山|大里山|根太山,summit-candidate:4d0f5f75da9165b8,153,mountains=37; candidates=1; conflicts=0
yamap_2023-12-17_07_11.gpx,総津権現山,37,1,1,0,衣掛山|谷上山|権現山|伽藍山|高山|勝岡山|御岳山|倉谷山|甲が森|鷲ヶ頭山|横山(横山城址)|狩江権現山|権現山|権現山|鉢ヶ森（鉢ヶ森城址）|権現山|千羽ヶ岳|船野山|奥之城山|総津権現山|秦皇山|平岡山(平岡城址)|竜門山|権現山|斎藤山|薬師山|龍王山|岩が森|小山岳|松葉山（松葉城址）|竜王山|愛の森|槇ノ山|権現山|権現山|権現山|鼻欠山,summit-candidate:f108570a8e33ce90,154,mountains=37; candidates=1; conflicts=0
yamap_2025-01-30_13_18.gpx,金子山,37,1,1,0,新城山|御幸寺山|常光寺山|西山|護摩ヶ森|菊ヶ森|大久保山|潮見山|明神山|勝山|鉢巻山|立石山|子持山|大峰ヶ台|久司山|犬吠山|高山|塔ノ峰|海山|永納山(永納山城址)|垣生山|弁天山|遠見山|えんとつ山|開山|弥八山|西の山|北山|垣生山|金子山|八堂山|霊仙山|若いもん山|高山|千秋寺山|軽ノ山|野津子山,summit-candidate:3c1e55e6cc05c0ad,155,mountains=37; candidates=1; conflicts=0
yamap_2025-03-17_13_17.gpx,高森山,37,1,1,0,高森山|恵良山|重茂山|芝ヶ峠|小富士|三山|古法皇山|冨士山|大森山|石神山|宝ヶ峯|生子山|歯朶谷山|高森|大黒山|宝股山|鳥屋ヶ森|天ガ森|白山|御勧請山|名石山|スクモ塚|長者森|亀老山|高穴山|無宗天山|高森山|大登山|泰ノ山|大里山|根太山|雨森山|遠見山|高森山|飯之山|高森山|笠松山東峰,summit-candidate:682d61b87016166b,156,mountains=37; candidates=1; conflicts=0
yamap_2025-02-24_07_30.gpx,無宗天山,36,1,1,0,恵良山|重茂山|芝ヶ峠|小富士|世田山|三山|冨士山|天山|黒瀬山（黒瀬城址）|大森山|石神山|宝ヶ峯|生子山|歯朶谷山|大黒山|宝股山|鳥屋ヶ森|天ガ森|白山|御勧請山|名石山|スクモ塚|長者森|亀老山|高穴山|霊仙山|若いもん山|無宗天山|高森山|泰ノ山|大里山|根太山|雨森山|遠見山|飯之山|笠松山東峰,summit-candidate:0f09bdcc25daff65,157,mountains=36; candidates=1; conflicts=0
yamap_2025-02-28_07_34.gpx,綱付山・幻城上城,36,2,2,0,観音山|衣掛山|谷上山|権現山|白滝山|塩ヶ森|岩柄山|高山|勝岡山|ヌタノサコ|甲が森|横山(横山城址)|狩江権現山|柿王寺森|権現山|種子川山|権現山|張木山|斎藤山|天狗森|唐谷山|龍王山|大谷山|立烏帽子山|陣が森|綱付山|幻城上城|幻城下城|竜王山|愛の森|京の森|天道ヶ頭|竜王の峰|雨乞山|うつむき山|妙見山,summit-candidate:f19fd681c4c84753|summit-candidate:e4f762179d85915d,158,mountains=36; candidates=2; conflicts=0
yamap_2026-03-04_09_46.gpx,愛宕山,36,1,1,0,愛宕山|城山|積善山|笠松山|黒瀬山（黒瀬城址）|岡山（岡城址）|護摩ヶ森（護摩ヶ森城址）|我合山（我合城址）|見晴山|権現山|大空山|熊ガ峰|夫婦山|観音山|国見山|城山|トギ|高手山|青刈山|二反山|城山|高萩山|行道山|尉之山|勝山|御篠山|天が森|念仏山|大登山|大峰|紅葉山|梁瀬山|高雄山|権現山|登議城山|愛宕山,summit-candidate:c6ea08c2953b4cb8,159,mountains=36; candidates=1; conflicts=0
yamap_2022-03-12_08_31.gpx,菊ヶ森,35,1,1,0,新城山|御幸寺山|常光寺山|西山|護摩ヶ森|菊ヶ森|道後山|大久保山|潮見山|明神山|勝山|鉢巻山|立石山|子持山|大峰ヶ台|久司山|犬吠山|高山|塔ノ峰|海山|永納山(永納山城址)|垣生山|弁天山|遠見山|えんとつ山|菊ヶ森|開山|金子山|霊仙山|若いもん山|高山|千秋寺山|軽ノ山|野津子山|権現山,summit-candidate:ab8cf0f07d2a219d,160,mountains=35; candidates=1; conflicts=0
yamap_2025-12-14_12_03.gpx,根太山,35,1,1,0,吉山(吉山城址)|恵良山|重茂山|芝ヶ峠|安神山|小富士|古法皇山|三本榎|大森山|石神山|尾崎山|宝ヶ峯|淡路ヶ峠|生子山|ベツソ山|歯朶谷山|宝股山|名石山|スクモ塚|長者森|八倉山|笹ヶ平山|弥八山|亀老山|大頭山|高穴山|無宗天山|姫政山|高森山|泰ノ山|大里山|根太山|紅葉山|梁瀬山|雨森山,summit-candidate:b1bd2a482a691bd8,161,mountains=35; candidates=1; conflicts=0
yamap_2025-01-30_06_55.gpx,弥八山,34,1,1,0,吉山(吉山城址)|石槌山|重茂山|芝ヶ峠|安神山|小富士|古法皇山|三本榎|雄甲山|近見山|垣生山|由良山|大森山|尾崎山|宝ヶ峯|淡路ヶ峠|ベツソ山|城山|スクモ塚|八倉山|笹ヶ平山|弥八山|西の山|北山|垣生山|金子山|八堂山|カレイ山|大頭山|高取山|高仙山|幻城下城|姫政山|泰ノ山,summit-candidate:0cc40babcd0ce6bf,162,mountains=34; candidates=1; conflicts=0
yamap_2025-01-30_12_21.gpx,垣生山,34,1,1,0,愛宕山|常光寺山|日王山|中坂山|潮見山|勝山|子持山|高戸山|犬吠山|泰の山|大丸山|鹿島山|唐子山|医王山|永納山(永納山城址)|星岡山|岩子山|垣生山|津田山|弁天山|遠見山|鳥越山|谷田山|佐古田山|えんとつ山|弥八山|西の山|北山|垣生山|金子山|八堂山|要害山|若いもん山|権現山,summit-candidate:6c20bef6dc4e973b,163,mountains=34; candidates=1; conflicts=0
yamap_2025-02-09_08_01.gpx,念仏山,34,1,1,0,積善山|笠松山|岡山（岡城址）|護摩ヶ森（護摩ヶ森城址）|我合山（我合城址）|見晴山|権現山|大空山|夫婦山|観音山|国見山|トギ|高手山|二反山|高萩山|行道山|水晶ヶ森|尉之山|勝山|御篠山|天が森|カレイ山|念仏山|大頭山|高取山|八幡山|大登山|大峰|堂堂山|紅葉山|梁瀬山|高雄山|権現山|愛宕山,summit-candidate:110345ef4fb31191,164,mountains=34; candidates=1; conflicts=0
yamap_2025-03-10_08_18.gpx,姫政山,34,1,1,0,吉山(吉山城址)|石槌山|重茂山|芝ヶ峠|安神山|小富士|古法皇山|三本榎|雄甲山|近見山|由良山|大森山|尾崎山|宝ヶ峯|淡路ヶ峠|ベツソ山|城山|名石山|スクモ塚|長者森|八倉山|笹ヶ平山|弥八山|西の山|北山|大頭山|高取山|高穴山|高仙山|幻城下城|姫政山|館山|泰ノ山|大里山,summit-candidate:d456af62868c5044,165,mountains=34; candidates=1; conflicts=0
yamap_2025-03-17_14_08.gpx,大登山,34,1,1,0,高森山|積善山|世田山|笠松山|黒瀬山（黒瀬城址）|岡山（岡城址）|護摩ヶ森（護摩ヶ森城址）|我合山（我合城址）|権現山|高森|大空山|熊ガ峰|夫婦山|観音山|国見山|トギ|高手山|青刈山|高萩山|行道山|尉之山|勝山|御篠山|念仏山|高森山|大登山|大峰|紅葉山|梁瀬山|高雄山|高森山|権現山|高森山|愛宕山,summit-candidate:230b9847a05c8052,166,mountains=34; candidates=1; conflicts=0
yamap_2026-01-31_10_49.gpx,遠見山,34,1,1,0,高森山|恵良山|世田山|三山|冨士山|黒瀬山（黒瀬城址）|我合山（我合城址）|遠見山|石神山|生子山|歯朶谷山|高森|大黒山|大空山|宝股山|鳥屋ヶ森|熊ガ峰|天ガ森|白山|御勧請山|名石山|青刈山|亀老山|無宗天山|高森山|大里山|根太山|雨森山|槇ノ山|遠見山|高森山|飯之山|高森山|笠松山東峰,summit-candidate:e55456349660bd14,167,mountains=34; candidates=1; conflicts=0
yamap_2022-08-21_15_44.gpx,大峰ヶ台,33,1,1,0,愛宕山|常光寺山|日王山|中坂山|潮見山|勝山|鉢巻山|立石山|子持山|大峰ヶ台|久司山|高戸山|犬吠山|泰の山|鹿島山|高山|唐子山|医王山|永納山(永納山城址)|岩子山|垣生山|津田山|弁天山|遠見山|鳥越山|えんとつ山|垣生山|金子山|要害山|若いもん山|大峰|野津子山|権現山,summit-candidate:8de328f982753d58,168,mountains=33; candidates=1; conflicts=0
yamap_2022-08-26_08_45.gpx,世田山・笠松山,33,2,1,0,積善山|世田山|笠松山|黒瀬山（黒瀬城址）|岡山（岡城址）|護摩ヶ森（護摩ヶ森城址）|我合山（我合城址）|権現山|大空山|熊ガ峰|天ガ森|夫婦山|白山|観音山|国見山|御勧請山|高手山|青刈山|高萩山|行道山|尉之山|勝山|御篠山|念仏山|大登山|大峰|紅葉山|梁瀬山|高雄山|権現山|愛宕山|笠松山東峰|笠松山,summit-candidate:d0f2d4ee46a862c3|summit-candidate:9d5a3bd31bedfeda,169,mountains=33; candidates=2; conflicts=0
yamap_2022-12-25_12_44.gpx,唐子山,33,1,1,0,愛宕山|常光寺山|高山|日王山|中坂山|潮見山|勝山|子持山|高戸山|犬吠山|泰の山|鹿島山|高山|塔ノ峰|海山|近見山|唐子山|医王山|永納山(永納山城址)|佐々久山|岩子山|垣生山|津田山|弁天山|遠見山|鳥越山|えんとつ山|垣生山|要害山|若いもん山|高山|権現山|高山寺山,summit-candidate:71f4bbfe52f75585,170,mountains=33; candidates=1; conflicts=0
yamap_2023-03-05_11_09.gpx,宝ヶ峯・淡路ヶ峠,33,1,0,0,吉山(吉山城址)|恵良山|石槌山|重茂山|芝ヶ峠|安神山|小富士|古法皇山|三本榎|由良山|大森山|石神山|尾崎山|宝ヶ峯|淡路ヶ峠|生子山|ベツソ山|宝股山|名石山|スクモ塚|長者森|八倉山|笹ヶ平山|弥八山|亀老山|大頭山|高取山|高穴山|姫政山|泰ノ山|大里山|根太山|雨森山,summit-candidate:d43fade4de3e33c8,171,mountains=33; candidates=1; conflicts=0
yamap_2024-01-27_08_01.gpx,大空山,33,1,1,0,積善山|世田山|笠松山|三山|冨士山|黒瀬山（黒瀬城址）|岡山（岡城址）|我合山（我合城址）|権現山|大黒山|大空山|御串山|宝股山|開山|鳥屋ヶ森|熊ガ峰|天ガ森|白山|観音山|御勧請山|青刈山|薬師山|高萩山|行道山|大登山|大峰|紅葉山|梁瀬山|遠見山|飯之山|権現山|愛宕山|笠松山東峰,summit-candidate:fd13fabb918486e6,172,mountains=33; candidates=1; conflicts=0
yamap_2025-02-11_09_46.gpx,高穴山,33,1,1,0,吉山(吉山城址)|恵良山|重茂山|芝ヶ峠|安神山|小富士|古法皇山|三本榎|大森山|石神山|尾崎山|宝ヶ峯|淡路ヶ峠|生子山|ベツソ山|宝股山|名石山|スクモ塚|長者森|八倉山|笹ヶ平山|弥八山|亀老山|大頭山|要害山|高穴山|高仙山|姫政山|高森山|泰ノ山|大里山|根太山|雨森山,summit-candidate:a0b87feaf88e526d,173,mountains=33; candidates=1; conflicts=0
yamap_2026-01-04_08_20.gpx,雨森山,33,1,1,0,恵良山|重茂山|世田山|三山|冨士山|黒瀬山（黒瀬城址）|大森山|石神山|宝ヶ峯|生子山|歯朶谷山|大黒山|宝股山|鳥屋ヶ森|天ガ森|白山|御勧請山|名石山|青刈山|スクモ塚|長者森|亀老山|高穴山|無宗天山|高森山|泰ノ山|大里山|根太山|峠ヶ森|雨森山|遠見山|飯之山|笠松山東峰,summit-candidate:730e21bca5cdf60d,174,mountains=33; candidates=1; conflicts=0
yamap_2026-02-14_08_22.gpx,大畑山,33,1,0,0,皿ヶ森|権現山|ケタ山|大磨山|杉立山|三滝山|狩江権現山|古権現山|権現山|権現山|権現山|丸山|総津権現山|権現山|白石山|子持権現山|秋葉山|明神山|新谷神南山|御在所山|陣が森岳|船ヶ迫岳|高森山|牛の峰|鞍掛山|大畑山|飯之山|権現山|登議城山|権現山|白木山|権現山|三石山,summit-candidate:bb84b00f3a929195,175,mountains=33; candidates=1; conflicts=0
yamap_2022-06-18_11_15.gpx,積善山,32,1,1,0,積善山|鉢巻山|立石山|世田山|笠松山|黒瀬山（黒瀬城址）|岡山（岡城址）|護摩ヶ森（護摩ヶ森城址）|我合山（我合城址）|権現山|大空山|熊ガ峰|夫婦山|観音山|国見山|トギ|高手山|青刈山|高萩山|行道山|尉之山|勝山|御篠山|天が森|念仏山|大登山|大峰|紅葉山|梁瀬山|高雄山|権現山|愛宕山,summit-candidate:76a5e492c9dcf980,176,mountains=32; candidates=1; conflicts=0
yamap_2024-05-19_08_47.gpx,二反山・青刈山,32,1,1,0,伽藍山|倉谷山|積善山|大友山|護摩ヶ森（護摩ヶ森城址）|見晴山|権現山|千羽ヶ岳|船野山|奥之城山|平岡山(平岡城址)|夫婦山|国見山|トギ|高手山|青刈山|二反山|岩が森|行道山|水晶ヶ森|尉之山|勝山|松葉山（松葉城址）|御篠山|天が森|念仏山|大登山|堂堂山|紅葉山|梁瀬山|高雄山|権現山,summit-candidate:94e96018c0a5450d,177,mountains=32; candidates=1; conflicts=0
yamap_2024-09-23_07_35.gpx,中津山(明神山)・猿越山,32,4,2,0,明神山|源氏ヶ駄場（薊野峰）|大川嶺|笠取山|ウバホド山|赤星山|東山|石墨山|綱繰山|獅子舞の鼻|東山|上兜山|面河山|丸笹山|丸滝山|中津山(明神山)|猿越山|西山|明神山|大野山|水なし山|貝渚山|五段城|天狗ノ森|東光森山|三ッ森山|三つ足山|大森山|佐々連尾山|丸山|大森山|扇山,summit-candidate:a0c5556d9432a199|summit-candidate:bd875ddf4679d1f7|summit-candidate:eb3b108c5d508377|summit-candidate:fec0bb942061619b,178,mountains=32; candidates=4; conflicts=0
yamap_2025-01-11_11_51.gpx,勝山,32,1,0,0,勝山|積善山|笠松山|岡山（岡城址）|護摩ヶ森（護摩ヶ森城址）|我合山（我合城址）|見晴山|権現山|大空山|熊ガ峰|夫婦山|観音山|国見山|トギ|高手山|青刈山|二反山|高萩山|行道山|尉之山|小山岳|勝山|御篠山|天が森|念仏山|大登山|大峰|紅葉山|梁瀬山|高雄山|権現山|愛宕山,summit-candidate:2b833dfb6f3f84c1,179,mountains=32; candidates=1; conflicts=0
yamap_2025-01-30_14_42.gpx,八堂山,32,1,1,0,尾ノ峰|腰折山|天神山|御幸寺山|西山|岩子山|経ヶ森|護摩ヶ森|大久保山|八里ヶ峠|潮見山|松軒山|石灰山|高文殊山|鏡山|雌甲山|愛ノ山|扇山|垣生山|金比羅山|古城山|宅並山|本尊山|弥八山|西の山|北山|垣生山|金子山|八堂山|八幡山|峠ヶ森|軽ノ山,summit-candidate:bf9808bbf86d5d73,180,mountains=32; candidates=1; conflicts=0
yamap_2024-03-03_13_33.gpx,天ガ森,31,1,1,0,積善山|世田山|笠松山|三山|冨士山|黒瀬山（黒瀬城址）|岡山（岡城址）|我合山（我合城址）|歯朶谷山|大黒山|大空山|鳥屋ヶ森|熊ガ峰|白石山|観音岳|音無山|天ガ森|白山|観音山|御勧請山|青刈山|高萩山|行道山|大登山|大峰|梁瀬山|遠見山|飯之山|権現山|愛宕山|笠松山東峰,summit-candidate:93a4d66ef3ee559d,181,mountains=31; candidates=1; conflicts=0
yamap_2024-05-15_11_16.gpx,名石山,31,1,1,0,吉山(吉山城址)|恵良山|重茂山|芝ヶ峠|安神山|小富士|古法皇山|大森山|石神山|尾崎山|宝ヶ峯|淡路ヶ峠|生子山|ベツソ山|歯朶谷山|宝股山|名石山|スクモ塚|長者森|笹ヶ平山|弥八山|亀老山|大頭山|高穴山|無宗天山|姫政山|高森山|泰ノ山|大里山|根太山|雨森山,summit-candidate:ea919bf883e31a7b,182,mountains=31; candidates=1; conflicts=0
yamap_2024-06-14_06_46.gpx,二反山,31,1,0,0,伽藍山|倉谷山|積善山|大友山|護摩ヶ森（護摩ヶ森城址）|見晴山|権現山|千羽ヶ岳|船野山|奥之城山|平岡山(平岡城址)|夫婦山|国見山|トギ|高手山|二反山|岩が森|行道山|水晶ヶ森|尉之山|勝山|松葉山（松葉城址）|御篠山|天が森|念仏山|大登山|堂堂山|紅葉山|梁瀬山|高雄山|権現山,summit-candidate:bdf43111ae9de6ae,183,mountains=31; candidates=1; conflicts=0
yamap_2025-03-30_09_12.gpx,一ヶ森,31,1,1,0,関ヶ森|皿ヶ森|番駄ヶ森|御岳山|城山|真城ヶ台|犬返|丸山|五郎丸|高丸|金見山|木峰|秋葉山|明神山|皿が森|烏殿|竜王山|岳山|一ヶ森|愛の森|京の森|大迫山|堂所山|池ノ城山|陣が森岳|船ヶ迫岳|高森山|鞍掛山|白木山|牛ヶ首|三石山,summit-candidate:5f3f2f47d84464c4,184,mountains=31; candidates=1; conflicts=0
yamap_2025-10-23_15_58.gpx,大峰,31,1,1,0,積善山|大峰ヶ台|世田山|笠松山|黒瀬山（黒瀬城址）|岡山（岡城址）|護摩ヶ森（護摩ヶ森城址）|我合山（我合城址）|権現山|大空山|熊ガ峰|夫婦山|観音山|国見山|トギ|高手山|青刈山|高萩山|行道山|尉之山|勝山|御篠山|念仏山|大登山|大峰|堂堂山|紅葉山|梁瀬山|高雄山|権現山|愛宕山,summit-candidate:1946316119cd7251,185,mountains=31; candidates=1; conflicts=0
yamap_2025-10-23_16_38.gpx,堂堂山,31,1,1,0,伽藍山|御岳山|倉谷山|鷲ヶ頭山|大峰ヶ台|大友山|鉢ヶ森（鉢ヶ森城址）|護摩ヶ森（護摩ヶ森城址）|見晴山|千羽ヶ岳|船野山|奥之城山|平岡山(平岡城址)|夫婦山|国見山|トギ|高手山|二反山|薬師山|岩が森|水晶ヶ森|尉之山|小山岳|勝山|松葉山（松葉城址）|御篠山|天が森|念仏山|大峰|堂堂山|高雄山,summit-candidate:f3bf8b21a01f29ef,186,mountains=31; candidates=1; conflicts=0
yamap_2022-08-27_06_05.gpx,北三方ヶ森,30,2,1,0,障子山|稔山|ヨソ山|大月山|御在所山|翠波峰|北三方ヶ森|戸祇御前山|左谷ノ森|菊ヶ森|餓鬼ヶ森|瀬戸黒森|日浦嶺|高縄山|壺神山|階上山|船山|町木山|寒台山|尻割山|権現山|長山|笹峠山|三郷の辻|面木山|黒森|牛ノ峯|小森|辻ヶ峰|常住,summit-candidate:3111fcf6a23addd2|summit-candidate:80368eea9aabeb96,187,mountains=30; candidates=2; conflicts=0
yamap_2025-01-30_08_48.gpx,西の山,30,1,0,0,吉山(吉山城址)|石槌山|道後山|安神山|古法皇山|高文殊山|三本榎|雄甲山|近見山|垣生山|由良山|尾崎山|淡路ヶ峠|ベツソ山|城山|八倉山|笹ヶ平山|弥八山|西の山|北山|垣生山|金子山|八堂山|カレイ山|大頭山|高取山|高仙山|幻城下城|姫政山|館山,summit-candidate:a14a745323a3d3af,188,mountains=30; candidates=1; conflicts=0
yamap_2025-02-09_09_27.gpx,大頭山,30,1,1,0,吉山(吉山城址)|石槌山|芝ヶ峠|安神山|小富士|古法皇山|三本榎|雄甲山|近見山|由良山|尾崎山|宝ヶ峯|淡路ヶ峠|ベツソ山|城山|スクモ塚|八倉山|笹ヶ平山|弥八山|西の山|北山|カレイ山|念仏山|大頭山|高取山|八幡山|高仙山|幻城下城|姫政山|泰ノ山,summit-candidate:afc2e407c1d6b464,189,mountains=30; candidates=1; conflicts=0
yamap_2025-02-11_13_28.gpx,高仙山,30,1,1,0,吉山(吉山城址)|腰折山|石槌山|道後山|潮見山|安神山|石灰山|高文殊山|三本榎|鏡山|雄甲山|近見山|由良山|尾崎山|ベツソ山|城山|八倉山|笹ヶ平山|弥八山|西の山|北山|カレイ山|大頭山|高取山|八幡山|要害山|高穴山|高仙山|幻城下城|館山,summit-candidate:3807e62715de33f9,190,mountains=30; candidates=1; conflicts=0
yamap_2022-03-12_09_19.gpx,道後山,29,1,1,0,尾ノ峰|腰折山|天神山|経ヶ森|菊ヶ森|道後山|潮見山|石灰山|高文殊山|鏡山|雄甲山|愛ノ山|扇山|近見山|由良山|金比羅山|古城山|菊ヶ森|城山|宅並山|西の山|北山|八堂山|カレイ山|八幡山|高仙山|幻城下城|館山|峠ヶ森,summit-candidate:7c680b0eed0187fa,191,mountains=29; candidates=1; conflicts=0
yamap_2022-04-22_11_13.gpx,甲が森,29,1,1,0,衣掛山|谷上山|権現山|高山|勝岡山|御岳山|甲が森|三滝山|雨包山|源氏ヶ駄場（薊野峰）|碁石ヶ森|鷲ヶ頭山|横山(横山城址)|狩江権現山|鉢ヶ森（鉢ヶ森城址）|総津権現山|竜門山|張木山|斎藤山|薬師山|唐谷山|龍王山|滝山|小山岳|幻城上城|竜王山|愛の森|槇ノ山|鼻欠山,summit-candidate:50d68ea03af3c4ff,192,mountains=29; candidates=1; conflicts=0
yamap_2022-09-21_13_09.gpx,高文殊山,29,1,1,0,腰折山|天神山|経ヶ森|石槌山|道後山|潮見山|石灰山|高文殊山|三本榎|鏡山|雄甲山|愛ノ山|扇山|近見山|由良山|金比羅山|古城山|城山|宅並山|八倉山|西の山|北山|カレイ山|高取山|八幡山|高仙山|幻城下城|館山|峠ヶ森,summit-candidate:3a1a951de82d4254,193,mountains=29; candidates=1; conflicts=0
yamap_2023-06-11_11_57.gpx,五葉が森,29,2,1,0,鍵山（象ヶ森）|寒川山|平石山|泉ガ森|出石山|河原樋山|木久ヶ森|黒滝山|五葉が森|観音森|三森|観音岳|音無山|打越山|岩屋山|一の森|浄心山|銅が鳴|高土の峰|コクゾ峰|大判山|高森山|鎧掛山|呉石山|大野山|棟山|星ヶ森|草屋敷|大熊山,summit-candidate:1d3eb619bd125bfd|summit-candidate:9488d92d9ea95406,194,mountains=29; candidates=2; conflicts=0
yamap_2025-03-10_10_25.gpx,館山,29,1,1,0,尾ノ峰|腰折山|天神山|経ヶ森|道後山|潮見山|松軒山|石灰山|高文殊山|鏡山|雄甲山|雌甲山|愛ノ山|扇山|近見山|金比羅山|古城山|城山|宅並山|西の山|北山|八堂山|カレイ山|八幡山|高仙山|幻城下城|姫政山|館山|峠ヶ森,summit-candidate:6b836f5beefdd52c,195,mountains=29; candidates=1; conflicts=0
yamap_2025-03-30_07_01.gpx,竜王山,29,1,1,0,衣掛山|谷上山|権現山|高山|勝岡山|御岳山|甲が森|鷲ヶ頭山|横山(横山城址)|狩江権現山|鉢ヶ森（鉢ヶ森城址）|総津権現山|竜門山|権現山|張木山|斎藤山|薬師山|唐谷山|龍王山|小山岳|幻城上城|竜王山|岳山|一ヶ森|愛の森|京の森|大迫山|槇ノ山|鼻欠山,summit-candidate:62d2811f5d1a9f29,196,mountains=29; candidates=1; conflicts=0
yamap_2022-10-14_13_42.gpx,泰の山,28,1,0,0,愛宕山|常光寺山|日王山|中坂山|潮見山|勝山|立石山|子持山|大峰ヶ台|高戸山|犬吠山|泰の山|鹿島山|高山|唐子山|医王山|永納山(永納山城址)|岩子山|垣生山|津田山|弁天山|遠見山|鳥越山|えんとつ山|垣生山|要害山|若いもん山|権現山,summit-candidate:c7de309bf838af87,197,mountains=28; candidates=1; conflicts=0
yamap_2022-12-12_10_30.gpx,扇山,28,1,1,0,尾ノ峰|腰折山|天神山|御幸寺山|西山|岩子山|経ヶ森|護摩ヶ森|大久保山|八里ヶ峠|潮見山|松軒山|石灰山|高文殊山|鏡山|雌甲山|愛ノ山|遠ヶ森|扇山|金比羅山|古城山|宅並山|本尊山|八堂山|八幡山|峠ヶ森|軽ノ山|扇山,summit-candidate:9acc21860aa8a208,198,mountains=28; candidates=1; conflicts=0
yamap_2023-03-20_15_17.gpx,千羽ヶ岳,28,1,1,0,伽藍山|倉谷山|鷲ヶ頭山|大友山|鉢ヶ森（鉢ヶ森城址）|護摩ヶ森（護摩ヶ森城址）|見晴山|千羽ヶ岳|船野山|奥之城山|平岡山(平岡城址)|夫婦山|国見山|トギ|高手山|二反山|薬師山|岩が森|水晶ヶ森|尉之山|小山岳|勝山|松葉山（松葉城址）|御篠山|天が森|念仏山|堂堂山|高雄山,summit-candidate:afd70dd670366e77,199,mountains=28; candidates=1; conflicts=0
yamap_2023-10-14_07_53.gpx,丸山,28,1,1,0,関ヶ森|皿ヶ森|番駄ヶ森|城山|三滝山|大丸山|真城ヶ台|丸山|五郎丸|高丸|金見山|木峰|秋葉山|明神山|皿が森|烏殿|岳山|一ヶ森|堂所山|池ノ城山|陣が森岳|船ヶ迫岳|高森山|鞍掛山|大畑山|白木山|丸山|三石山,summit-candidate:2670057d58a25475,200,mountains=28; candidates=1; conflicts=0
yamap_2025-02-28_10_24.gpx,幻城下城,28,1,1,0,吉山(吉山城址)|石槌山|道後山|潮見山|安神山|石灰山|高文殊山|三本榎|雄甲山|近見山|由良山|尾崎山|淡路ヶ峠|ベツソ山|城山|八倉山|笹ヶ平山|弥八山|西の山|北山|カレイ山|大頭山|高取山|高仙山|綱付山|幻城上城|幻城下城|館山,summit-candidate:2129bbc9c3950a91,201,mountains=28; candidates=1; conflicts=0
yamap_2026-01-04_11_16.gpx,峠ヶ森,28,1,1,0,尾ノ峰|腰折山|天神山|経ヶ森|道後山|潮見山|松軒山|石灰山|高文殊山|鏡山|雄甲山|雌甲山|愛ノ山|扇山|近見山|金比羅山|古城山|城山|宅並山|西の山|北山|八堂山|カレイ山|八幡山|幻城下城|館山|峠ヶ森|雨森山,summit-candidate:e7b64a377534c79e,202,mountains=28; candidates=1; conflicts=0
yamap_2022-09-26_12_07.gpx,三本榎,27,1,1,0,吉山(吉山城址)|石槌山|道後山|安神山|高文殊山|三本榎|鏡山|雄甲山|近見山|由良山|尾崎山|淡路ヶ峠|ベツソ山|城山|青刈山|二反山|八倉山|笹ヶ平山|弥八山|西の山|北山|カレイ山|大頭山|高取山|高仙山|幻城下城|館山,summit-candidate:8251283605282249,203,mountains=27; candidates=1; conflicts=0
yamap_2022-10-27_13_37.gpx,冨士山,27,1,1,0,世田山|笠松山|三山|冨士山|黒瀬山（黒瀬城址）|岡山（岡城址）|我合山（我合城址）|歯朶谷山|大黒山|大空山|鳥屋ヶ森|熊ガ峰|天ガ森|白山|観音山|御勧請山|青刈山|高萩山|無宗天山|高森山|大登山|大峰|遠見山|飯之山|権現山|愛宕山|笠松山東峰,summit-candidate:9d447faef6efe2ab,204,mountains=27; candidates=1; conflicts=0
yamap_2025-02-09_11_27.gpx,高取山,27,1,0,0,吉山(吉山城址)|腰折山|石槌山|道後山|潮見山|石灰山|高文殊山|三本榎|鏡山|雄甲山|近見山|由良山|尾崎山|城山|八倉山|笹ヶ平山|弥八山|西の山|北山|カレイ山|念仏山|大頭山|高取山|八幡山|高仙山|幻城下城|館山,summit-candidate:86e4db352b85ced4,205,mountains=27; candidates=1; conflicts=0
yamap_2025-03-30_08_20.gpx,岳山,27,1,0,0,皿ヶ森|番駄ヶ森|大磨山|御岳山|三滝山|丸山|白石山|五郎丸|金見山|木峰|秋葉山|明神山|皿が森|竜王山|岳山|一ヶ森|愛の森|京の森|大迫山|堂所山|陣が森岳|船ヶ迫岳|高森山|鞍掛山|大畑山|白木山|三石山,summit-candidate:b02ff952b74ca472,206,mountains=27; candidates=1; conflicts=0
yamap_2026-03-08_10_45.gpx,白木山,27,1,1,0,関ヶ森|皿ヶ森|番駄ヶ森|城山|三滝山|丸山|五郎丸|高丸|金見山|木峰|秋葉山|明神山|皿が森|烏殿|岳山|一ヶ森|堂所山|池ノ城山|陣が森岳|船ヶ迫岳|高森山|鞍掛山|大畑山|呉石山|峰畑山|白木山|三石山,summit-candidate:ab39145b6a448b8d,207,mountains=27; candidates=1; conflicts=0
yamap_2026-04-19_10_27.gpx,鼻欠山,27,1,1,0,衣掛山|谷上山|権現山|高山|勝岡山|御岳山|甲が森|鷲ヶ頭山|横山(横山城址)|狩江権現山|鉢ヶ森（鉢ヶ森城址）|総津権現山|竜門山|権現山|張木山|斎藤山|薬師山|唐谷山|龍王山|小山岳|幻城上城|竜王山|愛の森|槇ノ山|雨乞山|雨乞山|鼻欠山,summit-candidate:9e86644a708cb211,208,mountains=27; candidates=1; conflicts=0
yamap_2022-09-15_11_02.gpx,伊勢山,26,1,1,0,花木山|天神山|室岡山|忽那山|龍石山|湯築山|三山|伊勢山|久司山|石灰山|古法皇山|黒崎山|西港山|大丸山|港山|すくも山|佐々久山|土亀山|天山|星岡山|谷田山|金毘羅山|佐古田山|御串山|城山|花見山,summit-candidate:bd145a45a7d01b99,209,mountains=26; candidates=1; conflicts=0
yamap_2022-11-07_12_37.gpx,鹿島山,26,1,1,0,愛宕山|常光寺山|日王山|中坂山|潮見山|子持山|湯築山|高戸山|犬吠山|泰の山|大丸山|鹿島山|唐子山|医王山|星岡山|岩子山|垣生山|津田山|鳥越山|谷田山|佐古田山|えんとつ山|垣生山|要害山|若いもん山|権現山,summit-candidate:e4fbd033b13d73ce,210,mountains=26; candidates=1; conflicts=0
yamap_2023-04-18_06_58.gpx,船野山,26,1,1,0,衣掛山|谷上山|権現山|高山|勝岡山|御岳山|甲が森|鷲ヶ頭山|横山(横山城址)|狩江権現山|鉢ヶ森（鉢ヶ森城址）|船野山|木久ヶ森|黒滝山|総津権現山|竜門山|張木山|斎藤山|薬師山|龍王山|小山岳|幻城上城|竜王山|愛の森|槇ノ山|鼻欠山,summit-candidate:7880c9d0de83468b,211,mountains=26; candidates=1; conflicts=0
yamap_2024-06-16_07_27.gpx,薬師山,26,1,0,0,谷上山|伽藍山|勝岡山|御岳山|倉谷山|甲が森|鷲ヶ頭山|横山(横山城址)|大友山|鉢ヶ森（鉢ヶ森城址）|千羽ヶ岳|船野山|奥之城山|総津権現山|平岡山(平岡城址)|竜門山|斎藤山|薬師山|龍王山|岩が森|水晶ヶ森|小山岳|松葉山（松葉城址）|堂堂山|槇ノ山|鼻欠山,summit-candidate:167756a8b787a168,212,mountains=26; candidates=1; conflicts=0
yamap_2024-07-08_11_33.gpx,宅並山,26,1,1,0,尾ノ峰|腰折山|天神山|御幸寺山|西山|岩子山|経ヶ森|護摩ヶ森|大久保山|八里ヶ峠|潮見山|松軒山|石灰山|高文殊山|鏡山|雌甲山|愛ノ山|扇山|金比羅山|古城山|宅並山|本尊山|八堂山|八幡山|峠ヶ森|軽ノ山,summit-candidate:f1ee81f4d467a28e,213,mountains=26; candidates=1; conflicts=0
yamap_2026-01-11_10_38.gpx,陣が森岳,26,1,1,0,関ヶ森|皿ヶ森|番駄ヶ森|大磨山|城山|三滝山|丸山|白石山|五郎丸|金見山|木峰|秋葉山|明神山|陣が森|皿が森|岳山|一ヶ森|堂所山|陣が森岳|黒岩岳|船ヶ迫岳|高森山|鞍掛山|大畑山|白木山|三石山,summit-candidate:1fd59e0e67624706,214,mountains=26; candidates=1; conflicts=0
yamap_2022-04-22_12_22.gpx,三滝山,25,1,1,0,皿ヶ森|ケタ山|大磨山|杉立山|甲が森|三滝山|雨包山|源氏ヶ駄場（薊野峰）|碁石ヶ森|丸山|白石山|秋葉山|明神山|滝山|足山|新谷神南山|御在所山|陣が森岳|船ヶ迫岳|高森山|牛の峰|鞍掛山|大畑山|登議城山|白木山,summit-candidate:da65a16f23740e83,215,mountains=25; candidates=1; conflicts=0
yamap_2024-02-10_13_09.gpx,権現山,25,1,1,0,観音山|権現山|白滝山|塩ヶ森|岩柄山|ヌタノサコ|狩江権現山|古権現山|権現山|権現山|権現山|総津権現山|鳥屋ヶ森|熊ガ峰|権現山|子持権現山|唐谷山|大谷山|綱付山|幻城上城|天道ヶ頭|権現山|権現山|権現山|雨乞山,summit-candidate:84f974876f397da1,216,mountains=25; candidates=1; conflicts=0
yamap_2026-02-22_06_23.gpx,大森山,25,1,1,0,高森山|経座ヶ森|水梨山|泉ガ森|遠ヶ森|大森山|木久ヶ森|羽子山|滝山|銅が鳴|高森山|五十崎神南山|笠成山|大森山|高森山|大森山|高森山|町木山|寒台山|鎧掛山|四本松|峰畑山|大森山|秋葉山|黒山,summit-candidate:b3cf76c035511afe,217,mountains=25; candidates=1; conflicts=0
yamap_2026-03-04_06_40.gpx,登議城山,25,1,1,0,皿ヶ森|ケタ山|大磨山|愛宕山|杉立山|城山|三滝山|丸山|白石山|城山|城山|秋葉山|明神山|足山|新谷神南山|御在所山|陣が森岳|船ヶ迫岳|高森山|牛の峰|鞍掛山|大畑山|登議城山|愛宕山|白木山,summit-candidate:9fe27d7d4a51aa70,218,mountains=25; candidates=1; conflicts=0
yamap_2023-01-28_13_44.gpx,佐古田山,24,1,0,0,花木山|天神山|室岡山|忽那山|龍石山|湯築山|伊勢山|黒崎山|西港山|大丸山|港山|すくも山|佐々久山|土亀山|天山|星岡山|鳥越山|谷田山|金毘羅山|佐古田山|古城山|尾崎山|御串山|城山,summit-candidate:cf6802c2dafdbf46,219,mountains=24; candidates=1; conflicts=0
yamap_2024-07-06_10_01.gpx,子持権現山・男山・瓶ヶ森,24,2,1,0,権現山|堂ヶ森|鞍瀬ノ頭|面河の頭|西ノ冠岳|前赤石山|権現山|黒岳|エビラ山|二ッ岳|権現山|権現山|物住頭|権現山|黒森山|沓掛山|子持権現山|男山|瓶ヶ森|鶴ノ子ノ頭|東ノ冠岳|権現山|権現山|権現山,summit-candidate:df6b60d513f5518e|summit-candidate:f2538b7f88e2dd06,220,mountains=24; candidates=2; conflicts=0
yamap_2025-12-06_08_06.gpx,霧立山・地蔵山,24,2,2,0,鬼ヶ城山|八面山|大久保山|雨包山|七々木山|南三方ヶ森|黒森山|善神山|二ノ岳|大黒山|毛山|串ヶ森|目黒鳥屋|二箆山|三の森|三ッ足山|天堤山|小牛城|霧立山|地蔵山|剣ノ山|三傍示山|熊鷹山|櫛ヶ峰,summit-candidate:9fe4d21715424f17|summit-candidate:b319c20dc9ecb5f1,221,mountains=24; candidates=2; conflicts=0
yamap_2022-10-11_15_15.gpx,黒崎山,23,1,1,0,愛宕山|日王山|中坂山|湯築山|黒崎山|高戸山|泰の山|大丸山|鹿島山|唐子山|医王山|星岡山|岩子山|垣生山|津田山|鳥越山|谷田山|佐古田山|御串山|城山|垣生山|要害山|権現山,summit-candidate:541ec86327b86307,222,mountains=23; candidates=1; conflicts=0
yamap_2024-05-11_07_45.gpx,丸笹山,23,2,1,0,源氏ヶ駄場（薊野峰）|笠取山|赤星山|石墨山|権現山|上兜山|丸笹山|丸滝山|椿山|中津山(明神山)|猿越山|西山|滝山|水なし山|貝渚山|五段城|前社ヶ森|三ッ森山|大座礼山|三つ足山|大森山|佐々連尾山|丸山,summit-candidate:8917a066a1c03aeb|summit-candidate:5ec5a611be375a53,223,mountains=23; candidates=2; conflicts=0
yamap_2024-09-14_07_46.gpx,伊予富士,23,3,1,0,岩黒山|ウバホド山|赤星山|寒風山|石墨山|黒岳|二ッ岳|綱繰山|獅子舞の鼻|冠山|西赤石山|物住頭|八辻ノ峰|伊予富士|猿越山|西山|東黒森|五段城|鶴ノ子ノ頭|剣山|三ッ森山|三つ足山|大森山,summit-candidate:6f70c7d3c27fe164|summit-candidate:756a1162bc669c0b|summit-candidate:9aa0e8d9e593d79d,224,mountains=23; candidates=3; conflicts=0
yamap_2025-02-11_08_43.gpx,要害山,23,1,1,0,愛宕山|日王山|中坂山|湯築山|高戸山|泰の山|大丸山|鹿島山|唐子山|医王山|星岡山|岩子山|垣生山|津田山|鳥越山|谷田山|佐古田山|御串山|垣生山|要害山|高穴山|高仙山|権現山,summit-candidate:0005c0040c7c7966,225,mountains=23; candidates=1; conflicts=0
yamap_2026-02-07_11_17.gpx,鞍掛山,23,1,1,0,皿ヶ森|番駄ヶ森|大磨山|三滝山|丸山|白石山|五郎丸|金見山|秋葉山|明神山|皿が森|岳山|一ヶ森|新谷神南山|陣が森岳|船ヶ迫岳|高森山|牛の峰|尻高峰|鞍掛山|大畑山|白木山|三石山,summit-candidate:6b19d2116121b615,226,mountains=23; candidates=1; conflicts=0
yamap_2022-07-21_10_02.gpx,子持山（頂上にたどり着けず）,21,1,1,0,花木山|天神山|室岡山|忽那山|子持山|湯築山|伊勢山|黒崎山|西港山|大丸山|港山|すくも山|佐々久山|土亀山|天山|星岡山|谷田山|金毘羅山|佐古田山|御串山|城山,summit-candidate:93b30125fa1dcd57,227,mountains=21; candidates=1; conflicts=0
yamap_2023-03-15_09_53.gpx,真城ヶ台,21,1,1,0,関ヶ森|番駄ヶ森|城山|極山|真城ヶ台|犬返|五郎丸|高丸|金見山|木峰|皿が森|烏殿|岳山|一ヶ森|大迫山|堂所山|池ノ城山|尻高峰|高山寺山|陣ヶ森|牛ヶ首,summit-candidate:6d533e458b56f1d6,228,mountains=21; candidates=1; conflicts=0
yamap_2024-03-03_10_00.gpx,音無山,21,1,1,0,伊之子山|寒川山|平石山|河原樋山|五葉が森|三森|秦皇山|白石山|観音岳|音無山|天ガ森|打越山|一の森|コクゾ峰|高森山|呉石山|星ヶ森|草屋敷|大熊山|笠松山|蒲山,summit-candidate:97e45d6eab227d56,229,mountains=21; candidates=1; conflicts=0
yamap_2024-06-01_07_14.gpx,椿山,21,3,1,0,源氏ヶ駄場（薊野峰）|笠取山|赤星山|石墨山|権現山|西赤石山|上兜山|丸滝山|椿山|猿越山|西山|水なし山|貝渚山|五段城|前社ヶ森|剣山|三ッ森山|大座礼山|三つ足山|大森山|佐々連尾山,summit-candidate:6ff5d266707ae664|summit-candidate:1b665bc67a34756a|summit-candidate:26848eb9192f4a1a,230,mountains=21; candidates=3; conflicts=0
yamap_2025-08-15_10_51.gpx,小牛城,20,1,1,0,鬼ヶ城山|八面山|大久保山|七々木山|牛城|南三方ヶ森|黒森山|二ノ岳|串ヶ森|目黒鳥屋|二箆山|三の森|天堤山|小牛城|正木ノ森|五段城|天狗ノ森|地蔵山|三傍示山|櫛ヶ峰,summit-candidate:ba78489e4d448645,231,mountains=20; candidates=1; conflicts=0
yamap_2025-10-26_11_45.gpx,堂所山,20,1,1,0,関ヶ森|番駄ヶ森|城山|真城ヶ台|犬返|五郎丸|高丸|金見山|木峰|皿が森|烏殿|岳山|一ヶ森|堂所山|池ノ城山|陣が森岳|尻高峰|陣ヶ森|牛ヶ首|三石山,summit-candidate:192b785fe79890e5,232,mountains=20; candidates=1; conflicts=0
yamap_2026-03-21_14_58.gpx,雨霧山,20,1,1,0,三本杭|東三方ヶ森|前々司山|陣ヶ森|豊受山|中三方ヶ森|樽谷山|根無山|明神ヶ森|下兜山|三光ノ辻山|高月山|気多山|桂ヶ森|橡尾山|雨乞山|妙見森|笹峠山|雨霧山|雨乞山,summit-candidate:d5d39ec66a34deb5,233,mountains=20; candidates=1; conflicts=0
yamap_2023-04-04_12_51.gpx,黒森山,19,1,1,0,鬼ヶ城山|八面山|大久保山|七々木山|南三方ヶ森|黒森山|二ノ岳|東高月山|串ヶ森|目黒鳥屋|長尾森|二箆山|黒森山|三の森|天堤山|小牛城|地蔵山|三傍示山|黒森,summit-candidate:924ccfedeb6c2d2c,234,mountains=19; candidates=1; conflicts=0
yamap_2024-04-27_08_04.gpx,桂ヶ森,19,1,1,0,三本杭|東三方ヶ森|陣ヶ森|豊受山|中三方ヶ森|白猪山|根無山|明神ヶ森|下兜山|四辻ノ森|三光ノ辻山|高月山|横ノ森|気多山|桂ヶ森|橡尾山|谷崎山|雨乞山|雨霧山,summit-candidate:c210f415fc55501f,235,mountains=19; candidates=1; conflicts=0
yamap_2025-12-10_11_40.gpx,天道ヶ頭,19,1,1,0,観音山|権現山|白滝山|塩ヶ森|岩柄山|ヌタノサコ|権現山|権現山|天狗森|唐谷山|大谷山|立烏帽子山|綱付山|幻城上城|天道ヶ頭|竜王の峰|雨乞山|うつむき山|妙見山,summit-candidate:8d1f2bd134bed04d,236,mountains=19; candidates=1; conflicts=0
yamap_2026-03-21_13_44.gpx,笹峠山,19,1,0,0,大月山|北三方ヶ森|戸祇御前山|餓鬼ヶ森|瀬戸黒森|高縄山|壺神山|町木山|尻割山|権現山|長山|雨乞山|妙見森|笹峠山|雨霧山|雨乞山|面木山|辻ヶ峰|常住,summit-candidate:05007aaf499a4ecc,237,mountains=19; candidates=1; conflicts=0
yamap_2022-04-06_09_25.gpx,忽那山,18,1,1,0,花木山|天神山|室岡山|忽那山|龍石山|湯築山|伊勢山|黒崎山|西港山|港山|すくも山|佐々久山|土亀山|天山|金毘羅山|御串山|城山|花見山,summit-candidate:daa8d4127fc92552,238,mountains=18; candidates=1; conflicts=0
yamap_2022-04-22_14_13.gpx,雨包山,18,1,1,0,甲が森|三滝山|雨包山|源氏ヶ駄場（薊野峰）|碁石ヶ森|七々木山|善神山|大黒山|毛山|三ッ足山|天堤山|滝山|小牛城|霧立山|地蔵山|剣ノ山|熊鷹山|櫛ヶ峰,summit-candidate:6198ad7009d86ec2,239,mountains=18; candidates=1; conflicts=0
yamap_2022-04-22_16_48.gpx,源氏ヶ駄場（薊野峰）,18,1,1,0,甲が森|三滝山|雨包山|源氏ヶ駄場（薊野峰）|碁石ヶ森|東山|東山|猿越山|西山|滝山|大野山|水なし山|貝渚山|三ッ森山|大森山|佐々連尾山|大森山|扇山,summit-candidate:e85b9bd32eb5e6f1,240,mountains=18; candidates=1; conflicts=0
yamap_2022-06-16_16_25.gpx,牛城,18,1,0,0,姫草|牛城|梅ヶ谷山|高森|西雑誌山|銅山峰|カガマシ山|小屋山|丸石山|黒岩山|小牛城|正木ノ森|黒川山|別子山|天満山|大ノ森|妙見森|玉取山,summit-candidate:c7ff156edb321d12,241,mountains=18; candidates=1; conflicts=0
yamap_2024-10-20_11_05.gpx,天堤山,18,1,1,0,鬼ヶ城山|大久保山|雨包山|七々木山|南三方ヶ森|黒森山|二ノ岳|大黒山|串ヶ森|目黒鳥屋|三の森|ハネズル山|天堤山|小牛城|地蔵山|剣ノ山|三傍示山|櫛ヶ峰,summit-candidate:f54f44da226a4a15,242,mountains=18; candidates=1; conflicts=0
yamap_2025-04-14_05_56.gpx,笠成山,18,1,1,0,高森山|岩伽羅山|経座ヶ森|水梨山|向山|十門山(十門城址)|遠ヶ森|羽子山|滝山|五十崎神南山|笠成山|黒岩岳|大森山|四本松|感応寺山|水無権現|秋葉山|黒山,summit-candidate:81081ef1b6e58a79,243,mountains=18; candidates=1; conflicts=0
yamap_2022-04-27_10_31.gpx,御在所山,17,1,1,0,障子山|稔山|ヨソ山|御在所山|翠波峰|左谷ノ森|菊ヶ森|日浦嶺|階上山|船山|御在所山|寒台山|長山|三郷の辻|黒森|牛ノ峯|小森,summit-candidate:61f36127d879648f,244,mountains=17; candidates=1; conflicts=0
yamap_2024-03-03_08_44.gpx,観音岳,17,1,0,0,鍵山（象ヶ森）|泉ガ森|木久ヶ森|黒滝山|観音森|白石山|観音岳|音無山|天ガ森|岩屋山|浄心山|銅が鳴|高土の峰|大判山|鎧掛山|大野山|棟山,summit-candidate:a53cc9868b7f2f70,245,mountains=17; candidates=1; conflicts=0
yamap_2025-03-02_13_17.gpx,階上山,17,1,1,0,障子山|稔山|伊之子山|御在所山|翠波峰|河原樋山|菊ヶ森|三森|秦皇山|日浦嶺|階上山|船山|寒台山|黒森|笠松山|蒲山|牛ノ峯,summit-candidate:276fed5ecb7b3eb4,246,mountains=17; candidates=1; conflicts=0
yamap_2025-04-04_06_19.gpx,コクゾ峰,17,1,1,0,鍵山（象ヶ森）|寒川山|平石山|出石山|黒滝山|五葉が森|音無山|一の森|高土の峰|コクゾ峰|大判山|高森山|呉石山|大野山|棟山|星ヶ森|草屋敷,summit-candidate:94e39d837730a5c7,247,mountains=17; candidates=1; conflicts=0
yamap_2026-01-11_07_50.gpx,黒岩岳,17,1,1,0,高森山|岩伽羅山|杉立山|向山|十門山(十門城址)|陣が森|足山|五十崎神南山|笠成山|御在所山|陣が森岳|黒岩岳|鎌倉山|四本松|感応寺山|水無権現|秋葉山,summit-candidate:61304308f9a58d0d,248,mountains=17; candidates=1; conflicts=0
yamap_2026-03-08_08_05.gpx,峰畑山,17,1,0,0,高森山|経座ヶ森|水梨山|泉ガ森|遠ヶ森|木久ヶ森|羽子山|観音森|観音岳|滝山|浄心山|銅が鳴|大森山|呉石山|峰畑山|白木山|黒山,summit-candidate:eb031d650d8e9a7a,249,mountains=17; candidates=1; conflicts=0
yamap_2026-04-11_09_14.gpx,三郷の辻,17,1,1,0,稔山|ヨソ山|大月山|御在所山|戸祇御前山|左谷ノ森|菊ヶ森|餓鬼ヶ森|日浦嶺|階上山|船山|権現山|長山|笹峠山|三郷の辻|黒森|小森,summit-candidate:46ab73ee0e06e924,250,mountains=17; candidates=1; conflicts=0
yamap_2026-04-19_07_43.gpx,雨乞山,17,1,1,0,観音山|権現山|白滝山|塩ヶ森|岩柄山|ヌタノサコ|権現山|権現山|張木山|唐谷山|大谷山|綱付山|幻城上城|天道ヶ頭|雨乞山|雨乞山|鼻欠山,summit-candidate:d0d3096d540f375e,251,mountains=17; candidates=1; conflicts=0
yamap_2024-08-03_20_36.gpx,高縄山,16,1,0,0,大月山|北三方ヶ森|古権現山|魚谷森|餓鬼ヶ森|瀬戸黒森|御祝山|高縄山|壺神山|町木山|尻割山|権現山|笹峠山|面木山|辻ヶ峰|常住,summit-candidate:96e5be71880efe52,252,mountains=16; candidates=1; conflicts=0
yamap_2026-03-15_06_14.gpx,長山,16,1,1,0,稔山|ヨソ山|大月山|御在所山|戸祇御前山|左谷ノ森|菊ヶ森|餓鬼ヶ森|船山|権現山|長山|高研山|笹峠山|三郷の辻|小森|辻ヶ峰,summit-candidate:c246a8edb72dbebb,253,mountains=16; candidates=1; conflicts=0
yamap_2025-08-15_11_47.gpx,五段城,15,1,0,0,ウバホド山|赤星山|牛城|石墨山|綱繰山|獅子舞の鼻|猿越山|西山|小牛城|正木ノ森|五段城|天狗ノ森|三ッ森山|三つ足山|大森山,summit-candidate:00dfcd8bd36a1f00,254,mountains=15; candidates=1; conflicts=0
yamap_2026-03-15_10_21.gpx,高研山,15,1,1,0,割石東山|篠山|楢原山|割石峠山|福見山|善神山|前善神山|櫨ヶ森|毛山|二の森|加塚山|塩塚峰|長山|高研山|熊鷹山,summit-candidate:314bd84876bc3fc3,255,mountains=15; candidates=1; conflicts=0
yamap_2026-03-17_06_58.gpx,大ノ森,15,1,1,0,青滝山|牛城|法師山|梅ヶ谷山|西雑誌山|銅山峰|カガマシ山|ハネズル山|小屋山|丸石山|大ノ森|妙見森|兵庫山|生之越|玉取山,summit-candidate:777bcc5c6ed2c27e,256,mountains=15; candidates=1; conflicts=0
yamap_2025-08-15_09_21.gpx,天狗ノ森 ,14,1,0,0,ウバホド山|赤星山|牛城|石墨山|綱繰山|獅子舞の鼻|伊吹山|小牛城|正木ノ森|五段城|天狗ノ森|東光森山|三つ足山|台ヶ森,summit-candidate:54dc6f5d29d60052,257,mountains=14; candidates=1; conflicts=0
yamap_2022-06-23_13_59.gpx,篠山,13,1,1,0,割石東山|篠山|楢原山|割石峠山|福見山|前善神山|櫨ヶ森|毛山|二の森|御篠山|加塚山|塩塚峰|高研山,summit-candidate:c8a7a1f1d1dad353,258,mountains=13; candidates=1; conflicts=0
yamap_2022-10-01_08_30.gpx,戸祇御前山,13,1,1,0,ヨソ山|大月山|戸祇御前山|左谷ノ森|餓鬼ヶ森|瀬戸黒森|壺神山|権現山|長山|笹峠山|三郷の辻|小森|辻ヶ峰,summit-candidate:7bda9ba8d2b47d6e,259,mountains=13; candidates=1; conflicts=0
yamap_2022-05-25_09_48.gpx,自念子ノ頭,12,1,1,0,堂ヶ森|自念子ノ頭|前赤石山|エビラ山|東赤石山|八巻山|八辻ノ峰|五代ヶ森|黒森山|沓掛山|平家平|子持権現山,summit-candidate:6b5100f449c22108,260,mountains=12; candidates=1; conflicts=0
yamap_2025-07-06_12_03.gpx,伊吹山,12,1,1,0,大川嶺|ウバホド山|獅子舞の鼻|面河山|丸笹山|谷崎山|東黒森|伊吹山|天狗ノ森|東光森山|黒森|台ヶ森,summit-candidate:e79e77da4bfd1f13,261,mountains=12; candidates=1; conflicts=0
yamap_2024-06-15_08_50.gpx,平家平,11,1,0,0,堂ヶ森|自念子ノ頭|前赤石山|エビラ山|東赤石山|八巻山|五代ヶ森|黒森山|沓掛山|平家平|子持権現山,summit-candidate:dc647fe1827a43e3,262,mountains=11; candidates=1; conflicts=0
yamap_2024-07-28_15_53.gpx,岩屋山,11,1,1,0,泉ガ森|木久ヶ森|観音森|観音岳|岩屋山|浄心山|銅が鳴|高土の峰|大判山|鎧掛山|峰畑山,summit-candidate:c9156b7eea77a1b0,263,mountains=11; candidates=1; conflicts=0
yamap_2025-07-06_09_43.gpx,東黒森,11,1,0,0,岩黒山|自念子ノ頭|冠山|東赤石山|八辻ノ峰|五代ヶ森|伊予富士|谷崎山|東黒森|伊吹山|黒森,summit-candidate:20f1c44b99e3d708,264,mountains=11; candidates=1; conflicts=0
yamap_2022-10-04_12_47.gpx,泉ガ森,10,1,1,0,経座ヶ森|泉ガ森|木久ヶ森|観音森|観音岳|岩屋山|浄心山|銅が鳴|鎧掛山|峰畑山,summit-candidate:ff0e7de3b62f5ed8,265,mountains=10; candidates=1; conflicts=0
yamap_2024-05-11_13_46.gpx,丸滝山,9,1,1,0,大川嶺|笠取山|上兜山|面河山|丸笹山|丸滝山|中津山(明神山)|滝山|丸山,summit-candidate:aa6060fe8a831f45,266,mountains=9; candidates=1; conflicts=0
yamap_2024-05-03_08_45.gpx,面河山,7,1,1,0,大川嶺|面河山|丸笹山|中津山(明神山)|伊吹山|台ヶ森|丸山,summit-candidate:22e40e9eb117a033,267,mountains=7; candidates=1; conflicts=0
yamap_2022-09-24_08_33.gpx,石鎚山,3,1,0,0,南尖峰|天狗岳|石鎚山,summit-candidate:88555c5557efeb46,268,mountains=3; candidates=1; conflicts=0
