mountain_no,mountain_name,summit_candidate_id,grounding_refined_score,grounding_bucket,grounding_distance_m,grounding_consensus,grounding_confidence,location_stability_bucket,location_stability_refined_score,candidate_lat,candidate_lon,candidate_ele_m,elevation_diff_m,name_tier,grounding_refined_review_priority,track_name
1,"関ヶ森",summit-candidate:a0c35720552a78c8,0.79,grounding_neutral,,no_evidence,,location_strong_match,0.79,33.8560644,132.8432176,573.7,18.3,strong,medium,"関ヶ森・観音山・倉谷山・芝ヶ峠"
2,"観音山",summit-candidate:cb62a56e70cedbce,0.79,grounding_neutral,,no_evidence,,location_strong_match,0.79,33.8382073,132.8403915,495.6,22.4,strong,medium,"関ヶ森・観音山・倉谷山・芝ヶ峠"
3,"高森山",summit-candidate:e7ae682a07af2e10,1,grounding_supported,0,single_cluster_consensus,0.98,location_uncertain_keep,0.75,33.8423734,132.8811963,719.3,4.8,strong,low,"高森山・岩伽羅山・衣掛山・吉山(吉山城址)"
4,"岩伽羅山",summit-candidate:e7ae682a07af2e10,0.69,grounding_neutral,,no_evidence,,location_uncertain_keep,0.69,33.8423734,132.8811963,719.3,23.3,strong,high,"高森山・岩伽羅山・衣掛山・吉山(吉山城址)"
5,"衣掛山",summit-candidate:d03c84134ca0989d,0.67,grounding_neutral,,no_evidence,,location_strong_match,0.67,33.8192567,132.8731185,306.3,156.7,strong,high,"高森山・岩伽羅山・衣掛山・吉山(吉山城址)"
6,"吉山(吉山城址)",summit-candidate:d03c84134ca0989d,0.73,grounding_neutral,,no_evidence,,location_strong_match,0.73,33.8192567,132.8731185,306.3,44.3,strong,medium,"高森山・岩伽羅山・衣掛山・吉山(吉山城址)"
7,"尾ノ峰",summit-candidate:36e3ac8003e8b5d0,0.85,grounding_neutral,,no_evidence,,location_strong_match,0.85,33.9989521,132.785492,190.9,2.1,strong,medium,"尾ノ峰・新城山・腰折山・恵良山"
8,"新城山",summit-candidate:ac7a1ebef52ea30c,0.85,grounding_neutral,,no_evidence,,location_strong_match,0.85,33.9926561,132.7813592,156.4,4.6,strong,medium,"尾ノ峰・新城山・腰折山・恵良山"
9,"腰折山",summit-candidate:d6b806525709cc22,0.85,grounding_neutral,,no_evidence,,location_strong_match,0.85,33.9932805,132.7899177,206.9,6.1,strong,medium,"尾ノ峰・新城山・腰折山・恵良山"
10,"恵良山",summit-candidate:40260be41579ab8f,0.85,grounding_neutral,,no_evidence,,location_strong_match,0.85,33.9922702,132.7992645,299.1,2.9,strong,medium,"尾ノ峰・新城山・腰折山・恵良山"
11,"皿ヶ森",summit-candidate:59c561a08189d6b9,0.85,grounding_neutral,,no_evidence,,location_strong_match,0.85,33.8233656,132.9413939,630.2,2.8,strong,medium,"皿ヶ森・経座ヶ森・ヨソ山"
12,"経座ヶ森",summit-candidate:59c561a08189d6b9,0.67,grounding_neutral,,no_evidence,,location_strong_match,0.67,33.8233656,132.9413939,630.2,104.8,strong,high,"皿ヶ森・経座ヶ森・ヨソ山"
13,"谷上山",summit-candidate:0eff3d1ea2b48d73,0.85,grounding_neutral,,no_evidence,,location_strong_match,0.85,33.7351844,132.7317786,456.9,1.9,strong,medium,"谷上山・権現山・白滝山・障子山"
14,"権現山",summit-candidate:0eff3d1ea2b48d73,0.79,grounding_neutral,,no_evidence,,location_strong_match,0.79,33.7351844,132.7317786,456.9,22.1,strong,high,"谷上山・権現山・白滝山・障子山"
15,"白滝山",summit-candidate:ea5f711625df386b,0.75,grounding_neutral,,no_evidence,,location_uncertain_keep,0.75,33.7190577,132.7591133,510.3,6.3,strong,high,"谷上山・権現山・白滝山・障子山"
16,"障子山",summit-candidate:a0ef25e9a532b62e,0.68,grounding_neutral,,no_evidence,,location_uncertain_keep,0.68,33.7052794,132.7652806,888.5,3.5,strong,high,"谷上山・権現山・白滝山・障子山"
17,"伽藍山",summit-candidate:da46e12c02d47edf,0.85,grounding_neutral,,no_evidence,,location_strong_match,0.85,33.401877,132.1168226,413.7,0.3,strong,medium,"佐田岬と伽藍山"
18,"塩ヶ森",summit-candidate:0c210f0edfbda06f,0.85,grounding_neutral,,no_evidence,,location_strong_match,0.85,33.7794142,132.9091359,522.7,3.3,strong,medium,"塩ヶ森・番駄ヶ森・ケタ山・大磨山・鍵山（象ヶ森）"
19,"番駄ヶ森",summit-candidate:a637fbc518f58ac5,0.85,grounding_neutral,,no_evidence,,location_strong_match,0.85,33.7736953,132.9019215,600.8,4.2,strong,medium,"塩ヶ森・番駄ヶ森・ケタ山・大磨山・鍵山（象ヶ森）"
20,"ケタ山",summit-candidate:24dc6cf37ce4e715,0.79,grounding_neutral,,no_evidence,,location_strong_match,0.79,33.7661685,132.9049612,646.5,12.5,strong,high,"塩ヶ森・番駄ヶ森・ケタ山・大磨山・鍵山（象ヶ森）"
21,"大磨山",summit-candidate:24dc6cf37ce4e715,0.85,grounding_neutral,,no_evidence,,location_strong_match,0.85,33.7661685,132.9049612,646.5,1.5,strong,medium,"塩ヶ森・番駄ヶ森・ケタ山・大磨山・鍵山（象ヶ森）"
22,"鍵山（象ヶ森）",summit-candidate:c2491268ea5645b7,0.85,grounding_neutral,,no_evidence,,location_strong_match,0.85,33.7502454,132.9097454,801.6,2.4,strong,medium,"塩ヶ森・番駄ヶ森・ケタ山・大磨山・鍵山（象ヶ森）"
23,"天神山",summit-candidate:543b4550a3ef3e87,0.85,grounding_neutral,,no_evidence,,location_strong_match,0.85,33.8634835,132.7695824,195.1,4.9,strong,medium,"天神山・御幸寺山"
24,"御幸寺山",summit-candidate:e4808690532bb46c,0.85,grounding_neutral,,no_evidence,,location_strong_match,0.85,33.85598,132.7730493,158.7,6.3,strong,medium,"天神山・御幸寺山"
25,"愛宕山",summit-candidate:d9391b001d4bc442,0.85,grounding_neutral,,no_evidence,,location_strong_match,0.85,33.8494454,132.7983769,120.8,5.8,strong,medium,"愛宕山・常光寺山"
26,"常光寺山",summit-candidate:d9391b001d4bc442,0.85,grounding_neutral,,no_evidence,,location_strong_match,0.85,33.8494454,132.7983769,120.8,3.2,strong,high,"愛宕山・常光寺山"
27,"杉立山",summit-candidate:17c3649ad9b147ce,0.33,grounding_neutral,,no_evidence,,location_uncertain_keep,0.33,33.4376592,132.6335849,665.2,3.8,none,high,"御在所山"
28,"岩柄山",summit-candidate:7d7066baad9d7077,0.5,grounding_neutral,,no_evidence,,location_strong_match,0.5,33.8922068,132.8273765,505.8,1.2,none,high,"奥之城山・ヌタノサコ"
29,"高山",summit-candidate:8ff6361109e5ed5c,0.67,grounding_neutral,,no_evidence,,location_strong_match,0.67,33.9651048,132.6367544,121.2,341.8,strong,medium,"高山・大里山・泰ノ山"
30,"勝岡山",summit-candidate:43911aa413390192,0.5,grounding_neutral,,no_evidence,,location_strong_match,0.5,33.9200756,132.807533,449,4,none,high,"横山(横山城址)"
31,"西山",summit-candidate:bdfa250c89c1ca90,0.85,grounding_neutral,,no_evidence,,location_strong_match,0.85,33.8865639,132.7116504,169,3,strong,medium,"西山・経ヶ森・岩子山・護摩ヶ森"
32,"岩子山",summit-candidate:23c112538ef91e0d,0.79,grounding_neutral,,no_evidence,,location_strong_match,0.79,33.8831745,132.7109537,196,15,strong,high,"西山・経ヶ森・岩子山・護摩ヶ森"
33,"経ヶ森",summit-candidate:23c112538ef91e0d,0.85,grounding_neutral,,no_evidence,,location_strong_match,0.85,33.8831745,132.7109537,196,4.1,strong,medium,"西山・経ヶ森・岩子山・護摩ヶ森"
34,"護摩ヶ森",summit-candidate:bdfa250c89c1ca90,0.85,grounding_neutral,,no_evidence,,location_strong_match,0.85,33.8865639,132.7116504,169,1,strong,high,"西山・経ヶ森・岩子山・護摩ヶ森"
35,"御岳山",summit-candidate:54cf4155ab259d9d,0.85,grounding_neutral,,no_evidence,,location_strong_match,0.85,33.7480679,132.8711955,430.6,7.4,strong,medium,"御岳山"
36,"石槌山",summit-candidate:54cf4155ab259d9d,0.67,grounding_neutral,,no_evidence,,location_strong_match,0.67,33.7480679,132.8711955,430.6,178.6,strong,high,"御岳山"
37,"日王山",summit-candidate:2011a6c909945d6f,0.5,grounding_neutral,,no_evidence,,location_strong_match,0.5,33.8390197,132.7201785,102.9,6.1,none,high,"権現山"
38,"重茂山",summit-candidate:fbd725fc8006e2c8,0.67,grounding_neutral,,no_evidence,,location_strong_match,0.67,34.0752611,132.9233053,50.5,240.5,strong,high,"花木山"
39,"花木山",summit-candidate:fbd725fc8006e2c8,0.85,grounding_neutral,,no_evidence,,location_strong_match,0.85,34.0752611,132.9233053,50.5,2.5,strong,medium,"花木山"
40,"ヌタノサコ",summit-candidate:7d7066baad9d7077,0.85,grounding_neutral,,no_evidence,,location_strong_match,0.85,33.8922068,132.8273765,505.8,8.2,strong,medium,"奥之城山・ヌタノサコ"
41,"城山",summit-candidate:c1f175d0616be696,0.85,grounding_neutral,,no_evidence,,location_strong_match,0.85,33.6968367,132.7954997,589.9,2.1,strong,medium,"城山・水梨山・向山"
42,"水梨山",summit-candidate:0a765b89058b256b,0.85,grounding_neutral,,no_evidence,,location_strong_match,0.85,33.6808914,132.7938736,734.4,5.4,strong,medium,"城山・水梨山・向山"
43,"向山",summit-candidate:07834c521328cc1d,0.79,grounding_neutral,,no_evidence,,location_strong_match,0.79,33.6848511,132.7812374,707.8,24.8,strong,high,"城山・水梨山・向山"
44,"稔山",summit-candidate:622b899de76208ef,0.85,grounding_neutral,,no_evidence,,location_strong_match,0.85,33.8609206,132.9700981,911.1,5.9,strong,medium,"稔山"
45,"菊ヶ森",summit-candidate:ab8cf0f07d2a219d,0.85,grounding_neutral,,no_evidence,,location_strong_match,0.85,33.859723,132.8152899,145.7,5.3,strong,medium,"菊ヶ森"
46,"道後山",summit-candidate:7c680b0eed0187fa,0.85,grounding_neutral,,no_evidence,,location_strong_match,0.85,33.8556124,132.7933144,221.1,2.9,strong,medium,"道後山"
47,"倉谷山",summit-candidate:aba609f471e97e4a,0.79,grounding_neutral,,no_evidence,,location_strong_match,0.79,33.837858,132.8256729,405.4,14.6,strong,medium,"倉谷山・芝ヶ峠・淡路ヶ峠・宝ヶ峯"
48,"芝ヶ峠",summit-candidate:079ae30d76fb11c2,0.85,grounding_neutral,,no_evidence,,location_strong_match,0.85,33.8265074,132.8167326,280.9,1.2,strong,medium,"倉谷山・芝ヶ峠・淡路ヶ峠・宝ヶ峯"
49,"大久保山",summit-candidate:5aff666aa93b3a17,0.79,grounding_weakened,20910.7,single_cluster_consensus,0.94,location_strong_match,0.85,33.8841169,132.7626522,181.1,6.1,strong,deprioritized,"大久保山・八里ヶ峠・中坂山・天神山・室岡山・潮見山"
50,"八里ヶ峠",summit-candidate:5aff666aa93b3a17,0.79,grounding_weakened,16798.9,single_cluster_consensus,0.97,location_strong_match,0.85,33.8841169,132.7626522,181.1,0.9,strong,deprioritized,"大久保山・八里ヶ峠・中坂山・天神山・室岡山・潮見山"
51,"中坂山",summit-candidate:452c10a1db199870,0.79,grounding_neutral,,no_coordinates,,location_strong_match,0.79,33.8773459,132.7614769,76.8,21.2,strong,medium,"大久保山・八里ヶ峠・中坂山・天神山・室岡山・潮見山"
52,"天神山",summit-candidate:452c10a1db199870,0.73,grounding_weakened,31645.9,single_cluster_consensus,0.93,location_strong_match,0.79,33.8773459,132.7614769,76.8,29.8,strong,deprioritized,"大久保山・八里ヶ峠・中坂山・天神山・室岡山・潮見山"
53,"室岡山",summit-candidate:452c10a1db199870,0.67,grounding_weakened,32142.4,single_cluster_consensus,0.95,location_strong_match,0.73,33.8773459,132.7614769,76.8,34.8,strong,deprioritized,"大久保山・八里ヶ峠・中坂山・天神山・室岡山・潮見山"
54,"潮見山",summit-candidate:3259dfe3d9ce60c5,0.73,grounding_weakened,21518.8,single_cluster_consensus,0.93,location_strong_match,0.79,33.816673,132.8428244,152.3,29.3,strong,deprioritized,"明神山・潮見山"
55,"明神山",summit-candidate:3259dfe3d9ce60c5,0.79,grounding_weakened,20629.9,single_cluster_consensus,0.92,location_strong_match,0.85,33.816673,132.8428244,152.3,8.8,strong,deprioritized,"明神山・潮見山"
56,"潮見山",summit-candidate:45439217573adfc4,0.85,grounding_neutral,,no_evidence,,location_strong_match,0.85,33.8188713,132.8530104,210.9,3.1,strong,medium,"明神山・潮見山"
57,"十門山(十門城址)",summit-candidate:a94564816fd4afff,0.85,grounding_neutral,,no_evidence,,location_strong_match,0.85,33.8503146,132.9103674,676.7,6.3,strong,medium,"十門山(十門城址)・ヨソ山"
58,"ヨソ山",summit-candidate:555fd1e3be8780dd,0.57,grounding_weakened,2787.1,single_cluster_consensus,0.95,adjacent_but_deep_inside,0.63,33.8408635,132.9292547,923.9,4.1,strong,low,"十門山(十門城址)・ヨソ山"
59,"忽那山",summit-candidate:daa8d4127fc92552,0.85,grounding_neutral,,no_evidence,,location_strong_match,0.85,33.8441067,132.7004302,42.3,2.7,strong,medium,"忽那山"
60,"鬼ヶ城山",summit-candidate:7ceb76663c2bb81b,0.85,grounding_neutral,,no_coordinates,,location_strong_match,0.85,33.1905947,132.6094331,1155.4,4.4,strong,medium,"鬼ヶ城山・大久保山・八面山・三本杭・横ノ森・小屋ヶ森・毛山"
61,"三本杭",summit-candidate:babbcdf7bbd23463,0.85,grounding_neutral,,no_evidence,,location_strong_match,0.85,33.1878433,132.6355525,1222.5,3.5,strong,medium,"鬼ヶ城山・大久保山・八面山・三本杭・横ノ森・小屋ヶ森・毛山"
62,"八面山",summit-candidate:27c1036d4aa2230e,0.85,grounding_neutral,,no_evidence,,location_strong_match,0.85,33.1812975,132.6194355,1167.6,1.6,strong,medium,"鬼ヶ城山・大久保山・八面山・三本杭・横ノ森・小屋ヶ森・毛山"
63,"大久保山",summit-candidate:7ceb76663c2bb81b,0.79,grounding_weakened,97808.8,single_cluster_consensus,0.98,location_strong_match,0.85,33.1905947,132.6094331,1155.4,0.4,strong,deprioritized,"鬼ヶ城山・大久保山・八面山・三本杭・横ノ森・小屋ヶ森・毛山"
64,"大月山",summit-candidate:9a68e7a3a97831ff,0.85,grounding_neutral,,no_evidence,,location_strong_match,0.85,33.92961,132.8476038,950.6,2.4,strong,medium,"大月山・高縄山"
65,"引地山",summit-candidate:b06e13a9483478e5,0.5,grounding_neutral,1315.2,single_cluster_consensus,0.96,location_uncertain_keep,0.5,33.7217271,132.882066,1140,113,strong,medium,"皿ヶ嶺・引地山"
66,"東三方ヶ森",summit-candidate:d06b9d5365beffaa,0.69,grounding_weakened,2568,single_cluster_consensus,0.98,location_uncertain_keep,0.75,33.9025981,132.959899,1229.5,3.5,strong,deprioritized,"東三方ヶ森"
67,"甲が森",summit-candidate:50d68ea03af3c4ff,0.85,grounding_neutral,,no_evidence,,location_strong_match,0.85,33.3884297,132.7572928,456.7,5.7,strong,medium,"甲が森"
68,"三滝山",summit-candidate:da65a16f23740e83,0.85,grounding_neutral,,no_evidence,,location_strong_match,0.85,33.4130019,132.7969092,646.8,4.8,strong,medium,"三滝山"
69,"雨包山",summit-candidate:6198ad7009d86ec2,0.85,grounding_neutral,,no_evidence,,location_strong_match,0.85,33.4536468,132.8065716,1117.5,6.5,strong,medium,"雨包山"
70,"源氏ヶ駄場（薊野峰）",summit-candidate:e85b9bd32eb5e6f1,0.79,grounding_neutral,,no_evidence,,location_strong_match,0.79,33.4721185,132.8658682,1415.7,12.7,strong,medium,"源氏ヶ駄場（薊野峰）"
71,"碁石ヶ森",summit-candidate:ee9d736a090185dd,0.79,grounding_weakened,23432,single_cluster_consensus,0.95,location_strong_match,0.85,33.4823808,132.8861266,1188.1,5.1,strong,deprioritized,"碁石ヶ森"
72,"伊之子山",summit-candidate:15c71a530dcecd2e,0.52,grounding_weakened,5901,single_cluster_consensus,0.94,location_strong_match,0.58,33.9189905,132.9253476,943.7,71.7,strong,deprioritized,"伊之子山・左谷ノ森"
73,"御在所山",summit-candidate:61f36127d879648f,0.69,grounding_weakened,5576,single_cluster_consensus,0.93,location_uncertain_keep,0.75,33.3438869,132.7560391,911.9,3.1,strong,deprioritized,"御在所山"
74,"岩黒山",summit-candidate:591204fdc01b55b6,0.69,grounding_weakened,3104.1,single_cluster_consensus,0.99,location_uncertain_keep,0.75,33.7507578,133.1571706,1749.6,3.6,strong,deprioritized,"岩黒山・筒上山・手箱山"
75,"筒上山",summit-candidate:71b10e23075edf20,0.79,grounding_weakened,4701.1,single_cluster_consensus,0.99,location_strong_match,0.85,33.732243,133.160912,1863.2,3.2,strong,deprioritized,"岩黒山・筒上山・手箱山"
76,"手箱山",summit-candidate:43f9d4fa36aabb79,0.62,grounding_weakened,5722.6,single_cluster_consensus,0.98,location_uncertain_keep,0.68,33.7288641,133.1784766,1808.5,2.5,strong,deprioritized,"岩黒山・筒上山・手箱山"
77,"大川嶺",summit-candidate:1ebd63d8e2790409,0.85,grounding_neutral,1225.1,single_cluster_consensus,0.97,location_strong_match,0.85,33.5604174,132.9270238,1532.1,7.2,strong,medium,"大川嶺・笠取山・ウバホド山"
78,"笠取山",summit-candidate:1ebd63d8e2790409,0.847,grounding_weakly_supported,716.5,single_cluster_consensus,0.98,location_strong_match,0.79,33.5604174,132.9270238,1532.1,29.9,strong,high,"大川嶺・笠取山・ウバホド山"
79,"ウバホド山",summit-candidate:1ebd63d8e2790409,0.61,grounding_weakened,2309.1,single_cluster_consensus,0.96,location_strong_match,0.67,33.5604174,132.9270238,1532.1,50.2,strong,deprioritized,"大川嶺・笠取山・ウバホド山"
80,"うなめご",summit-candidate:e7e4429a39f6359f,0.93,grounding_supported,101.7,single_cluster_consensus,0.98,location_uncertain_keep,0.63,33.7306327,132.9237927,1250.2,33.8,strong,low,"陣ヶ森・前々司山・うなめご"
81,"前々司山",summit-candidate:ea6bebee79234da7,0.751,grounding_weakly_supported,592.9,single_cluster_consensus,0.96,boundary_plausible,0.67,33.7301727,132.9307483,1276.5,23.5,strong,medium,"陣ヶ森・前々司山・うなめご"
82,"陣ヶ森",summit-candidate:e084389cc60ad329,0.67,grounding_weakened,3562.7,single_cluster_consensus,0.98,boundary_plausible,0.73,33.7260215,132.9136819,1203.4,3.7,strong,deprioritized,"陣ヶ森・前々司山・うなめご"
83,"寒川山",summit-candidate:2f7dbee4c5bde53e,0.61,grounding_weakened,4761.7,single_cluster_consensus,0.94,location_strong_match,0.67,33.9280045,133.4790952,1252,435,strong,deprioritized,"寒川山・鋸山・七々木山・豊受山・赤星山"
84,"豊受山",summit-candidate:2f7dbee4c5bde53e,0.79,grounding_weakened,2208.3,single_cluster_consensus,0.98,location_strong_match,0.85,33.9280045,133.4790952,1252,5,strong,deprioritized,"寒川山・鋸山・七々木山・豊受山・赤星山"
85,"赤星山",summit-candidate:db51ae1b2be57eea,0.85,grounding_neutral,,no_evidence,,location_strong_match,0.85,33.9193511,133.4578173,1451.1,1.9,strong,medium,"寒川山・鋸山・七々木山・豊受山・赤星山"
86,"七々木山",summit-candidate:2f7dbee4c5bde53e,0.67,grounding_neutral,1537.5,single_cluster_consensus,0.95,location_strong_match,0.67,33.9280045,133.4790952,1252,107,strong,high,"寒川山・鋸山・七々木山・豊受山・赤星山"
87,"鋸山",summit-candidate:2f7dbee4c5bde53e,0.61,grounding_weakened,3232.1,single_cluster_consensus,0.98,location_strong_match,0.67,33.9280045,133.4790952,1252,235,strong,deprioritized,"寒川山・鋸山・七々木山・豊受山・赤星山"
88,"翠波峰",summit-candidate:2f7dbee4c5bde53e,0.61,grounding_weakened,6803.8,single_cluster_consensus,0.99,location_strong_match,0.67,33.9280045,133.4790952,1252,361,strong,deprioritized,"寒川山・鋸山・七々木山・豊受山・赤星山"
89,"平石山",summit-candidate:2f7dbee4c5bde53e,0.61,grounding_weakened,9385.8,single_cluster_consensus,0.94,location_strong_match,0.67,33.9280045,133.4790952,1252,426,strong,deprioritized,"寒川山・鋸山・七々木山・豊受山・赤星山"
90,"割石東山",summit-candidate:4b33f9c73e644793,0.85,grounding_neutral,,no_evidence,,location_strong_match,0.85,33.7587783,132.9928848,1076.4,2.4,strong,medium,"割石東山・青滝山・堂ヶ森"
91,"青滝山",summit-candidate:242762a3c600ff91,0.69,grounding_weakened,14948,single_cluster_consensus,0.95,location_uncertain_keep,0.75,33.7620048,133.0352237,1302,1,strong,deprioritized,"割石東山・青滝山・堂ヶ森"
92,"堂ヶ森",summit-candidate:bb644412fd9a132c,0.85,grounding_neutral,,no_evidence,,location_strong_match,0.85,33.7557226,133.066955,1682.5,6.5,strong,medium,"割石東山・青滝山・堂ヶ森"
93,"南尖峰",summit-candidate:3b98b67bbe0fe0f9,0.68,grounding_neutral,1767.3,single_cluster_consensus,0.99,location_uncertain_keep,0.68,33.7675949,133.1152818,1979.2,2.8,strong,high,"石鎚山・天狗岳・南尖峰"
94,"自念子ノ頭",summit-candidate:6b5100f449c22108,0.78,grounding_neutral,,no_evidence,,location_strong_match,0.78,33.7805717,133.2216507,1698.7,3.3,strong,medium,"自念子ノ頭"
95,"勝山",summit-candidate:91cacd7deced8470,0.85,grounding_neutral,,no_evidence,,location_strong_match,0.85,33.844404,132.7665578,129.5,1.5,strong,medium,"勝山"
96,"姫草",summit-candidate:dc456a72b89d4d52,0.69,grounding_weakened,21433.1,single_cluster_consensus,0.94,location_uncertain_keep,0.75,33.4707047,132.8970608,1272,2,strong,deprioritized,"姫草"
97,"牛城",summit-candidate:c7ff156edb321d12,0.62,grounding_weakened,21437.8,single_cluster_consensus,0.96,location_uncertain_keep,0.68,33.4674336,132.9161606,1345.5,3.5,strong,deprioritized,"牛城"
98,"積善山",summit-candidate:76a5e492c9dcf980,0.68,grounding_neutral,,no_evidence,,missing_location_evidence,0.68,34.2566278,133.1474902,363.7,6.3,strong,high,"積善山"
99,"鉢巻山",summit-candidate:50aa5073a99759cf,0.68,grounding_neutral,1007.2,single_cluster_consensus,0.95,missing_location_evidence,0.68,34.280645,133.1726806,133.7,8.3,strong,high,"立石山"
100,"立石山",summit-candidate:50aa5073a99759cf,0.814,grounding_weakly_supported,331.5,single_cluster_consensus,0.94,missing_location_evidence,0.68,34.280645,133.1726806,133.7,5.3,strong,high,"立石山"
101,"鷲ヶ頭山",summit-candidate:159deb385560c198,0.807,grounding_weakly_supported,363.8,single_cluster_consensus,0.99,missing_location_evidence,0.68,34.2396526,133.0209828,436.9,0.9,strong,high,"安神山・鷲ヶ頭山"
102,"安神山",summit-candidate:a92a94d8b5e0fb90,0.519,grounding_weakly_supported,903.5,single_cluster_consensus,0.97,missing_location_evidence,0.5,34.2432829,133.0072567,156,111,strong,medium,"安神山・鷲ヶ頭山"
103,"篠山",summit-candidate:c8a7a1f1d1dad353,0.69,grounding_weakened,10046.5,single_cluster_consensus,0.99,location_uncertain_keep,0.75,33.0558602,132.6590657,1061.6,3.4,strong,deprioritized,"篠山"
104,"横山(横山城址)",summit-candidate:43911aa413390192,0.85,grounding_neutral,,no_coordinates,,location_strong_match,0.85,33.9200756,132.807533,449,4,strong,medium,"横山(横山城址)"
105,"鞍瀬ノ頭",summit-candidate:846b096132c533d6,0.62,grounding_weakened,5289,single_cluster_consensus,0.99,location_uncertain_keep,0.68,33.7578996,133.086527,1879.9,9.1,strong,deprioritized,"石鎚山・西ノ冠岳・面河の頭・二ノ森・鞍瀬ノ頭"
106,"二ノ森",summit-candidate:fe43b0b6aa90cb8f,0.67,grounding_weakened,6802.5,single_cluster_consensus,0.99,boundary_plausible,0.73,33.7697167,133.1131197,1920.8,9.2,strong,deprioritized,"石鎚山・西ノ冠岳・面河の頭・二ノ森・鞍瀬ノ頭"
107,"面河の頭",summit-candidate:846b096132c533d6,0.56,grounding_weakened,2934.6,single_cluster_consensus,0.97,location_uncertain_keep,0.62,33.7578996,133.086527,1879.9,13.9,strong,deprioritized,"石鎚山・西ノ冠岳・面河の頭・二ノ森・鞍瀬ノ頭"
108,"西ノ冠岳",summit-candidate:846b096132c533d6,0.56,grounding_weakened,2554.4,single_cluster_consensus,0.98,location_uncertain_keep,0.62,33.7578996,133.086527,1879.9,10.1,strong,deprioritized,"石鎚山・西ノ冠岳・面河の頭・二ノ森・鞍瀬ノ頭"
109,"西黒森",summit-candidate:db28fcca36deb720,0.55,grounding_weakened,2643.5,single_cluster_consensus,0.99,location_strong_match,0.61,33.7943958,133.1932944,1892.7,31.7,strong,deprioritized,"男山・瓶ヶ森・西黒森"
110,"小富士",summit-candidate:75832271d4e4d0ba,0.68,grounding_neutral,1177.8,single_cluster_consensus,0.98,missing_location_evidence,0.68,33.8816318,132.6714828,281.5,0.5,strong,high,"小富士"
111,"龍石山",summit-candidate:75832271d4e4d0ba,0.5,grounding_neutral,,no_coordinates,,missing_location_evidence,0.5,33.8816318,132.6714828,281.5,249.5,strong,high,"小富士"
112,"子持山",summit-candidate:93b30125fa1dcd57,0.5,grounding_neutral,,no_evidence,,missing_location_evidence,0.5,33.8920646,132.6706697,62.4,60.6,strong,high,"子持山（頂上にたどり着けず）"
113,"大峰ヶ台",summit-candidate:8de328f982753d58,0.79,grounding_neutral,,no_evidence,,location_strong_match,0.79,33.8440521,132.7412572,117.9,23.1,strong,medium,"大峰ヶ台"
114,"世田山",summit-candidate:8f25ad4ff380df77,0.79,grounding_weakened,2198.4,single_cluster_consensus,0.98,location_strong_match,0.85,33.9820342,133.0334752,346.9,7.9,strong,deprioritized,"世田山・笠松山東峰・笠松山"
115,"笠松山",summit-candidate:9d5a3bd31bedfeda,0.85,grounding_neutral,1293.2,single_cluster_consensus,0.985,location_strong_match,0.85,33.9792546,133.0397832,356.7,0.3,strong,medium,"世田山・笠松山"
116,"北三方ヶ森",summit-candidate:80368eea9aabeb96,0.602,grounding_weakened,2137.7,conflicting_clusters,0.98,location_uncertain_keep,0.62,33.9503258,132.8887705,964.8,13.2,strong,deprioritized,"北三方ヶ森"
117,"大友山",summit-candidate:2b56d4ad77a0c4b7,0.732,grounding_weakened,14920.2,conflicting_clusters,0.96,location_uncertain_keep,0.75,33.7484344,132.8072111,404.1,3,strong,deprioritized,"大友山"
118,"湯築山",summit-candidate:452c10a1db199870,0.452,grounding_weakened,4136.2,weak_consensus_close_clusters,0.99,location_strong_match,0.5,33.8773459,132.7614769,76.8,5.8,none,deprioritized,"大久保山・八里ヶ峠・中坂山・天神山・室岡山・潮見山"
119,"寒風山",summit-candidate:23eea13de5db5c9f,0.706,grounding_weakly_supported,562.3,conflicting_clusters,0.99,location_uncertain_keep,0.68,33.8116552,133.2616339,1758.1,4,strong,high,"寒風山・笹ヶ峰・ちち山"
120,"ちち山",summit-candidate:b87c90ebd1eb0d06,0.85,grounding_neutral,1780.5,conflicting_clusters,0.99,location_strong_match,0.85,33.8280769,133.2743948,1856.7,1.7,strong,medium,"丸山・ちち山・笹ヶ峰"
121,"笹ヶ峰",summit-candidate:b87c90ebd1eb0d06,0.906,grounding_weakly_supported,436.1,weak_consensus_moderate_spread,0.99,location_strong_match,0.85,33.8280769,133.2743948,1856.7,3.3,strong,high,"丸山・ちち山・笹ヶ峰"
122,"松軒山",summit-candidate:51a919059b1a6dbb,0.382,grounding_weakened,16858.7,conflicting_clusters,0.96,location_uncertain_keep,0.4,33.0306132,132.399974,194.6,4.6,none,deprioritized,"由良山"
123,"三山",summit-candidate:35b464661fa62df9,0.662,grounding_weakened,2545.3,conflicting_clusters,0.98,missing_location_evidence,0.68,34.2803533,133.2279632,323.3,1.7,strong,deprioritized,"三山"
124,"伊勢山",summit-candidate:bd145a45a7d01b99,0.68,grounding_neutral,,no_evidence,,missing_location_evidence,0.68,34.2687521,133.1998766,52.9,4.1,strong,high,"伊勢山"
125,"久司山",summit-candidate:507809fc1a4b9e4e,0.68,grounding_neutral,,no_evidence,,missing_location_evidence,0.68,34.2444484,133.2061963,136.7,5.3,strong,high,"久司山"
126,"石灰山",summit-candidate:35b464661fa62df9,0.482,grounding_weakened,7869.2,conflicting_clusters,0.95,missing_location_evidence,0.5,34.2803533,133.2279632,323.3,107.3,strong,deprioritized,"三山"
127,"古法皇山",summit-candidate:4d0f5f75da9165b8,0.68,grounding_neutral,,no_evidence,,missing_location_evidence,0.68,34.2665635,133.2120741,269.8,9.3,strong,high,"石灰山・古法皇山"
128,"狩江権現山",summit-candidate:ef5127a689eaf48a,0.652,grounding_weakened,6496.1,conflicting_clusters,0.96,location_strong_match,0.67,33.3425963,132.4607227,559.4,95.4,strong,deprioritized,"極山"
129,"極山",summit-candidate:ef5127a689eaf48a,0.832,grounding_weakened,2957.8,conflicting_clusters,0.95,location_strong_match,0.85,33.3425963,132.4607227,559.4,1.6,strong,deprioritized,"極山"
130,"高文殊山",summit-candidate:3a1a951de82d4254,0.85,grounding_neutral,,no_evidence,,location_strong_match,0.85,34.0131705,133.6055034,227.9,6.9,strong,medium,"高文殊山"
131,"三本榎",summit-candidate:8251283605282249,0.68,grounding_neutral,,no_evidence,,missing_location_evidence,0.68,34.2867345,132.9886798,246.5,9.5,strong,high,"三本榎"
132,"鏡山",summit-candidate:588c967023117267,0.602,grounding_weakened,4817.7,conflicting_clusters,0.98,missing_location_evidence,0.62,34.2634531,132.9718171,201.5,10.5,strong,deprioritized,"鏡山"
133,"戸祇御前山",summit-candidate:7bda9ba8d2b47d6e,0.85,grounding_neutral,,no_evidence,,location_strong_match,0.85,33.2788845,132.7701055,947.4,1.4,strong,medium,"戸祇御前山"
134,"雄甲山",summit-candidate:82d3009a6c1b2511,0.79,grounding_neutral,1812.2,conflicting_clusters,0.99,location_strong_match,0.79,33.9465786,132.799306,219,20,strong,medium,"雄甲山・雌甲山"
135,"雌甲山",summit-candidate:82d3009a6c1b2511,0.79,grounding_neutral,1199.9,conflicting_clusters,0.99,location_strong_match,0.79,33.9465786,132.799306,219,30,strong,high,"雄甲山・雌甲山"
136,"泉ガ森",summit-candidate:ff0e7de3b62f5ed8,0.662,grounding_weakened,8426.3,conflicting_clusters,0.98,location_uncertain_keep,0.68,33.2597751,132.6071981,760.4,5.4,strong,deprioritized,"泉ガ森"
137,"東山",summit-candidate:5c9365b2a5a9c97f,0.652,grounding_weakened,15528.1,conflicting_clusters,0.95,location_strong_match,0.67,33.8164872,132.787544,69,1323,strong,deprioritized,"星岡山"
138,"前赤石山",summit-candidate:e2bdd25969c7f122,0.79,grounding_neutral,,no_evidence,,location_strong_match,0.79,33.8762013,133.3626992,1651.8,25.2,strong,medium,"東山・西赤石山・物住頭・前赤石山・東赤石山・八巻山"
139,"黒崎山",summit-candidate:541ec86327b86307,0.56,grounding_neutral,,no_evidence,,missing_location_evidence,0.56,33.8763934,132.685607,89,32,strong,high,"黒崎山"
140,"高戸山",summit-candidate:aadeb26cf0359691,0.662,grounding_weakened,2942.4,conflicting_clusters,0.96,missing_location_evidence,0.68,33.9054103,132.6682142,112.7,2.3,strong,deprioritized,"高戸山"
141,"犬吠山",summit-candidate:cc3fbb2358d0d4fc,0.662,grounding_weakened,3064.6,conflicting_clusters,0.96,missing_location_evidence,0.68,33.9183794,132.6903824,120.4,3.6,strong,deprioritized,"犬吠山"
142,"泰の山",summit-candidate:aadeb26cf0359691,0.68,grounding_neutral,1581.2,conflicting_clusters,0.97,missing_location_evidence,0.68,33.9054103,132.6682142,112.7,2.3,strong,high,"高戸山"
143,"中三方ヶ森",summit-candidate:17b2365d322cd022,0.79,grounding_neutral,,no_evidence,,location_strong_match,0.79,33.9071584,132.9439167,1212.6,16.4,strong,medium,"楢原山・古権現山・中三方ヶ森"
144,"古権現山",summit-candidate:0c2609d9e7e31a00,0.85,grounding_neutral,,no_evidence,,location_strong_match,0.85,33.9279339,132.945849,1012.4,9.4,strong,medium,"楢原山・古権現山・中三方ヶ森"
145,"楢原山",summit-candidate:c7ac7ff98cacc074,0.85,grounding_neutral,,no_evidence,,location_strong_match,0.85,33.9400809,132.9443333,1038,3,strong,medium,"楢原山・古権現山・中三方ヶ森"
146,"西港山",summit-candidate:bf2b3499e08da2df,0.85,grounding_neutral,,no_evidence,,location_strong_match,0.85,33.8685514,132.7112215,47.9,4.1,strong,medium,"西港山・大丸山・港山"
147,"大丸山",summit-candidate:a9a2a270fb6273fe,0.79,grounding_neutral,1151.1,conflicting_clusters,0.95,location_strong_match,0.79,33.8724674,132.7108146,63.8,12.2,strong,high,"西港山・大丸山・港山"
148,"港山",summit-candidate:bf2b3499e08da2df,0.904,grounding_weakly_supported,456.3,weak_consensus_moderate_spread,0.98,location_strong_match,0.85,33.8685514,132.7112215,47.9,5.9,strong,medium,"西港山・大丸山・港山"
149,"すくも山",summit-candidate:f676e5a22f523492,0.652,grounding_weakened,11133,conflicting_clusters,0.96,location_strong_match,0.67,33.8924606,133.0391092,211.4,170.4,strong,deprioritized,"愛ノ山"
150,"愛ノ山",summit-candidate:f676e5a22f523492,0.772,grounding_weakened,9890.5,conflicting_clusters,0.95,location_strong_match,0.79,33.8924606,133.0391092,211.4,13.4,strong,deprioritized,"愛ノ山"
151,"冨士山",summit-candidate:9d447faef6efe2ab,0.79,grounding_neutral,,no_evidence,,location_strong_match,0.79,33.5090382,132.5604,335.7,15.8,strong,medium,"冨士山"
152,"割石峠山",summit-candidate:45f2c6fc88212acd,0.672,grounding_weakened,7346.7,conflicting_clusters,0.97,location_uncertain_keep,0.69,33.7504959,132.9904187,1059.5,22.5,strong,deprioritized,"割石峠山・石墨山・法師山・白猪山・根無山・樽谷山・梅ヶ谷山"
153,"石墨山",summit-candidate:c2fc382b492cfde4,0.652,grounding_weakened,2739.2,conflicting_clusters,0.99,location_strong_match,0.67,33.7499423,132.9750274,961.2,494.8,strong,deprioritized,"割石峠山・石墨山・法師山・白猪山・根無山・樽谷山・梅ヶ谷山"
154,"法師山",summit-candidate:25e47e34740282d2,0.732,grounding_weakened,3618.2,conflicting_clusters,0.96,location_uncertain_keep,0.75,33.7336817,132.9534746,1313.4,3.4,strong,deprioritized,"割石峠山・石墨山・法師山・白猪山・根無山・樽谷山・梅ヶ谷山"
155,"白猪山",summit-candidate:c2fc382b492cfde4,0.652,grounding_weakened,2429,conflicting_clusters,0.97,location_strong_match,0.67,33.7499423,132.9750274,961.2,240.8,strong,deprioritized,"割石峠山・石墨山・法師山・白猪山・根無山・樽谷山・梅ヶ谷山"
156,"梅ヶ谷山",summit-candidate:25e47e34740282d2,0.75,grounding_neutral,1945.6,conflicting_clusters,0.95,location_uncertain_keep,0.75,33.7336817,132.9534746,1313.4,2.7,strong,high,"割石峠山・石墨山・法師山・白猪山・根無山・樽谷山・梅ヶ谷山"
157,"樽谷山",summit-candidate:16e9de2bedeb2d1c,0.75,grounding_neutral,1802.7,conflicting_clusters,0.96,location_uncertain_keep,0.75,33.7433387,132.9562696,1252.4,2.6,strong,high,"割石峠山・石墨山・法師山・白猪山・根無山・樽谷山・梅ヶ谷山"
158,"根無山",summit-candidate:5cb1fa3d9dcf60f5,0.732,grounding_weakened,2041,conflicting_clusters,0.96,location_uncertain_keep,0.75,33.7477413,132.9624107,1237.1,3.9,strong,deprioritized,"割石峠山・石墨山・法師山・白猪山・根無山・樽谷山・梅ヶ谷山"
159,"権現山",summit-candidate:cf97b8470d2ed1d7,0.732,grounding_weakened,6456.6,conflicting_clusters,0.98,location_uncertain_keep,0.75,33.8793374,133.3915368,1584.3,9.8,strong,deprioritized,"権現山・黒岳・エビラ山・二ッ岳"
160,"黒岳",summit-candidate:ffa6a88e4e680fd5,0.732,grounding_weakened,6899,conflicting_clusters,0.97,location_uncertain_keep,0.75,33.8869696,133.4012543,1627,9,strong,deprioritized,"権現山・黒岳・エビラ山・二ッ岳"
161,"エビラ山",summit-candidate:09547fd48f24d064,0.832,grounding_weakened,4185,conflicting_clusters,0.98,location_strong_match,0.85,33.8858865,133.4078131,1672.3,0.7,strong,deprioritized,"権現山・黒岳・エビラ山・二ッ岳"
162,"二ッ岳",summit-candidate:09547fd48f24d064,0.772,grounding_weakened,3132.3,conflicting_clusters,0.99,location_strong_match,0.79,33.8858865,133.4078131,1672.3,25.3,strong,deprioritized,"権現山・黒岳・エビラ山・二ッ岳"
163,"鹿島山",summit-candidate:e4fbd033b13d73ce,0.79,grounding_neutral,,no_evidence,,location_strong_match,0.79,33.9739877,132.7641726,99.2,14.8,strong,medium,"鹿島山"
164,"出石山",summit-candidate:615a70cf4401199b,0.672,grounding_weakened,2797.4,conflicting_clusters,0.99,location_uncertain_keep,0.69,33.5350475,132.4654448,822.6,10.6,strong,deprioritized,"出石山"
165,"綱繰山",summit-candidate:53d0e375c60814f6,0.832,grounding_weakened,8282.5,conflicting_clusters,0.96,location_strong_match,0.85,33.8537021,133.3199199,1458,8,strong,deprioritized,"銅山峰・西山・綱繰山・獅子舞の鼻・冠山・平家平"
166,"獅子舞の鼻",summit-candidate:53d0e375c60814f6,0.772,grounding_weakened,4645.5,conflicting_clusters,0.95,location_strong_match,0.79,33.8537021,133.3199199,1458,24,strong,deprioritized,"銅山峰・西山・綱繰山・獅子舞の鼻・冠山・平家平"
167,"冠山",summit-candidate:006436491de34784,0.832,grounding_weakened,3947.1,conflicting_clusters,0.99,location_strong_match,0.85,33.8159575,133.3107033,1729.6,1.4,strong,deprioritized,"銅山峰・西山・綱繰山・獅子舞の鼻・冠山・平家平"
168,"遠ヶ森",summit-candidate:02fa4cfab6fa90d3,0.732,grounding_weakened,22451.1,conflicting_clusters,0.96,location_uncertain_keep,0.75,33.7134297,132.824108,731.5,3.5,strong,deprioritized,"遠ヶ森"
169,"扇山",summit-candidate:9acc21860aa8a208,0.85,grounding_neutral,,no_evidence,,location_strong_match,0.85,33.7680114,132.779871,193,7,strong,medium,"扇山"
170,"高山",summit-candidate:101c1b0635c0bec0,0.79,grounding_weakened,2835.3,single_cluster_consensus,0.94,location_strong_match,0.85,34.1144302,132.9156361,131.7,3.3,strong,deprioritized,"高山"
171,"塔ノ峰",summit-candidate:101c1b0635c0bec0,0.73,grounding_weakened,3871.7,single_cluster_consensus,0.95,location_strong_match,0.79,34.1144302,132.9156361,131.7,18.3,strong,deprioritized,"高山"
172,"海山",summit-candidate:101c1b0635c0bec0,0.73,grounding_weakened,4737.9,single_cluster_consensus,0.95,location_strong_match,0.79,34.1144302,132.9156361,131.7,23.3,strong,deprioritized,"高山"
173,"近見山",summit-candidate:d5b708b4d3aa86a0,0.85,grounding_neutral,,no_evidence,,location_strong_match,0.85,34.0853958,132.9709549,239.9,4.1,strong,medium,"近見山"
174,"唐子山",summit-candidate:71f4bbfe52f75585,0.85,grounding_neutral,,no_evidence,,location_strong_match,0.85,34.0274965,133.032579,108.9,3.9,strong,medium,"唐子山"
175,"医王山",summit-candidate:1ed32ce6414c2781,0.69,grounding_weakened,7829.3,single_cluster_consensus,0.94,location_uncertain_keep,0.75,33.9801287,133.0507842,98.4,1.6,strong,deprioritized,"医王山"
176,"永納山(永納山城址)",summit-candidate:101c1b0635c0bec0,0.67,grounding_weakened,17477.9,single_cluster_consensus,0.98,boundary_plausible,0.73,34.1144302,132.9156361,131.7,0.3,strong,deprioritized,"高山"
177,"佐々久山",summit-candidate:1ed32ce6414c2781,0.57,grounding_weakened,6493.3,single_cluster_consensus,0.94,location_uncertain_keep,0.63,33.9801287,133.0507842,98.4,42.4,strong,deprioritized,"医王山"
178,"土亀山",summit-candidate:5c9365b2a5a9c97f,0.73,grounding_weakened,9471.7,single_cluster_consensus,0.95,location_strong_match,0.79,33.8164872,132.787544,69,19,strong,deprioritized,"星岡山"
179,"天山",summit-candidate:5c9365b2a5a9c97f,0.79,grounding_neutral,1181.4,single_cluster_consensus,0.98,location_strong_match,0.79,33.8164872,132.787544,69,18,strong,high,"星岡山"
180,"東山",summit-candidate:5104c47f17101d63,0.61,grounding_weakened,7477.5,single_cluster_consensus,0.96,location_strong_match,0.67,33.8754953,133.3399899,1622,230,strong,deprioritized,"東山・西赤石山・物住頭・前赤石山・東赤石山・八巻山"
181,"星岡山",summit-candidate:5c9365b2a5a9c97f,0.957,grounding_weakly_supported,465.2,single_cluster_consensus,0.98,location_strong_match,0.85,33.8164872,132.787544,69,6,strong,medium,"星岡山"
182,"河原樋山",summit-candidate:b1d864fd1fcc9dcb,0.69,grounding_weakened,19172.8,single_cluster_consensus,0.98,location_uncertain_keep,0.75,33.8717799,132.8815633,860.5,3.5,strong,deprioritized,"福見山・河原樋山・真松嶺・柿王寺森"
183,"真松嶺",summit-candidate:74dd1729abbd7bb5,0.79,grounding_weakened,19620.7,single_cluster_consensus,0.96,location_strong_match,0.85,33.8887442,132.8659698,539,9,strong,deprioritized,"福見山・河原樋山・真松嶺・柿王寺森"
184,"柿王寺森",summit-candidate:74dd1729abbd7bb5,0.79,grounding_weakened,19178,single_cluster_consensus,0.96,location_strong_match,0.85,33.8887442,132.8659698,539,6,strong,deprioritized,"福見山・河原樋山・真松嶺・柿王寺森"
185,"岩子山",summit-candidate:45f49d8fd831427c,1,grounding_supported,237,single_cluster_consensus,0.95,location_strong_match,0.85,33.8362547,132.7147629,110.8,0.2,strong,low,"岩子山・垣生山・津田山・弁天山"
186,"垣生山",summit-candidate:45f49d8fd831427c,0.891,grounding_weakly_supported,797.9,single_cluster_consensus,0.99,location_strong_match,0.85,33.8362547,132.7147629,110.8,7.2,strong,high,"岩子山・垣生山・津田山・弁天山"
187,"津田山",summit-candidate:45f49d8fd831427c,0.85,grounding_neutral,1192.4,single_cluster_consensus,0.95,location_strong_match,0.85,33.8362547,132.7147629,110.8,0.8,strong,high,"岩子山・垣生山・津田山・弁天山"
188,"弁天山",summit-candidate:8178723bbadb1c72,0.79,grounding_weakened,2565.2,single_cluster_consensus,0.96,location_strong_match,0.85,33.8442998,132.7151969,123.7,6.3,strong,deprioritized,"岩子山・垣生山・津田山・弁天山"
189,"権現山",summit-candidate:32bb5e7e1071e808,0.85,grounding_neutral,,no_evidence,,location_strong_match,0.85,32.9252175,132.4855806,497.2,6.2,strong,medium,"権現山"
190,"黒瀬山（黒瀬城址）",summit-candidate:8a7a47d167c1aba6,0.85,grounding_neutral,1011.7,single_cluster_consensus,0.98,location_strong_match,0.85,33.3556223,132.5138567,349.4,8.5,strong,medium,"黒瀬山(黒瀬城址)・岡山(岡山城址)・鉢ヶ森(鉢ヶ森城址)・護摩ヶ森(護摩ヶ森城址)・我合山(..."
191,"岡山（岡城址）",summit-candidate:8a7a47d167c1aba6,0.615,grounding_neutral,1900.9,single_cluster_consensus,0.97,location_strong_match,0.615,33.3556223,132.5138567,349.4,10.6,weak,high,"黒瀬山(黒瀬城址)・岡山(岡山城址)・鉢ヶ森(鉢ヶ森城址)・護摩ヶ森(護摩ヶ森城址)・我合山(..."
192,"鉢ヶ森（鉢ヶ森城址）",summit-candidate:a660f8ef78c69ab0,0.85,grounding_neutral,,no_evidence,,location_strong_match,0.85,33.3548241,132.5023048,432.2,1.8,strong,medium,"黒瀬山(黒瀬城址)・岡山(岡山城址)・鉢ヶ森(鉢ヶ森城址)・護摩ヶ森(護摩ヶ森城址)・我合山(..."
193,"護摩ヶ森（護摩ヶ森城址）",summit-candidate:a5f51c62e44d0847,0.85,grounding_neutral,,no_evidence,,location_strong_match,0.85,33.3541563,132.5087392,379.4,0.6,strong,medium,"黒瀬山(黒瀬城址)・岡山(岡山城址)・鉢ヶ森(鉢ヶ森城址)・護摩ヶ森(護摩ヶ森城址)・我合山(..."
194,"我合山（我合城址）",summit-candidate:8a7a47d167c1aba6,0.787,grounding_weakly_supported,441.6,single_cluster_consensus,0.97,location_strong_match,0.675,33.3556223,132.5138567,349.4,0.6,weak,high,"黒瀬山(黒瀬城址)・岡山(岡山城址)・鉢ヶ森(鉢ヶ森城址)・護摩ヶ森(護摩ヶ森城址)・我合山(..."
195,"由良山",summit-candidate:8f19c4c16e72e270,0.69,grounding_weakened,11048.9,single_cluster_consensus,0.95,location_uncertain_keep,0.75,33.0229168,132.387323,243.4,5.6,strong,deprioritized,"由良山"
196,"大森山",summit-candidate:47129c06b82cf694,0.79,grounding_weakened,5579.4,single_cluster_consensus,0.94,location_strong_match,0.85,33.4533154,132.27344,295.1,4.1,strong,deprioritized,"石神山・金比羅山"
197,"見晴山",summit-candidate:47129c06b82cf694,0.61,grounding_weakened,6510.7,single_cluster_consensus,0.96,location_strong_match,0.67,33.4533154,132.27344,295.1,99.9,strong,deprioritized,"石神山・金比羅山"
198,"権現山",summit-candidate:047b9599ec28c6ad,0.62,grounding_weakened,65258.2,single_cluster_consensus,0.95,location_uncertain_keep,0.68,32.9109139,132.4871509,368.9,6.1,strong,deprioritized,"権現山"
199,"遠見山",summit-candidate:47129c06b82cf694,0.61,grounding_weakened,26988,single_cluster_consensus,0.94,location_strong_match,0.67,33.4533154,132.27344,295.1,165.1,strong,deprioritized,"石神山・金比羅山"
200,"石神山",summit-candidate:47129c06b82cf694,0.79,grounding_weakened,3725.9,single_cluster_consensus,0.94,location_strong_match,0.85,33.4533154,132.27344,295.1,7.9,strong,deprioritized,"石神山・金比羅山"
201,"金比羅山",summit-candidate:c6ced2088a2376f5,0.79,grounding_neutral,,no_evidence,,location_strong_match,0.79,33.4565633,132.2726227,226,23,strong,medium,"石神山・金比羅山"
202,"鳥越山",summit-candidate:5b7c833ac0535534,0.79,grounding_weakened,7390.8,single_cluster_consensus,0.95,location_strong_match,0.85,33.8899037,132.758853,99.9,0.1,strong,deprioritized,"鳥越山"
203,"谷田山",summit-candidate:5b7c833ac0535534,0.73,grounding_weakened,5998.7,single_cluster_consensus,0.94,location_strong_match,0.79,33.8899037,132.758853,99.9,21.9,strong,deprioritized,"鳥越山"
204,"金毘羅山",summit-candidate:ab7edbc3a52d24bf,0.73,grounding_weakened,5771.1,single_cluster_consensus,0.93,location_strong_match,0.79,33.8919295,132.7535894,58.7,17.7,strong,deprioritized,"谷田山・金毘羅山"
205,"佐古田山",summit-candidate:5b7c833ac0535534,0.73,grounding_weakened,5728.3,single_cluster_consensus,0.94,location_strong_match,0.79,33.8899037,132.758853,99.9,22.9,strong,deprioritized,"鳥越山"
206,"古城山",summit-candidate:1432f597b5dca157,0.61,grounding_weakened,5892.4,single_cluster_consensus,0.96,location_strong_match,0.67,33.9038632,132.7837316,253.2,51.2,strong,deprioritized,"古城山・尾崎山"
207,"尾崎山",summit-candidate:1432f597b5dca157,0.79,grounding_weakened,6966.8,single_cluster_consensus,0.94,location_strong_match,0.85,33.9038632,132.7837316,253.2,6.8,strong,deprioritized,"古城山・尾崎山"
208,"宝ヶ峯",summit-candidate:b9e78d4a587ceaa0,1,grounding_supported,95.4,single_cluster_consensus,0.95,location_strong_match,0.85,33.8349112,132.8127369,278.7,5.3,strong,low,"倉谷山・芝ヶ峠・淡路ヶ峠・宝ヶ峯"
209,"淡路ヶ峠",summit-candidate:d43fade4de3e33c8,0.915,grounding_weakly_supported,676.6,single_cluster_consensus,0.98,location_strong_match,0.85,33.8346163,132.8126367,278.9,5.9,strong,medium,"宝ヶ峯・淡路ヶ峠"
210,"福見山",summit-candidate:446b5fe1e7a8b2fd,0.62,grounding_weakened,8212.9,single_cluster_consensus,0.98,location_uncertain_keep,0.68,33.8893781,132.9018403,1048.2,2.8,strong,deprioritized,"福見山・明神ヶ森・南三方ヶ森・魚谷森・左谷ノ森"
211,"明神ヶ森",summit-candidate:83f3af0488659ac8,0.62,grounding_weakened,6709.6,single_cluster_consensus,0.99,location_uncertain_keep,0.68,33.8940921,132.9178729,1212.3,4.7,strong,deprioritized,"福見山・明神ヶ森・南三方ヶ森・魚谷森・左谷ノ森"
212,"南三方ヶ森",summit-candidate:5b124255339c0714,0.62,grounding_weakened,3193.7,single_cluster_consensus,0.98,location_uncertain_keep,0.68,33.9046499,132.9247864,1147.7,8.3,strong,deprioritized,"福見山・明神ヶ森・南三方ヶ森・魚谷森・左谷ノ森"
213,"魚谷森",summit-candidate:0ff024bf702c13bb,0.61,grounding_weakened,11211.8,single_cluster_consensus,0.95,location_strong_match,0.67,33.9266494,132.924009,927.3,77.7,strong,deprioritized,"福見山・明神ヶ森・南三方ヶ森・魚谷森・左谷ノ森"
214,"左谷ノ森",summit-candidate:0ff024bf702c13bb,0.79,grounding_weakened,12716.5,single_cluster_consensus,0.95,location_strong_match,0.85,33.9266494,132.924009,927.3,4.7,strong,deprioritized,"福見山・明神ヶ森・南三方ヶ森・魚谷森・左谷ノ森"
215,"真城ヶ台",summit-candidate:6d533e458b56f1d6,0.85,grounding_neutral,,no_evidence,,location_strong_match,0.85,33.7246538,132.8569052,583.6,3.4,strong,medium,"真城ヶ台"
216,"千羽ヶ岳",summit-candidate:afd70dd670366e77,0.85,grounding_neutral,,no_evidence,,location_strong_match,0.85,33.8312843,132.9832873,406.4,5.6,strong,medium,"千羽ヶ岳"
217,"皿ヶ嶺",summit-candidate:7a1f0e8b5f9e5cc2,0.846,grounding_weakly_supported,770.8,single_cluster_consensus,0.99,boundary_plausible,0.8,33.7157017,132.8951897,1277,1,strong,high,"皿ヶ嶺・引地山"
218,"えんとつ山",summit-candidate:339138a4e53293da,0.61,grounding_weakened,3610.5,single_cluster_consensus,0.95,location_strong_match,0.67,33.9047167,133.3174422,571.2,444.2,strong,deprioritized,"えんとつ山・生子山・犬返・種子川山・西赤石山・物住頭・上兜山・下兜山"
219,"生子山",summit-candidate:339138a4e53293da,0.61,grounding_weakened,3733.5,single_cluster_consensus,0.96,location_strong_match,0.67,33.9047167,133.3174422,571.2,270.2,strong,deprioritized,"えんとつ山・生子山・犬返・種子川山・西赤石山・物住頭・上兜山・下兜山"
220,"犬返",summit-candidate:339138a4e53293da,0.79,grounding_weakened,3921.6,single_cluster_consensus,0.93,location_strong_match,0.85,33.9047167,133.3174422,571.2,4.8,strong,deprioritized,"えんとつ山・生子山・犬返・種子川山・西赤石山・物住頭・上兜山・下兜山"
221,"種子川山",summit-candidate:339138a4e53293da,0.67,grounding_weakened,3485.3,single_cluster_consensus,0.94,location_strong_match,0.73,33.9047167,133.3174422,571.2,32.2,strong,deprioritized,"えんとつ山・生子山・犬返・種子川山・西赤石山・物住頭・上兜山・下兜山"
222,"西赤石山",summit-candidate:473a62086144ac33,0.79,grounding_weakened,3086.4,single_cluster_consensus,0.99,location_strong_match,0.85,33.8755645,133.3400675,1619.8,6.2,strong,deprioritized,"えんとつ山・生子山・犬返・種子川山・西赤石山・物住頭・上兜山・下兜山"
223,"物住頭",summit-candidate:473a62086144ac33,0.73,grounding_weakened,3142.1,single_cluster_consensus,0.98,location_strong_match,0.79,33.8755645,133.3400675,1619.8,15.2,strong,deprioritized,"えんとつ山・生子山・犬返・種子川山・西赤石山・物住頭・上兜山・下兜山"
224,"上兜山",summit-candidate:339138a4e53293da,0.61,grounding_weakened,5485,single_cluster_consensus,0.95,location_strong_match,0.67,33.9047167,133.3174422,571.2,987.8,strong,deprioritized,"えんとつ山・生子山・犬返・種子川山・西赤石山・物住頭・上兜山・下兜山"
225,"下兜山",summit-candidate:4311f3ae9948ea08,0.85,grounding_neutral,,no_evidence,,location_strong_match,0.85,33.8989598,133.3586627,1239.4,5.4,strong,medium,"えんとつ山・生子山・犬返・種子川山・西赤石山・物住頭・上兜山・下兜山"
226,"黒森山",summit-candidate:924ccfedeb6c2d2c,0.62,grounding_weakened,15932.7,single_cluster_consensus,0.95,location_uncertain_keep,0.68,33.6897024,132.8493405,1151.6,2.4,strong,deprioritized,"黒森山"
227,"菊ヶ森",summit-candidate:2a670286f545beb2,0.79,grounding_weakened,4341.2,single_cluster_consensus,0.94,location_strong_match,0.85,33.6772505,132.9121114,910.6,3.4,strong,deprioritized,"菊ヶ森・餓鬼ヶ森"
228,"餓鬼ヶ森",summit-candidate:be07cff01023e072,0.85,grounding_neutral,,no_evidence,,location_strong_match,0.85,33.6908158,132.9052102,950.8,3.2,strong,medium,"菊ヶ森・餓鬼ヶ森"
229,"船野山",summit-candidate:7880c9d0de83468b,0.73,grounding_neutral,,no_evidence,,location_strong_match,0.73,33.8031315,132.9547814,453,41,strong,medium,"船野山"
230,"木久ヶ森",summit-candidate:9669b668bebfc145,0.61,grounding_weakened,14683.2,single_cluster_consensus,0.94,location_strong_match,0.67,33.9017492,132.9949732,811,59,strong,deprioritized,"黒滝山・木久ヶ森"
231,"黒滝山",summit-candidate:9669b668bebfc145,0.79,grounding_weakened,15479.2,single_cluster_consensus,0.95,location_strong_match,0.85,33.9017492,132.9949732,811,2,strong,deprioritized,"黒滝山・木久ヶ森"
232,"奥之城山",summit-candidate:ea33d870d4700a56,0.85,grounding_neutral,,no_evidence,,location_strong_match,0.85,33.8778648,132.8306597,414.3,5.7,strong,medium,"奥之城山・ヌタノサコ"
233,"天狗岳",summit-candidate:3b98b67bbe0fe0f9,0.68,grounding_neutral,1709.6,single_cluster_consensus,0.99,location_uncertain_keep,0.68,33.7675949,133.1152818,1979.2,2.8,strong,high,"石鎚山・天狗岳・南尖峰"
234,"石鎚山",summit-candidate:19713e48698f3e2a,0.68,grounding_neutral,1893.3,single_cluster_consensus,0.99,location_uncertain_keep,0.68,33.768961,133.1134874,1967,5,strong,high,"鶴ノ子ノ頭・石鎚山"
235,"善神山",summit-candidate:367897a1c7a2d287,0.79,grounding_weakened,10647.7,single_cluster_consensus,0.96,location_strong_match,0.85,33.737749,132.9184402,1089.6,4.4,strong,deprioritized,"前善神山・善神山"
236,"前善神山",summit-candidate:367897a1c7a2d287,0.73,grounding_weakened,9996.5,single_cluster_consensus,0.95,location_strong_match,0.79,33.737749,132.9184402,1089.6,19.6,strong,deprioritized,"前善神山・善神山"
237,"五葉が森",summit-candidate:9488d92d9ea95406,0.69,grounding_weakened,2551.1,single_cluster_consensus,0.96,location_uncertain_keep,0.75,33.9483028,132.9785604,837.2,3.8,strong,deprioritized,"五葉が森"
238,"冠岳",summit-candidate:b73a23fa4b3abc39,0.79,grounding_weakened,19163.6,single_cluster_consensus,0.95,location_strong_match,0.85,33.728215,133.1156537,1375.6,4.4,strong,deprioritized,"冠岳"
239,"東赤石山",summit-candidate:5104c47f17101d63,0.736,grounding_weakly_supported,671.1,single_cluster_consensus,0.99,location_strong_match,0.67,33.8754953,133.3399899,1622,88,strong,medium,"東山・西赤石山・物住頭・前赤石山・東赤石山・八巻山"
240,"八巻山",summit-candidate:2b7cce23b57844a5,0.69,grounding_weakened,3927.2,single_cluster_consensus,0.98,location_uncertain_keep,0.75,33.8752971,133.3737015,1699.1,1.1,strong,deprioritized,"東山・西赤石山・物住頭・前赤石山・東赤石山・八巻山"
241,"ベツソ山",summit-candidate:dba931625b34d9ac,0.67,grounding_weakened,7170.6,single_cluster_consensus,0.94,location_strong_match,0.73,33.741489,132.7329923,313.2,47.2,strong,deprioritized,"ベツソ山・歯朶谷山"
242,"歯朶谷山",summit-candidate:dba931625b34d9ac,0.79,grounding_weakened,7584,single_cluster_consensus,0.94,location_strong_match,0.85,33.741489,132.7329923,313.2,0.8,strong,deprioritized,"ベツソ山・歯朶谷山"
243,"丸山",summit-candidate:2670057d58a25475,0.85,grounding_neutral,,no_evidence,,location_strong_match,0.85,33.9725881,132.924821,616.4,7.6,strong,medium,"丸山"
244,"二ノ岳",summit-candidate:b58470f57bb41331,0.57,grounding_weakened,26102.8,single_cluster_consensus,0.95,adjacent_but_deep_inside,0.63,33.8130309,133.154101,1152.7,3.3,strong,low,"二ノ岳・高森"
245,"高森",summit-candidate:5771cdd191c3861d,0.57,grounding_weakened,33133.6,single_cluster_consensus,0.96,adjacent_but_deep_inside,0.63,33.8259035,133.1757371,1351.2,8.8,strong,low,"二ノ岳・高森"
246,"四辻ノ森",summit-candidate:d659f1dc6e5fa0b5,0.85,grounding_neutral,,no_evidence,,location_strong_match,0.85,33.6584439,133.0393458,1206.9,5.9,strong,medium,"四辻ノ森・三光ノ辻山"
247,"三光ノ辻山",summit-candidate:c4504025c94f843c,0.85,grounding_neutral,,no_evidence,,location_strong_match,0.85,33.6609688,133.0432584,1215.1,0.1,strong,medium,"四辻ノ森・三光ノ辻山"
248,"瀬戸黒森",summit-candidate:f7593239fa7bdcc9,0.73,grounding_weakly_supported,698.2,single_cluster_consensus,0.98,location_strong_match,0.67,33.0409924,132.624637,864.3,111.7,strong,low,"瀬戸黒森・三森・羽子山・観音森"
249,"羽子山",summit-candidate:9a0532ee2b40e5f3,0.85,grounding_neutral,,no_evidence,,location_strong_match,0.85,33.0274144,132.6396303,725.5,4.5,strong,medium,"瀬戸黒森・三森・羽子山・観音森"
250,"観音森",summit-candidate:cf1cb583d492455c,0.85,grounding_neutral,,no_evidence,,location_strong_match,0.85,33.0210963,132.6156053,784.9,5.9,strong,medium,"瀬戸黒森・三森・羽子山・観音森"
251,"三森",summit-candidate:f7593239fa7bdcc9,0.85,grounding_neutral,,no_evidence,,location_strong_match,0.85,33.0409924,132.624637,864.3,2.7,strong,medium,"瀬戸黒森・三森・羽子山・観音森"
252,"総津権現山",summit-candidate:f108570a8e33ce90,0.85,grounding_neutral,,no_evidence,,location_strong_match,0.85,33.6386291,132.7905473,437.4,2.6,strong,medium,"総津権現山"
253,"秦皇山",summit-candidate:1d97e1955af85092,0.61,grounding_weakened,6886.3,single_cluster_consensus,0.99,location_strong_match,0.67,33.7116367,132.7230323,417.8,456.2,strong,deprioritized,"平岡山(平岡城址) "
254,"平岡山(平岡城址)",summit-candidate:1d97e1955af85092,0.79,grounding_weakened,7645.6,single_cluster_consensus,0.96,location_strong_match,0.85,33.7116367,132.7230323,417.8,3.8,strong,deprioritized,"平岡山(平岡城址) "
255,"竜門山",summit-candidate:64a47ed9c06f56d5,0.69,grounding_weakened,8413,single_cluster_consensus,0.95,location_uncertain_keep,0.75,33.9577565,133.0133542,431,8,strong,deprioritized,"竜門山・大黒山"
256,"大黒山",summit-candidate:99b1b356cad63b98,0.61,grounding_weakened,9817.5,single_cluster_consensus,0.95,location_strong_match,0.67,33.9484547,133.0175021,384.9,64,strong,deprioritized,"竜門山・大黒山"
257,"大空山",summit-candidate:fd13fabb918486e6,0.68,grounding_neutral,,no_evidence,,missing_location_evidence,0.68,34.2657519,132.9964757,348.3,3.7,strong,high,"大空山"
258,"御串山",summit-candidate:02d59cd1260af017,0.72,grounding_weakly_supported,798.3,single_cluster_consensus,0.98,missing_location_evidence,0.68,34.2470088,132.9890515,62.8,3.2,strong,high,"御串山"
259,"宝股山",summit-candidate:468c5bbccd8aba53,0.68,grounding_neutral,,no_evidence,,missing_location_evidence,0.68,34.212287,133.0867989,300.6,3.4,strong,high,"宝股山"
260,"開山",summit-candidate:02d59cd1260af017,0.44,grounding_weakened,7656.2,single_cluster_consensus,0.99,missing_location_evidence,0.5,34.2470088,132.9890515,62.8,86.2,strong,deprioritized,"御串山"
261,"鳥屋ヶ森",summit-candidate:ef6730fa259856ec,0.85,grounding_neutral,,no_evidence,,location_strong_match,0.85,33.2302311,132.5212462,319.7,2.3,strong,medium,"鳥屋ヶ森"
262,"熊ガ峰",summit-candidate:ef3e845b5d632dd3,0.85,grounding_neutral,,no_evidence,,location_strong_match,0.85,33.1991626,132.5213654,340.5,2.5,strong,medium,"熊ガ峰"
263,"権現山",summit-candidate:84f974876f397da1,0.85,grounding_neutral,,no_evidence,,location_strong_match,0.85,33.1592369,132.4691277,498.8,9.8,strong,medium,"権現山"
264,"大黒山",summit-candidate:f5c22dac4bd015ae,0.69,grounding_weakened,7516,single_cluster_consensus,0.96,location_uncertain_keep,0.75,33.1325116,132.6372183,1098.2,7.8,strong,deprioritized,"大黒山・譲ヶ葉森"
265,"譲ヶ葉森",summit-candidate:19baf3ce30f8991a,0.85,grounding_neutral,,no_evidence,,location_strong_match,0.85,33.1234747,132.6207282,1022,6,strong,medium,"大黒山・譲ヶ葉森"
266,"郭公岳",summit-candidate:3853fbbba7330ec4,0.62,grounding_weakened,4927.1,single_cluster_consensus,0.98,location_uncertain_keep,0.68,33.2137233,132.6584283,1010,0,strong,deprioritized,"高月山・東高月山・郭公岳・櫨ヶ森・毛山"
267,"東高月山",summit-candidate:62351b8782d6f597,0.63,grounding_weakened,4703,single_cluster_consensus,0.96,location_uncertain_keep,0.69,33.213477,132.6419476,1191.9,10.9,strong,deprioritized,"高月山・東高月山・郭公岳・櫨ヶ森・毛山"
268,"高月山",summit-candidate:90c3723735d95c0d,0.69,grounding_weakened,4395.5,single_cluster_consensus,0.99,location_uncertain_keep,0.75,33.2086892,132.6346403,1224.2,4.8,strong,deprioritized,"高月山・東高月山・郭公岳・櫨ヶ森・毛山"
269,"櫨ヶ森",summit-candidate:f7e5fd7b11eb7bd4,0.73,grounding_weakened,3436.6,single_cluster_consensus,0.95,location_strong_match,0.79,33.2001402,132.60837,1084.1,20.1,strong,deprioritized,"高月山・東高月山・郭公岳・櫨ヶ森・毛山"
270,"毛山",summit-candidate:40068653b28bad40,0.85,grounding_neutral,,no_evidence,,location_strong_match,0.85,33.2001424,132.6082692,1090.4,1.4,strong,medium,"鬼ヶ城山・大久保山・八面山・三本杭・横ノ森・小屋ヶ森・毛山"
271,"白石山",summit-candidate:ac8e3853fbbf0c6f,0.85,grounding_neutral,,no_evidence,,location_strong_match,0.85,33.0072084,132.5866268,651.8,3.8,strong,medium,"白石山"
272,"観音岳",summit-candidate:a53cc9868b7f2f70,0.78,grounding_neutral,,no_evidence,,location_strong_match,0.78,33.0342378,132.5322872,780.6,1.4,strong,medium,"観音岳"
273,"音無山",summit-candidate:97e45d6eab227d56,0.85,grounding_neutral,,no_evidence,,location_strong_match,0.85,33.1131437,132.6235455,845.6,4.4,strong,medium,"音無山"
274,"天ガ森",summit-candidate:93a4d66ef3ee559d,0.79,grounding_neutral,,no_evidence,,location_strong_match,0.79,33.1178859,132.5317791,343.8,12.8,strong,medium,"天ガ森"
275,"夫婦山",summit-candidate:3e9348428f22a320,0.85,grounding_neutral,,no_evidence,,location_strong_match,0.85,33.892102,132.788188,385.2,1.8,strong,medium,"夫婦山・白山・観音山・国見山・城山・御勧請山"
276,"白山",summit-candidate:13b7a4bb8154974a,0.79,grounding_weakened,4768.9,single_cluster_consensus,0.94,location_strong_match,0.85,33.8682654,132.7980997,336,9,strong,deprioritized,"夫婦山・白山・観音山・国見山・城山・御勧請山"
277,"観音山",summit-candidate:cf29543e6beaa1ec,0.85,grounding_neutral,,no_evidence,,location_strong_match,0.85,33.8974685,132.7904961,365.7,5.7,strong,medium,"夫婦山・白山・観音山・国見山・城山・御勧請山"
278,"国見山",summit-candidate:2ab43729f5e80cbe,0.85,grounding_neutral,,no_evidence,,location_strong_match,0.85,33.9003229,132.8034521,376.3,3.7,strong,medium,"夫婦山・白山・観音山・国見山・城山・御勧請山"
279,"城山",summit-candidate:1432f597b5dca157,0.79,grounding_weakened,7146.6,single_cluster_consensus,0.99,location_strong_match,0.85,33.9038632,132.7837316,253.2,9.2,strong,deprioritized,"古城山・尾崎山"
280,"御勧請山",summit-candidate:13b7a4bb8154974a,0.79,grounding_weakened,5172.1,single_cluster_consensus,0.94,location_strong_match,0.85,33.8682654,132.7980997,336,9,strong,deprioritized,"夫婦山・白山・観音山・国見山・城山・御勧請山"
281,"トギ",summit-candidate:e75e04c2fbe61c2f,0.79,grounding_weakened,14419,single_cluster_consensus,0.95,location_strong_match,0.85,33.5806252,132.4593069,391.5,0.5,strong,deprioritized,"トギ・張木山・高手山"
282,"張木山",summit-candidate:3c28b6ebd5a97155,0.79,grounding_weakened,13501.9,single_cluster_consensus,0.95,location_strong_match,0.85,33.5944697,132.4784739,472.1,4.1,strong,deprioritized,"斎藤山"
283,"高手山",summit-candidate:e75e04c2fbe61c2f,0.73,grounding_weakened,17043.1,single_cluster_consensus,0.95,location_strong_match,0.79,33.5806252,132.4593069,391.5,10.5,strong,deprioritized,"トギ・張木山・高手山"
284,"斎藤山",summit-candidate:3c28b6ebd5a97155,0.73,grounding_weakened,11485.6,single_cluster_consensus,0.95,location_strong_match,0.79,33.5944697,132.4784739,472.1,13.1,strong,deprioritized,"斎藤山"
285,"御祝山",summit-candidate:9186201ca03b041d,0.61,grounding_weakened,7958,single_cluster_consensus,0.98,location_strong_match,0.67,33.1727703,132.6401559,1160.4,161.4,strong,deprioritized,"御祝山・横ノ森・小屋ヶ森・串ヶ森・目黒鳥屋・長尾森"
286,"横ノ森",summit-candidate:12c27f259b66de80,0.73,grounding_neutral,1754.3,single_cluster_consensus,0.96,boundary_plausible,0.73,33.1850023,132.6371878,1201,1,strong,high,"御祝山・横ノ森・小屋ヶ森・串ヶ森・目黒鳥屋・長尾森"
287,"小屋ヶ森",summit-candidate:27c1036d4aa2230e,0.783,grounding_weakly_supported,435.5,single_cluster_consensus,0.96,boundary_plausible,0.67,33.1812975,132.6194355,1167.6,16.5,strong,medium,"鬼ヶ城山・大久保山・八面山・三本杭・横ノ森・小屋ヶ森・毛山"
288,"串ヶ森",summit-candidate:9186201ca03b041d,0.79,grounding_weakened,3917,single_cluster_consensus,0.98,location_strong_match,0.85,33.1727703,132.6401559,1160.4,0.4,strong,deprioritized,"御祝山・横ノ森・小屋ヶ森・串ヶ森・目黒鳥屋・長尾森"
289,"目黒鳥屋",summit-candidate:9186201ca03b041d,0.79,grounding_weakened,2117.4,single_cluster_consensus,0.95,location_strong_match,0.85,33.1727703,132.6401559,1160.4,3.4,strong,deprioritized,"御祝山・横ノ森・小屋ヶ森・串ヶ森・目黒鳥屋・長尾森"
290,"長尾森",summit-candidate:9186201ca03b041d,0.73,grounding_weakened,2529.4,single_cluster_consensus,0.96,location_strong_match,0.79,33.1727703,132.6401559,1160.4,19.6,strong,deprioritized,"御祝山・横ノ森・小屋ヶ森・串ヶ森・目黒鳥屋・長尾森"
291,"二箆山",summit-candidate:0a89128346167f6e,0.79,grounding_neutral,,no_evidence,,location_strong_match,0.79,33.62142,133.0520358,1158.4,10.6,strong,medium,"二箆山・西雑誌山"
292,"西雑誌山",summit-candidate:aa8ff99fc3bd426d,0.85,grounding_neutral,,no_evidence,,location_strong_match,0.85,33.601894,133.0710189,1347.9,6.9,strong,medium,"二箆山・西雑誌山"
293,"気多山",summit-candidate:e010f98d2b23f547,0.85,grounding_neutral,,no_evidence,,location_strong_match,0.85,33.6973447,133.0732035,1212.5,5.5,strong,medium,"気多山・八辻ノ峰・五代ヶ森"
294,"八辻ノ峰",summit-candidate:76cc7bb75549e7a1,0.73,grounding_weakened,2267.1,single_cluster_consensus,0.98,location_strong_match,0.79,33.7367329,133.0832761,1709.2,14.8,strong,deprioritized,"気多山・八辻ノ峰・五代ヶ森"
295,"五代ヶ森",summit-candidate:76cc7bb75549e7a1,0.79,grounding_weakened,2945.7,single_cluster_consensus,0.98,location_strong_match,0.85,33.7367329,133.0832761,1709.2,1.8,strong,deprioritized,"気多山・八辻ノ峰・五代ヶ森"
296,"桂ヶ森",summit-candidate:c210f415fc55501f,0.85,grounding_neutral,,no_evidence,,location_strong_match,0.85,33.6590168,132.8578473,1220,4,strong,medium,"桂ヶ森"
297,"狼ヶ城山",summit-candidate:95a8fa74fd4af7b0,0.69,grounding_weakened,5255.1,single_cluster_consensus,0.98,location_uncertain_keep,0.75,33.5763649,132.9111904,1376.8,3.2,strong,deprioritized,"狼ヶ城山"
298,"日浦嶺",summit-candidate:606168b97944fce5,0.62,grounding_weakened,9757.8,single_cluster_consensus,0.96,location_uncertain_keep,0.68,33.5926584,132.8486131,900.1,0.9,strong,deprioritized,"日浦嶺・打越山"
299,"打越山",summit-candidate:498b9618ca98fa34,0.62,grounding_weakened,8540.9,single_cluster_consensus,0.96,location_uncertain_keep,0.68,33.6118803,132.8524765,854.2,5.8,strong,deprioritized,"日浦嶺・打越山"
300,"面河山",summit-candidate:22e40e9eb117a033,0.85,grounding_neutral,,no_evidence,,location_strong_match,0.85,33.7513188,133.1115977,1519.9,1.1,strong,medium,"面河山"
301,"丸笹山",summit-candidate:aa6060fe8a831f45,0.85,grounding_neutral,,no_evidence,,location_strong_match,0.85,33.7465829,133.1513298,1543,8,strong,medium,"丸滝山"
302,"丸滝山",summit-candidate:5ec5a611be375a53,0.79,grounding_neutral,,no_evidence,,location_strong_match,0.79,33.7195139,133.1457476,1567.1,11.1,strong,medium,"丸笹山"
303,"名石山",summit-candidate:ea919bf883e31a7b,0.69,grounding_weakened,10074.9,single_cluster_consensus,0.95,location_uncertain_keep,0.75,34.0063802,132.8186843,289.8,7.2,strong,deprioritized,"名石山"
304,"青刈山",summit-candidate:588c967023117267,0.44,grounding_weakened,4895.7,single_cluster_consensus,0.95,missing_location_evidence,0.5,34.2634531,132.9718171,201.5,140.5,strong,deprioritized,"鏡山"
305,"椿山",summit-candidate:1b665bc67a34756a,0.85,grounding_neutral,,no_evidence,,location_strong_match,0.85,33.7033183,133.1423731,1579.7,5.3,strong,medium,"椿山"
306,"黒森山",summit-candidate:40e090ce41a89b55,0.63,grounding_weakened,17597,single_cluster_consensus,0.99,location_uncertain_keep,0.69,33.8493229,133.2701244,1690.4,12.4,strong,deprioritized,"沓掛山・黒森山"
307,"沓掛山",summit-candidate:40e090ce41a89b55,0.69,grounding_weakened,9970.7,single_cluster_consensus,0.98,location_uncertain_keep,0.75,33.8493229,133.2701244,1690.4,0.6,strong,deprioritized,"沓掛山・黒森山"
308,"二反山",summit-candidate:94e96018c0a5450d,0.56,grounding_neutral,,no_evidence,,missing_location_evidence,0.56,34.2837172,133.0100334,392,3,strong,high,"二反山・青刈山"
309,"平家平",summit-candidate:006436491de34784,0.67,grounding_weakened,9292,single_cluster_consensus,0.99,location_strong_match,0.73,33.8159575,133.3107033,1729.6,36.6,strong,deprioritized,"銅山峰・西山・綱繰山・獅子舞の鼻・冠山・平家平"
310,"薬師山",summit-candidate:167756a8b787a168,0.56,grounding_neutral,,no_evidence,,missing_location_evidence,0.56,34.2035605,132.9686491,430,5,strong,high,"薬師山"
311,"子持権現山",summit-candidate:f2538b7f88e2dd06,0.67,grounding_neutral,1865,single_cluster_consensus,0.98,location_strong_match,0.67,33.7945738,133.1929016,1892.5,219.5,strong,medium,"子持権現山・男山・瓶ヶ森"
312,"男山",summit-candidate:53a6401abf71c488,0.67,grounding_neutral,1216.3,single_cluster_consensus,0.97,location_strong_match,0.67,33.7946359,133.1931324,1892.1,54.1,strong,high,"男山・瓶ヶ森・台ヶ森"
313,"瓶ヶ森",summit-candidate:53a6401abf71c488,0.85,grounding_neutral,1271.7,single_cluster_consensus,0.99,location_strong_match,0.85,33.7946359,133.1931324,1892.1,4.9,strong,medium,"男山・瓶ヶ森・台ヶ森"
314,"宅並山",summit-candidate:f1ee81f4d467a28e,0.85,grounding_neutral,,no_evidence,,location_strong_match,0.85,33.9194619,132.7676241,191.3,8.7,strong,medium,"宅並山"
315,"岩屋山",summit-candidate:c9156b7eea77a1b0,0.79,grounding_neutral,,no_evidence,,location_strong_match,0.79,33.6581301,132.974538,769.8,16.2,strong,medium,"岩屋山"
316,"高縄山",summit-candidate:6ba0d3c6b0fb6b96,0.79,grounding_neutral,1751.4,single_cluster_consensus,0.99,location_strong_match,0.79,33.9456945,132.8499533,981.3,11.7,strong,high,"大月山・高縄山"
317,"伊予富士",summit-candidate:6f70c7d3c27fe164,0.78,grounding_neutral,,no_evidence,,location_strong_match,0.78,33.7882403,133.2475791,1746.7,9.3,strong,medium,"伊予富士"
318,"中津山(明神山)",summit-candidate:fec0bb942061619b,0.85,grounding_neutral,,no_evidence,,location_strong_match,0.85,33.5755696,133.0461981,1539.5,1.5,strong,medium,"中津山(明神山)・猿越山"
319,"猿越山",summit-candidate:eb3b108c5d508377,0.63,grounding_weakened,8451.5,single_cluster_consensus,0.96,location_uncertain_keep,0.69,33.5756361,133.0483249,1459.7,24.7,strong,deprioritized,"中津山(明神山)・猿越山"
320,"銅山峰",summit-candidate:006436491de34784,0.61,grounding_weakened,5940,single_cluster_consensus,0.98,location_strong_match,0.67,33.8159575,133.3107033,1729.6,399.6,strong,deprioritized,"銅山峰・西山・綱繰山・獅子舞の鼻・冠山・平家平"
321,"西山",summit-candidate:057580d1c60049b6,0.79,grounding_weakened,2005.8,single_cluster_consensus,0.96,location_strong_match,0.85,33.8596586,133.3188738,1425.3,3.7,strong,deprioritized,"銅山峰・西山・三の森・二の森・一の森"
322,"三の森",summit-candidate:057580d1c60049b6,0.61,grounding_weakened,13104.1,single_cluster_consensus,0.95,location_strong_match,0.67,33.8596586,133.3188738,1425.3,271.3,strong,deprioritized,"銅山峰・西山・三の森・二の森・一の森"
323,"二の森",summit-candidate:057580d1c60049b6,0.61,grounding_weakened,13657.3,single_cluster_consensus,0.95,location_strong_match,0.67,33.8596586,133.3188738,1425.3,385.3,strong,deprioritized,"銅山峰・西山・三の森・二の森・一の森"
324,"一の森",summit-candidate:0dea5d073885dc9d,0.85,grounding_neutral,,no_evidence,,location_strong_match,0.85,33.8793776,133.3116827,831.1,0.9,strong,medium,"銅山峰・西山・三の森・二の森・一の森"
325,"三ッ足山",summit-candidate:8078eb6cc96c519a,0.79,grounding_weakened,2201.1,single_cluster_consensus,0.97,location_strong_match,0.85,33.895514,133.6139166,1096.6,6.4,strong,deprioritized,"三ッ足山・カガマシ山・橡尾山・笹ヶ峰"
326,"カガマシ山",summit-candidate:0886436b79473a6c,0.79,grounding_weakened,3547.2,single_cluster_consensus,0.98,location_strong_match,0.85,33.8803402,133.6037486,1340.5,2.5,strong,deprioritized,"三ッ足山・カガマシ山・橡尾山・笹ヶ峰"
327,"橡尾山",summit-candidate:a1b1b7885eeab893,0.62,grounding_weakened,5451.2,single_cluster_consensus,0.97,location_uncertain_keep,0.68,33.8717366,133.6269198,1220.9,1.1,strong,deprioritized,"三ッ足山・カガマシ山・橡尾山・笹ヶ峰"
328,"笹ヶ峰",summit-candidate:a53ed6259e132097,0.85,grounding_neutral,,no_evidence,,location_strong_match,0.85,33.8837598,133.6434747,1017.4,1.6,strong,medium,"三ッ足山・カガマシ山・橡尾山・笹ヶ峰"
329,"ハネズル山",summit-candidate:e2c08955f9275289,0.79,grounding_weakened,12884.9,single_cluster_consensus,0.98,location_strong_match,0.85,33.88745,133.4510092,1291.9,7.1,strong,deprioritized,"ハネズル山"
330,"天堤山",summit-candidate:f54f44da226a4a15,0.79,grounding_neutral,,no_evidence,,location_strong_match,0.79,33.8625158,133.4945751,1134.9,12.2,strong,medium,"天堤山"
331,"五郎丸",summit-candidate:edac81b361bdc70c,0.72,grounding_weakened,13709.6,single_cluster_consensus,0.94,location_strong_match,0.78,34.0123819,133.6793921,591.8,3.2,strong,deprioritized,"唐谷山・天狗森・木峰・金見山・高丸・五郎丸・大谷山・龍王山"
332,"高丸",summit-candidate:edac81b361bdc70c,0.72,grounding_weakened,13985,single_cluster_consensus,0.94,location_strong_match,0.78,34.0123819,133.6793921,591.8,2.8,strong,deprioritized,"唐谷山・天狗森・木峰・金見山・高丸・五郎丸・大谷山・龍王山"
333,"金見山",summit-candidate:edac81b361bdc70c,0.72,grounding_weakened,13885.7,single_cluster_consensus,0.95,location_strong_match,0.78,34.0123819,133.6793921,591.8,4.2,strong,deprioritized,"唐谷山・天狗森・木峰・金見山・高丸・五郎丸・大谷山・龍王山"
334,"木峰",summit-candidate:edac81b361bdc70c,0.72,grounding_weakened,14820,single_cluster_consensus,0.94,location_strong_match,0.78,34.0123819,133.6793921,591.8,2.2,strong,deprioritized,"唐谷山・天狗森・木峰・金見山・高丸・五郎丸・大谷山・龍王山"
335,"天狗森",summit-candidate:edac81b361bdc70c,0.54,grounding_weakened,15186.6,single_cluster_consensus,0.94,location_strong_match,0.6,34.0123819,133.6793921,591.8,56.8,strong,deprioritized,"唐谷山・天狗森・木峰・金見山・高丸・五郎丸・大谷山・龍王山"
336,"唐谷山",summit-candidate:32c1cf967ab82dbe,0.56,grounding_weakened,15601.2,single_cluster_consensus,0.93,location_uncertain_keep,0.62,34.0356467,133.6297572,503.2,18.2,strong,deprioritized,"唐谷山・天狗森・木峰・金見山・高丸・五郎丸・大谷山・龍王山"
337,"龍王山",summit-candidate:edac81b361bdc70c,0.54,grounding_weakened,16444.7,single_cluster_consensus,0.94,location_strong_match,0.6,34.0123819,133.6793921,591.8,141.8,strong,deprioritized,"唐谷山・天狗森・木峰・金見山・高丸・五郎丸・大谷山・龍王山"
338,"大谷山",summit-candidate:32c1cf967ab82dbe,0.62,grounding_weakened,15517.5,single_cluster_consensus,0.95,location_uncertain_keep,0.68,34.0356467,133.6297572,503.2,3.8,strong,deprioritized,"唐谷山・天狗森・木峰・金見山・高丸・五郎丸・大谷山・龍王山"
339,"城山",summit-candidate:edac81b361bdc70c,0.54,grounding_weakened,9769.2,single_cluster_consensus,0.98,location_strong_match,0.6,34.0123819,133.6793921,591.8,529.8,strong,deprioritized,"唐谷山・天狗森・木峰・金見山・高丸・五郎丸・大谷山・龍王山"
340,"本尊山",summit-candidate:0bd3d051cdb972fd,0.61,grounding_weakened,2422.6,single_cluster_consensus,0.95,location_strong_match,0.67,33.6988091,132.6831717,632.3,445.3,strong,deprioritized,"本尊山・秋葉山・立烏帽子山・明神山"
341,"秋葉山",summit-candidate:0bd3d051cdb972fd,0.79,grounding_weakened,4838.8,single_cluster_consensus,0.94,location_strong_match,0.85,33.6988091,132.6831717,632.3,1.3,strong,deprioritized,"本尊山・秋葉山・立烏帽子山・明神山"
342,"立烏帽子山",summit-candidate:f12898f5821b63b8,0.85,grounding_neutral,,no_evidence,,location_strong_match,0.85,33.6910161,132.6669514,530.1,5.9,strong,medium,"本尊山・秋葉山・立烏帽子山・明神山"
343,"明神山",summit-candidate:0bd3d051cdb972fd,0.79,grounding_weakened,5318.9,single_cluster_consensus,0.95,location_strong_match,0.85,33.6988091,132.6831717,632.3,1.7,strong,deprioritized,"本尊山・秋葉山・立烏帽子山・明神山"
344,"陣が森",summit-candidate:6b0155a434d72d79,0.62,grounding_weakened,29000.7,single_cluster_consensus,0.96,location_uncertain_keep,0.68,33.9890249,132.8891658,532.4,5.6,strong,deprioritized,"陣が森・岩が森・スクモ塚・高萩山・長者森"
345,"岩が森",summit-candidate:c195c34fb7e38d7a,0.62,grounding_weakened,28518.9,single_cluster_consensus,0.94,location_uncertain_keep,0.68,33.9955014,132.8701408,418.5,5.5,strong,deprioritized,"陣が森・岩が森・スクモ塚・高萩山・長者森"
346,"スクモ塚",summit-candidate:d8270fc572efc0b2,0.85,grounding_neutral,,no_evidence,,location_strong_match,0.85,33.99782,132.8482925,279.1,4,strong,medium,"陣が森・岩が森・スクモ塚・高萩山・長者森"
347,"高萩山",summit-candidate:f0a03b36c279ddd3,0.69,grounding_weakened,27723.3,single_cluster_consensus,0.95,location_uncertain_keep,0.75,33.9985859,132.8339632,352.8,3.2,strong,deprioritized,"陣が森・岩が森・スクモ塚・高萩山・長者森"
348,"長者森",summit-candidate:bcc05b721653749f,0.85,grounding_neutral,,no_evidence,,location_strong_match,0.85,34.0073425,132.8450021,290.4,2.6,strong,medium,"陣が森・岩が森・スクモ塚・高萩山・長者森"
349,"八倉山",summit-candidate:4416099ca0f9da08,0.79,grounding_weakened,4156.9,single_cluster_consensus,0.96,location_strong_match,0.85,33.7478819,132.7506238,260.2,3.2,strong,deprioritized,"笹ヶ平山"
350,"行道山",summit-candidate:cfd366be872f9534,0.838,grounding_weakly_supported,458.4,single_cluster_consensus,0.99,location_strong_match,0.73,33.7579255,132.7571571,401.9,30.9,strong,high,"八倉山・行道山・水晶ヶ森"
351,"水晶ヶ森",summit-candidate:cfd366be872f9534,0.85,grounding_neutral,1766.7,single_cluster_consensus,0.95,location_strong_match,0.85,33.7579255,132.7571571,401.9,1.1,strong,medium,"八倉山・行道山・水晶ヶ森"
352,"笹ヶ平山",summit-candidate:4416099ca0f9da08,0.79,grounding_weakened,5436.7,single_cluster_consensus,0.94,location_strong_match,0.85,33.7478819,132.7506238,260.2,0.8,strong,deprioritized,"笹ヶ平山"
353,"壺神山",summit-candidate:c58c0ba7145621b9,0.63,grounding_weakened,2237.6,single_cluster_consensus,0.99,location_uncertain_keep,0.69,33.6056753,132.5543754,984.3,13.4,strong,deprioritized,"壺神山・滝山・足山・皿が森"
354,"滝山",summit-candidate:38105da918da8262,0.85,grounding_neutral,,no_evidence,,location_strong_match,0.85,33.6137407,132.5447284,733.1,7.1,strong,medium,"壺神山・滝山・足山・皿が森"
355,"足山",summit-candidate:0048d4d3a7981b80,0.73,grounding_weakened,5916.6,single_cluster_consensus,0.96,location_strong_match,0.79,33.6062894,132.5155614,697.5,22.5,strong,deprioritized,"壺神山・滝山・足山・皿が森"
356,"皿が森",summit-candidate:4db5b3ffd85092bf,0.79,grounding_neutral,,no_evidence,,location_strong_match,0.79,33.5995314,132.5168274,627,17,strong,medium,"壺神山・滝山・足山・皿が森"
357,"尉之山",summit-candidate:2b833dfb6f3f84c1,0.73,grounding_weakened,16536.3,single_cluster_consensus,0.96,location_strong_match,0.79,33.7282794,132.8388236,371.3,11.7,strong,deprioritized,"勝山"
358,"小山岳",summit-candidate:7749b785ef007c1a,0.69,grounding_weakened,13578.8,single_cluster_consensus,0.95,location_uncertain_keep,0.75,33.7568663,132.8499505,430.2,4.8,strong,deprioritized,"尉之山・小山岳"
359,"勝山",summit-candidate:2b833dfb6f3f84c1,0.73,grounding_weakened,17181.1,single_cluster_consensus,0.95,location_strong_match,0.79,33.7282794,132.8388236,371.3,13.7,strong,deprioritized,"勝山"
360,"松葉山（松葉城址）",summit-candidate:7a59a4750a70552c,0.85,grounding_neutral,,no_evidence,,location_strong_match,0.85,33.3754372,132.5110871,400.1,9.9,strong,medium,"御篠山・松葉山（松葉城址）・烏殿"
361,"烏殿",summit-candidate:d71483d289d0c575,0.85,grounding_neutral,,no_evidence,,location_strong_match,0.85,33.384401,132.5180668,583.9,4.1,strong,medium,"御篠山・松葉山（松葉城址）・烏殿"
362,"御篠山",summit-candidate:2c1cbc474e49f1ec,0.85,grounding_neutral,,no_evidence,,location_strong_match,0.85,33.372906,132.5153141,387.8,3.8,strong,medium,"御篠山・松葉山（松葉城址）・烏殿"
363,"天が森",summit-candidate:090f7fa4be89ec5e,0.61,grounding_weakened,4492.4,single_cluster_consensus,0.95,location_strong_match,0.67,33.5225161,132.4288807,782.4,389.4,strong,deprioritized,"天が森・浄心山・銅が鳴"
364,"浄心山",summit-candidate:090f7fa4be89ec5e,0.85,grounding_neutral,1010.4,single_cluster_consensus,0.97,location_strong_match,0.85,33.5225161,132.4288807,782.4,1.4,strong,medium,"天が森・浄心山・銅が鳴"
365,"銅が鳴",summit-candidate:090f7fa4be89ec5e,0.79,grounding_neutral,1389.1,single_cluster_consensus,0.96,location_strong_match,0.79,33.5225161,132.4288807,782.4,15.4,strong,high,"天が森・浄心山・銅が鳴"
366,"弥八山",summit-candidate:0cc40babcd0ce6bf,0.85,grounding_neutral,,no_evidence,,location_strong_match,0.85,34.0273223,133.5919989,261.2,1.9,strong,medium,"弥八山"
367,"西の山",summit-candidate:8cef52d6989a94db,0.79,grounding_weakened,2677.3,single_cluster_consensus,0.94,location_strong_match,0.85,33.9640455,133.4034525,237.7,6.3,strong,deprioritized,"北山"
368,"北山",summit-candidate:8cef52d6989a94db,0.79,grounding_weakened,2350.6,single_cluster_consensus,0.94,location_strong_match,0.85,33.9640455,133.4034525,237.7,3.3,strong,deprioritized,"北山"
369,"垣生山",summit-candidate:6c20bef6dc4e973b,0.85,grounding_neutral,,no_evidence,,location_strong_match,0.85,33.9892197,133.3258232,103.3,2.3,strong,medium,"垣生山"
370,"金子山",summit-candidate:3c1e55e6cc05c0ad,0.85,grounding_neutral,,no_evidence,,location_strong_match,0.85,33.9423212,133.2748429,148.3,2.3,strong,medium,"金子山"
371,"八堂山",summit-candidate:bf9808bbf86d5d73,0.85,grounding_neutral,,no_evidence,,location_strong_match,0.85,33.8975964,133.1980477,191.8,1.2,strong,medium,"八堂山"
372,"亀老山",summit-candidate:40260be41579ab8f,0.27,grounding_weakened,25487.7,single_cluster_consensus,0.99,missing_location_evidence,0.33,33.9922702,132.7992645,299.1,1.9,none,deprioritized,"尾ノ峰・新城山・腰折山・恵良山"
373,"カレイ山",summit-candidate:86e4db352b85ced4,0.68,grounding_neutral,,no_evidence,,missing_location_evidence,0.68,34.1597225,133.0770866,235.8,3.8,strong,high,"高取山"
374,"念仏山",summit-candidate:110345ef4fb31191,0.68,grounding_neutral,,no_evidence,,missing_location_evidence,0.68,34.1747341,133.0532069,374.7,6.4,strong,high,"念仏山"
375,"大頭山",summit-candidate:d456af62868c5044,0.63,grounding_supported,137.5,single_cluster_consensus,0.97,missing_location_evidence,0.33,34.1283255,133.047895,268.6,4.6,none,deprioritized,"姫政山"
376,"高取山",summit-candidate:afc2e407c1d6b464,0.62,grounding_weakened,3301,single_cluster_consensus,0.97,missing_location_evidence,0.68,34.1640532,133.047568,260.4,8.4,strong,deprioritized,"大頭山"
377,"八幡山",summit-candidate:b9ae103da9e3136b,0.68,grounding_neutral,,no_evidence,,missing_location_evidence,0.68,34.140513,133.0475658,211.7,0.3,strong,high,"八幡山"
378,"要害山",summit-candidate:0005c0040c7c7966,0.79,grounding_neutral,,no_evidence,,location_strong_match,0.79,33.9135717,132.7570186,92.2,14.8,strong,medium,"要害山"
379,"高穴山",summit-candidate:a0b87feaf88e526d,0.85,grounding_neutral,,no_evidence,,location_strong_match,0.85,33.9536062,132.8113157,282.5,9.5,strong,medium,"高穴山"
380,"高仙山",summit-candidate:3807e62715de33f9,0.85,grounding_neutral,,no_evidence,,location_strong_match,0.85,34.0326072,132.8753902,241,7,strong,medium,"高仙山"
381,"霊仙山",summit-candidate:47b61397fb9c5d3f,0.79,grounding_weakened,2401.1,single_cluster_consensus,0.96,location_strong_match,0.85,34.0105612,133.0203144,152.4,3.6,strong,deprioritized,"霊仙山"
382,"若いもん山",summit-candidate:47b61397fb9c5d3f,0.79,grounding_neutral,1706.1,single_cluster_consensus,0.95,location_strong_match,0.79,34.0105612,133.0203144,152.4,25.4,strong,high,"霊仙山"
383,"無宗天山",summit-candidate:0f09bdcc25daff65,0.85,grounding_neutral,,no_evidence,,location_strong_match,0.85,34.0386314,132.8923059,312,1,strong,medium,"無宗天山"
384,"綱付山",summit-candidate:f19fd681c4c84753,0.85,grounding_neutral,,no_evidence,,location_strong_match,0.85,33.8680685,133.1174852,516.7,2.3,strong,medium,"綱付山・幻城上城"
385,"幻城上城",summit-candidate:e4f762179d85915d,0.85,grounding_neutral,,no_evidence,,location_strong_match,0.85,33.8666424,133.106705,477.9,1.1,strong,medium,"綱付山・幻城上城"
386,"幻城下城",summit-candidate:2129bbc9c3950a91,0.85,grounding_neutral,,no_evidence,,location_strong_match,0.85,33.8756903,133.1037524,243.6,1.4,strong,medium,"幻城下城"
387,"階上山",summit-candidate:276fed5ecb7b3eb4,0.85,grounding_neutral,,no_evidence,,location_strong_match,0.85,33.6859182,132.7609047,893.9,4.1,strong,medium,"階上山"
388,"姫政山",summit-candidate:d456af62868c5044,0.68,grounding_neutral,,no_evidence,,missing_location_evidence,0.68,34.1283255,133.047895,268.6,8.4,strong,high,"姫政山"
389,"館山",summit-candidate:6b836f5beefdd52c,0.62,grounding_neutral,,no_evidence,,missing_location_evidence,0.62,34.1133271,133.0210613,218.7,11.4,strong,high,"館山"
390,"高森山",summit-candidate:682d61b87016166b,0.85,grounding_neutral,,no_evidence,,location_strong_match,0.85,33.5504243,132.669431,307.2,1.8,strong,medium,"高森山"
391,"大登山",summit-candidate:230b9847a05c8052,0.85,grounding_neutral,,no_evidence,,location_strong_match,0.85,33.525029,132.6716242,362.4,1.6,strong,medium,"大登山"
392,"高山",summit-candidate:c9aa57cdeb1b49fa,0.86,grounding_supported,186.5,single_cluster_consensus,0.96,missing_location_evidence,0.56,33.9769486,132.6147118,105.3,43.7,strong,low,"高山・大里山・泰ノ山"
393,"泰ノ山",summit-candidate:98457196a66e294d,0.68,grounding_neutral,,no_evidence,,missing_location_evidence,0.68,33.9891451,132.6270439,282.8,6.2,strong,high,"高山・大里山・泰ノ山"
394,"大里山",summit-candidate:fe8f624bdaa57afd,0.62,grounding_weakened,2083.5,single_cluster_consensus,0.97,missing_location_evidence,0.68,33.9704741,132.6073111,288.9,7.1,strong,deprioritized,"高山・大里山・泰ノ山"
395,"北ヶ森",summit-candidate:dedadc05e5f6d5d5,0.69,grounding_weakened,6251.1,single_cluster_consensus,0.98,location_uncertain_keep,0.75,33.6707038,132.8271198,1008.4,1.6,strong,deprioritized,"北ヶ森・高土の峰"
396,"高土の峰",summit-candidate:dedadc05e5f6d5d5,0.44,grounding_weakened,4980,single_cluster_consensus,0.96,location_uncertain_keep,0.5,33.6707038,132.8271198,1008.4,214.4,strong,deprioritized,"北ヶ森・高土の峰"
397,"竜王山",summit-candidate:62d2811f5d1a9f29,0.62,grounding_weakened,17344.9,single_cluster_consensus,0.95,location_uncertain_keep,0.68,33.4256595,132.7088906,459.1,0.9,strong,deprioritized,"竜王山"
398,"岳山",summit-candidate:5f3f2f47d84464c4,0.67,grounding_weakened,13483.3,single_cluster_consensus,0.96,boundary_plausible,0.73,33.4530897,132.7168465,605.2,0.8,strong,deprioritized,"一ヶ森"
399,"一ヶ森",summit-candidate:5f3f2f47d84464c4,0.67,grounding_weakened,12870.1,single_cluster_consensus,0.95,boundary_plausible,0.73,33.4530897,132.7168465,605.2,8.3,strong,deprioritized,"一ヶ森"
400,"愛の森",summit-candidate:62d2811f5d1a9f29,0.69,grounding_weakened,13981.6,single_cluster_consensus,0.95,location_uncertain_keep,0.75,33.4256595,132.7088906,459.1,6.9,strong,deprioritized,"竜王山"
401,"京の森",summit-candidate:13aa9354da4eb6d6,0.63,grounding_weakened,5947.3,single_cluster_consensus,0.94,location_uncertain_keep,0.69,33.5055365,132.6868759,572.4,27.4,strong,deprioritized,"京の森・大迫山"
402,"大迫山",summit-candidate:13aa9354da4eb6d6,0.63,grounding_weakened,6823.2,single_cluster_consensus,0.94,location_uncertain_keep,0.69,33.5055365,132.6868759,572.4,13.4,strong,deprioritized,"京の森・大迫山"
403,"船山",summit-candidate:2a670286f545beb2,0.44,grounding_weakened,9186.9,single_cluster_consensus,0.96,location_strong_match,0.5,33.6772505,132.9121114,910.6,0.6,none,deprioritized,"菊ヶ森・餓鬼ヶ森"
404,"コクゾ峰",summit-candidate:94e39d837730a5c7,0.85,grounding_neutral,,no_evidence,,location_strong_match,0.85,33.6297301,132.7781689,822.6,1.4,strong,medium,"コクゾ峰"
405,"加塚山",summit-candidate:cdd4a9ba931c816e,0.85,grounding_neutral,,no_evidence,,location_strong_match,0.85,33.1328174,132.6290592,1069.8,4.8,strong,medium,"加塚山"
406,"新谷神南山",summit-candidate:6342f0069cd164e8,0.85,grounding_neutral,,no_evidence,,location_strong_match,0.85,33.5194593,132.6057323,649.2,4.8,strong,medium,"新谷神南山・五十崎神南山"
407,"五十崎神南山",summit-candidate:49147712961a83be,0.62,grounding_weakened,5166,single_cluster_consensus,0.99,location_uncertain_keep,0.68,33.5174638,132.6333302,709,1,strong,deprioritized,"新谷神南山・五十崎神南山"
408,"笠成山",summit-candidate:81081ef1b6e58a79,0.85,grounding_neutral,,no_evidence,,location_strong_match,0.85,33.6509595,132.7915875,711,2,strong,medium,"笠成山"
409,"小屋山",summit-candidate:422a9e74717ca96d,0.69,grounding_weakened,18697.8,single_cluster_consensus,0.97,location_uncertain_keep,0.75,33.5012064,132.8649354,1341.5,2.5,strong,deprioritized,"小屋山・丸石山"
410,"丸石山",summit-candidate:422a9e74717ca96d,0.56,grounding_weakened,17858.1,single_cluster_consensus,0.95,location_uncertain_keep,0.62,33.5012064,132.8649354,1341.5,14.5,strong,deprioritized,"小屋山・丸石山"
411,"野地峰",summit-candidate:17a471cc45af2c05,0.62,grounding_weakened,10372,single_cluster_consensus,0.99,location_uncertain_keep,0.68,33.833662,133.4735407,1270.4,8.6,strong,deprioritized,"野地峰・黒岩山・大野山"
412,"黒岩山",summit-candidate:e93bba1998d4efb5,0.62,grounding_weakened,9872.7,single_cluster_consensus,0.96,location_uncertain_keep,0.68,33.8295237,133.4864513,1350,0,strong,deprioritized,"野地峰・黒岩山・大野山"
413,"大野山",summit-candidate:53bf856dccad5eab,0.67,grounding_weakened,14071.2,single_cluster_consensus,0.96,boundary_plausible,0.73,33.8369517,133.454669,1397.8,2.2,strong,deprioritized,"野地峰・黒岩山・大野山"
414,"水なし山",summit-candidate:403c0894babcf279,0.69,grounding_weakened,7725.6,single_cluster_consensus,0.95,location_uncertain_keep,0.75,33.5339268,132.9213872,1403.5,2.5,strong,deprioritized,"貝渚山・水なし山"
415,"貝渚山",summit-candidate:403c0894babcf279,0.63,grounding_weakened,8930,single_cluster_consensus,0.95,location_uncertain_keep,0.69,33.5339268,132.9213872,1403.5,18.5,strong,deprioritized,"貝渚山・水なし山"
416,"谷崎山",summit-candidate:0d157ed871f76807,0.85,grounding_neutral,,no_evidence,,location_strong_match,0.85,33.8127427,133.2473801,1210.8,7.8,strong,medium,"谷崎山"
417,"東黒森",summit-candidate:20f1c44b99e3d708,0.69,grounding_weakly_supported,949.7,single_cluster_consensus,0.99,location_uncertain_keep,0.68,33.7826057,133.2367653,1731.1,1.9,strong,high,"東黒森"
418,"伊吹山",summit-candidate:e79e77da4bfd1f13,0.69,grounding_weakened,2273.8,single_cluster_consensus,0.99,location_uncertain_keep,0.75,33.7638082,133.1769575,1506.7,3.7,strong,deprioritized,"伊吹山"
419,"小牛城",summit-candidate:ba78489e4d448645,0.69,grounding_weakened,22700.7,single_cluster_consensus,0.94,location_uncertain_keep,0.75,33.4706698,132.9365377,1141.4,0.6,strong,deprioritized,"小牛城"
420,"正木ノ森",summit-candidate:1c085703f9a891aa,0.85,grounding_neutral,,no_evidence,,location_strong_match,0.85,33.4903782,133.0130292,1363.1,1.9,strong,medium,"正木ノ森"
421,"五段城",summit-candidate:00dfcd8bd36a1f00,0.78,grounding_neutral,,no_evidence,,location_strong_match,0.78,33.4728129,132.9862432,1452.1,2.9,strong,medium,"五段城"
422,"天狗ノ森",summit-candidate:54dc6f5d29d60052,0.81,grounding_weakly_supported,349.5,single_cluster_consensus,0.98,location_uncertain_keep,0.68,33.4805132,133.0152222,1479.6,5.4,strong,high,"天狗ノ森 "
423,"鶴ノ子ノ頭",summit-candidate:65906dbbd6e5b747,0.63,grounding_weakened,5995.7,single_cluster_consensus,0.98,location_uncertain_keep,0.69,33.7605415,133.1358584,1647.7,10.7,strong,deprioritized,"鶴ノ子ノ頭・石鎚山"
424,"千秋寺山",summit-candidate:084fa7c9e55252dc,0.503,grounding_weakly_supported,983.5,single_cluster_consensus,0.95,location_strong_match,0.5,33.8667446,132.768519,165.8,8.8,none,high,"野津子山・軽ノ山"
425,"黒川山",summit-candidate:6b97922a3935a9a5,0.79,grounding_neutral,,no_evidence,,location_strong_match,0.79,33.7968869,133.1208698,1354.7,10.3,strong,medium,"前社ヶ森・剣山・黒川山"
426,"前社ヶ森",summit-candidate:109bc31ba8b3aa15,0.67,grounding_weakened,2970.6,single_cluster_consensus,0.98,location_strong_match,0.73,33.7755639,133.1209272,1627.1,35.1,strong,deprioritized,"前社ヶ森・剣山・黒川山"
427,"剣山",summit-candidate:109bc31ba8b3aa15,0.79,grounding_weakened,2249.1,single_cluster_consensus,0.98,location_strong_match,0.85,33.7755639,133.1209272,1627.1,0.1,strong,deprioritized,"前社ヶ森・剣山・黒川山"
428,"東光森山",summit-candidate:6358c7fb40ce841e,0.69,grounding_weakened,8363.1,single_cluster_consensus,0.97,location_uncertain_keep,0.75,33.8398487,133.4152863,1480.9,5.1,strong,deprioritized,"東光森山・別子山"
429,"別子山",summit-candidate:69652a1c97f3b2eb,0.69,grounding_weakened,5180.4,single_cluster_consensus,0.96,location_uncertain_keep,0.75,33.8353414,133.4313475,1369.4,4.6,strong,deprioritized,"東光森山・別子山"
430,"三ッ森山",summit-candidate:8f124a2a1de32654,0.85,grounding_neutral,,no_evidence,,location_strong_match,0.85,33.8344836,133.3567357,1423.7,5.3,strong,medium,"三ッ森山・大座礼山"
431,"大座礼山",summit-candidate:20557338e1ab5de6,0.62,grounding_weakened,3904.2,single_cluster_consensus,0.99,location_uncertain_keep,0.68,33.8212475,133.3941804,1586.6,0.4,strong,deprioritized,"三ッ森山・大座礼山"
432,"三つ足山",summit-candidate:565ba3761956d9b3,0.73,grounding_weakened,7431,single_cluster_consensus,0.95,location_strong_match,0.79,33.8789795,133.544002,1426.6,25.4,strong,deprioritized,"大森山・佐々連尾山・三つ足山"
433,"大森山",summit-candidate:565ba3761956d9b3,0.79,grounding_weakened,9964.4,single_cluster_consensus,0.98,location_strong_match,0.85,33.8789795,133.544002,1426.6,6.4,strong,deprioritized,"大森山・佐々連尾山・三つ足山"
434,"佐々連尾山",summit-candidate:565ba3761956d9b3,0.73,grounding_weakened,11004.9,single_cluster_consensus,0.99,location_strong_match,0.79,33.8789795,133.544002,1426.6,22.6,strong,deprioritized,"大森山・佐々連尾山・三つ足山"
435,"東ノ冠岳",summit-candidate:b73a23fa4b3abc39,0.54,grounding_weakened,2578.5,single_cluster_consensus,0.97,location_strong_match,0.6,33.728215,133.1156537,1375.6,544.4,medium,deprioritized,"冠岳"
436,"大峰",summit-candidate:1946316119cd7251,0.85,grounding_neutral,,no_evidence,,location_strong_match,0.85,33.4909198,132.330294,362.6,4.6,strong,medium,"大峰"
437,"堂堂山",summit-candidate:f3bf8b21a01f29ef,0.85,grounding_neutral,,no_evidence,,location_strong_match,0.85,33.5004147,132.3547022,408.8,5.9,strong,medium,"堂堂山"
438,"堂所山",summit-candidate:192b785fe79890e5,0.85,grounding_neutral,,no_evidence,,location_strong_match,0.85,33.3653822,132.4528183,592,1,strong,medium,"堂所山"
439,"天満山",summit-candidate:69652a1c97f3b2eb,0.34,grounding_weakened,3043.5,single_cluster_consensus,0.94,location_uncertain_keep,0.4,33.8353414,133.4313475,1369.4,9.4,none,deprioritized,"東光森山・別子山"
440,"霧立山",summit-candidate:b319c20dc9ecb5f1,0.79,grounding_neutral,,no_evidence,,location_strong_match,0.79,33.3272325,132.9014493,1106.7,10.7,strong,medium,"霧立山・地蔵山"
441,"地蔵山",summit-candidate:9fe4d21715424f17,0.79,grounding_neutral,,no_evidence,,location_strong_match,0.79,33.3120212,132.8936817,1139.8,13.8,strong,medium,"霧立山・地蔵山"
442,"天道ヶ頭",summit-candidate:8d1f2bd134bed04d,0.85,grounding_neutral,,no_evidence,,location_strong_match,0.85,33.9910002,132.9850803,507.8,2.2,strong,medium,"天道ヶ頭"
443,"根太山",summit-candidate:b1bd2a482a691bd8,0.79,grounding_neutral,,no_evidence,,location_strong_match,0.79,33.4977228,132.5826447,286,13,strong,medium,"根太山"
444,"紅葉山",summit-candidate:6b62cbb916ef874d,0.79,grounding_weakened,2949.9,single_cluster_consensus,0.95,location_strong_match,0.85,33.4920833,132.5614224,371.3,4.7,strong,deprioritized,"梁瀬山・紅葉山"
445,"梁瀬山",summit-candidate:6b62cbb916ef874d,0.79,grounding_weakened,2443.9,single_cluster_consensus,0.97,location_strong_match,0.85,33.4920833,132.5614224,371.3,0.7,strong,deprioritized,"梁瀬山・紅葉山"
446,"池ノ城山",summit-candidate:f028aab45221cee6,0.73,grounding_weakened,14053.5,single_cluster_consensus,0.96,location_strong_match,0.79,33.6093279,132.8006087,599.1,10.1,strong,deprioritized,"池ノ城山"
447,"峠ヶ森",summit-candidate:e7b64a377534c79e,0.79,grounding_neutral,,no_evidence,,location_strong_match,0.79,33.1384517,132.4477537,217.5,15.5,strong,medium,"峠ヶ森"
448,"雨森山",summit-candidate:730e21bca5cdf60d,0.79,grounding_neutral,,no_evidence,,location_strong_match,0.79,33.1120886,132.4865753,312.3,10.3,strong,medium,"雨森山"
449,"御在所山",summit-candidate:17c3649ad9b147ce,0.69,grounding_weakened,13389.3,single_cluster_consensus,0.96,location_uncertain_keep,0.75,33.4376592,132.6335849,665.2,2.8,strong,deprioritized,"御在所山"
450,"高雄山",summit-candidate:a271a6c73ad11b69,0.62,grounding_weakened,25246.9,single_cluster_consensus,0.97,location_uncertain_keep,0.68,33.4270319,132.6809369,382.2,5.8,strong,deprioritized,"高雄山"
451,"陣が森岳",summit-candidate:1fd59e0e67624706,0.85,grounding_neutral,,no_evidence,,location_strong_match,0.85,33.6266981,132.6808191,620.1,0.1,strong,medium,"陣が森岳"
452,"黒岩岳",summit-candidate:61304308f9a58d0d,0.85,grounding_neutral,,no_evidence,,location_strong_match,0.85,33.654334,132.6895797,694.4,3.6,strong,medium,"黒岩岳"
453,"大判山",summit-candidate:fa9a4432fbf76027,0.85,grounding_neutral,,no_evidence,,location_strong_match,0.85,33.3926301,132.5594513,791.3,6.7,strong,medium,"大判山"
454,"竜王の峰",summit-candidate:51c8bc6a368c422c,0.79,grounding_weakened,12715,single_cluster_consensus,0.95,location_strong_match,0.85,33.3475127,132.4815915,542.5,8.5,strong,deprioritized,"竜王の峰"
455,"船ヶ迫岳",summit-candidate:4a22801b12460992,0.67,grounding_weakened,5638.5,single_cluster_consensus,0.96,location_strong_match,0.73,33.6034415,132.6564373,676.6,45.6,strong,deprioritized,"船ヶ迫岳・鎌倉山"
456,"鎌倉山",summit-candidate:4a22801b12460992,0.79,grounding_weakened,5028.3,single_cluster_consensus,0.98,location_strong_match,0.85,33.6034415,132.6564373,676.6,4.4,strong,deprioritized,"船ヶ迫岳・鎌倉山"
457,"槇ノ山",summit-candidate:f39b40bd0d9b0192,0.85,grounding_neutral,,no_evidence,,location_strong_match,0.85,33.2533161,132.5564232,433.2,5.8,strong,medium,"槇ノ山"
458,"遠見山",summit-candidate:e55456349660bd14,0.85,grounding_neutral,,no_evidence,,location_strong_match,0.85,33.2720922,132.5543833,325.4,3.4,strong,medium,"遠見山"
459,"高森山",summit-candidate:a9b00b48e0c94eab,0.73,grounding_neutral,1041,single_cluster_consensus,0.96,boundary_plausible,0.73,33.3270345,132.5414704,631.9,2.1,strong,high,"高森山"
460,"牛の峰",summit-candidate:bd8fda9e743f2008,0.79,grounding_neutral,,no_evidence,,location_strong_match,0.79,33.54274,132.4754911,681.2,21.2,strong,medium,"牛の峰・尻高峰"
461,"尻高峰",summit-candidate:6adfa15b8dbd8966,0.67,grounding_neutral,1419.3,single_cluster_consensus,0.97,location_strong_match,0.67,33.5381203,132.4689665,757,191,strong,high,"牛の峰・尻高峰"
462,"鞍掛山",summit-candidate:6b19d2116121b615,0.69,grounding_weakened,3127.5,single_cluster_consensus,0.96,location_uncertain_keep,0.75,33.4883211,132.4618686,624.4,4.6,strong,deprioritized,"鞍掛山"
463,"大畑山",summit-candidate:bb84b00f3a929195,0.62,grounding_weakened,13140.9,single_cluster_consensus,0.95,location_uncertain_keep,0.68,33.4309452,132.482212,642.6,2.4,strong,deprioritized,"大畑山"
464,"飯之山",summit-candidate:6756239601754708,0.817,grounding_weakly_supported,562.8,single_cluster_consensus,0.95,location_strong_match,0.73,33.4692555,132.4112445,358.2,38.2,strong,high,"権現山"
465,"権現山",summit-candidate:6756239601754708,0.85,grounding_neutral,1915.4,single_cluster_consensus,0.94,location_strong_match,0.85,33.4692555,132.4112445,358.2,5.8,strong,medium,"権現山"
466,"大森山",summit-candidate:b3cf76c035511afe,0.69,grounding_weakened,18509.3,single_cluster_consensus,0.96,location_uncertain_keep,0.75,33.5171137,132.7257366,737.4,8.4,strong,deprioritized,"大森山"
467,"高森山",summit-candidate:f55ffb534aa2ae4c,0.79,grounding_weakened,24499.9,single_cluster_consensus,0.98,location_strong_match,0.85,33.5133814,132.7770265,826,7,strong,deprioritized,"高森山・町木山・寒台山・鎧掛山"
468,"町木山",summit-candidate:19ab381ef6c337af,0.79,grounding_neutral,,no_evidence,,location_strong_match,0.79,33.5275826,132.7817668,993.1,11.1,strong,medium,"高森山・町木山・寒台山・鎧掛山"
469,"寒台山",summit-candidate:428f403ddcc5a31a,0.62,grounding_weakened,3896,single_cluster_consensus,0.95,location_uncertain_keep,0.68,33.5404689,132.7754857,904.8,9.8,strong,deprioritized,"高森山・町木山・寒台山・鎧掛山"
470,"鎧掛山",summit-candidate:5f31b84e049f61fa,0.73,grounding_weakened,24073.2,single_cluster_consensus,0.96,location_strong_match,0.79,33.525575,132.750723,798.3,10.3,strong,deprioritized,"高森山・町木山・寒台山・鎧掛山"
471,"花見山",summit-candidate:5f001ac124f82ef6,0.38,grounding_weakened,8118.2,single_cluster_consensus,0.94,location_strong_match,0.44,33.8685926,132.7153244,41.1,18.1,none,deprioritized,"西港山・大丸山・港山"
472,"剣ノ山",summit-candidate:78274ad93e160452,0.67,grounding_weakened,13599,single_cluster_consensus,0.97,location_strong_match,0.73,33.8838209,133.660917,1152.4,47.5,strong,deprioritized,"剣ノ山・三傍示山・塩塚峰"
473,"三傍示山",summit-candidate:78274ad93e160452,0.79,grounding_weakened,12264.9,single_cluster_consensus,0.98,location_strong_match,0.85,33.8838209,133.660917,1152.4,4.6,strong,deprioritized,"剣ノ山・三傍示山・塩塚峰"
474,"塩塚峰",summit-candidate:737ce2580de91527,0.69,grounding_weakened,6637.3,single_cluster_consensus,0.99,location_uncertain_keep,0.75,33.9263671,133.6759094,1041.1,1.9,strong,deprioritized,"剣ノ山・三傍示山・塩塚峰"
475,"登議城山",summit-candidate:9fe27d7d4a51aa70,0.85,grounding_neutral,,no_evidence,,location_strong_match,0.85,33.590232,132.798511,649.2,5.8,strong,medium,"登議城山"
476,"愛宕山",summit-candidate:c6ea08c2953b4cb8,0.79,grounding_neutral,,no_evidence,,location_strong_match,0.79,33.5709203,132.8411558,369.3,12.3,strong,medium,"愛宕山"
477,"笠松山東峰",summit-candidate:8f25ad4ff380df77,0.73,grounding_weakened,2334.3,single_cluster_consensus,0.95,location_strong_match,0.79,33.9820342,133.0334752,346.9,19.9,strong,deprioritized,"世田山・笠松山東峰・笠松山"
478,"尻割山",summit-candidate:e8b129f70e703be5,0.73,grounding_neutral,1754.9,single_cluster_consensus,0.96,location_strong_match,0.73,33.1828203,132.5956974,949.9,30.1,strong,high,"権現山"
479,"四本松",summit-candidate:e8b129f70e703be5,0.61,grounding_weakened,2795.2,single_cluster_consensus,0.95,location_strong_match,0.67,33.1828203,132.5956974,949.9,228.9,strong,deprioritized,"権現山"
480,"権現山",summit-candidate:e8b129f70e703be5,0.904,grounding_weakly_supported,731.9,single_cluster_consensus,0.98,location_strong_match,0.85,33.1828203,132.5956974,949.9,2.1,strong,medium,"権現山"
481,"呉石山",summit-candidate:784df3690acb5365,0.85,grounding_neutral,,no_evidence,,location_strong_match,0.85,33.9710941,133.6468525,833.5,7.5,strong,medium,"呉石山"
482,"峰畑山",summit-candidate:eb031d650d8e9a7a,0.78,grounding_neutral,,no_evidence,,location_strong_match,0.78,33.9835402,133.681909,753.8,6.8,strong,medium,"峰畑山"
483,"白木山",summit-candidate:ab39145b6a448b8d,0.85,grounding_neutral,,no_evidence,,location_strong_match,0.85,33.9386003,133.5857961,617.4,6.6,strong,medium,"白木山"
484,"軽ノ山",summit-candidate:084fa7c9e55252dc,0.79,grounding_weakened,13052.1,single_cluster_consensus,0.94,location_strong_match,0.85,33.8667446,132.768519,165.8,5.2,strong,deprioritized,"野津子山・軽ノ山"
485,"野津子山",summit-candidate:084fa7c9e55252dc,0.73,grounding_weakened,12642.9,single_cluster_consensus,0.94,location_strong_match,0.79,33.8667446,132.768519,165.8,21.8,strong,deprioritized,"野津子山・軽ノ山"
486,"長山",summit-candidate:c246a8edb72dbebb,0.85,grounding_neutral,,no_evidence,,location_strong_match,0.85,33.294387,132.8359236,939.7,0.7,strong,medium,"長山"
487,"高研山",summit-candidate:314bd84876bc3fc3,0.79,grounding_neutral,,no_evidence,,location_strong_match,0.79,33.3677949,132.8609245,1065.8,10.8,strong,medium,"高研山"
488,"大ノ森",summit-candidate:777bcc5c6ed2c27e,0.79,grounding_weakened,16256.8,single_cluster_consensus,0.96,location_strong_match,0.85,33.7182406,133.056812,1317.5,2.6,strong,deprioritized,"大ノ森"
489,"雨乞山",summit-candidate:f760bededfedfc09,0.85,grounding_neutral,,no_evidence,,location_strong_match,0.85,33.5377687,132.8255571,1215.7,2.7,strong,medium,"雨乞山・妙見森"
490,"妙見森",summit-candidate:118b217506eb653f,0.79,grounding_weakened,4973.4,single_cluster_consensus,0.96,location_strong_match,0.85,33.5274365,132.8527908,1334.5,9.5,strong,deprioritized,"雨乞山・妙見森"
491,"笹峠山",summit-candidate:118b217506eb653f,0.61,grounding_weakened,2654.6,single_cluster_consensus,0.95,location_strong_match,0.67,33.5274365,132.8527908,1334.5,380.5,strong,deprioritized,"雨乞山・妙見森"
492,"雨霧山",summit-candidate:d5d39ec66a34deb5,0.85,grounding_neutral,,no_evidence,,location_strong_match,0.85,33.5549522,132.8679548,1235.9,9.1,strong,medium,"雨霧山"
493,"三郷の辻",summit-candidate:46ab73ee0e06e924,0.69,grounding_weakened,14402,single_cluster_consensus,0.96,location_uncertain_keep,0.75,33.640684,132.8369828,926.8,4.2,strong,deprioritized,"三郷の辻"
494,"権現山",summit-candidate:2011a6c909945d6f,0.73,grounding_weakened,13287.5,single_cluster_consensus,0.95,location_strong_match,0.79,33.8390197,132.7201785,102.9,14.1,strong,deprioritized,"権現山"
495,"雨乞山",summit-candidate:d0d3096d540f375e,0.85,grounding_neutral,,no_evidence,,location_strong_match,0.85,33.5112211,132.3821763,496.6,2.4,strong,medium,"雨乞山"
496,"鼻欠山",summit-candidate:9e86644a708cb211,0.79,grounding_neutral,,no_evidence,,location_strong_match,0.79,33.582033,132.5041115,459,13,strong,medium,"鼻欠山"
497,"面木山",summit-candidate:d5a6fcb592162088,0.69,grounding_weakened,6203,single_cluster_consensus,0.96,location_uncertain_keep,0.75,33.8136584,133.0127568,981.2,6.8,strong,deprioritized,"面木山・黒森"
498,"黒森",summit-candidate:a96db37bf518f31a,0.62,grounding_weakened,7550.6,single_cluster_consensus,0.95,location_uncertain_keep,0.68,33.7912411,133.0215447,894.5,8.5,strong,deprioritized,"面木山・黒森"
499,"台ヶ森",summit-candidate:53a6401abf71c488,0.61,grounding_weakened,3903.1,single_cluster_consensus,0.96,location_strong_match,0.67,33.7946359,133.1931324,1892.1,391.1,strong,deprioritized,"男山・瓶ヶ森・台ヶ森"
500,"丸山",summit-candidate:b87c90ebd1eb0d06,0.61,grounding_weakened,3849.1,single_cluster_consensus,0.96,location_strong_match,0.67,33.8280769,133.2743948,1856.7,309.7,strong,deprioritized,"丸山・ちち山・笹ヶ峰"
501,"大森山",summit-candidate:565ba3761956d9b3,0.58,grounding_weakened,37661.1,single_cluster_consensus,1,location_uncertain_keep,0.64,33.8789795,133.544002,1426.6,27.6,strong,deprioritized,"大森山・佐々連尾山・三つ足山"
502,"うつむき山",summit-candidate:6b0155a434d72d79,0.29,grounding_weakened,48332,single_cluster_consensus,1,location_uncertain_keep,0.35,33.9890249,132.8891658,532.4,2.6,none,deprioritized,"陣が森・岩が森・スクモ塚・高萩山・長者森"
503,"妙見山",summit-candidate:6b0155a434d72d79,0.29,grounding_weakened,54760.5,single_cluster_consensus,1,location_uncertain_keep,0.35,33.9890249,132.8891658,532.4,2.6,none,deprioritized,"陣が森・岩が森・スクモ塚・高萩山・長者森"
504,"鉢が森",summit-candidate:51c8bc6a368c422c,0.46,grounding_weakened,13701.4,single_cluster_consensus,1,location_strong_match,0.52,33.3475127,132.4815915,542.5,9.5,none,deprioritized,"竜王の峰"
505,"高山寺山",summit-candidate:101c1b0635c0bec0,0.39,grounding_weakened,75689.4,single_cluster_consensus,1,location_uncertain_keep,0.45,34.1144302,132.9156361,131.7,429.3,medium,deprioritized,"高山"
506,"陣ヶ森",summit-candidate:e084389cc60ad329,0.51,grounding_weakened,24182.4,single_cluster_consensus,1,boundary_plausible,0.57,33.7260215,132.9136819,1203.4,638.4,strong,deprioritized,"陣ヶ森・前々司山・うなめご"
507,"牛ヶ首",summit-candidate:339138a4e53293da,0.4,grounding_weakened,3979.1,single_cluster_consensus,1,location_strong_match,0.46,33.9047167,133.3174422,571.2,12.8,none,deprioritized,"えんとつ山・生子山・犬返・種子川山・西赤石山・物住頭・上兜山・下兜山"
508,"三石山",summit-candidate:f028aab45221cee6,0.4,grounding_weakened,6859.6,single_cluster_consensus,1,location_strong_match,0.46,33.6093279,132.8006087,599.1,16.9,none,deprioritized,"池ノ城山"
509,"感応寺山",summit-candidate:0048d4d3a7981b80,0.46,grounding_weakened,7768.3,single_cluster_consensus,1,location_strong_match,0.52,33.6062894,132.5155614,697.5,9.5,none,deprioritized,"壺神山・滝山・足山・皿が森"
510,"水無権現",summit-candidate:4a22801b12460992,0.4,grounding_weakened,6074.5,single_cluster_consensus,1,location_strong_match,0.46,33.6034415,132.6564373,676.6,26.4,none,deprioritized,"船ヶ迫岳・鎌倉山"
511,"秋葉山",summit-candidate:0bd3d051cdb972fd,0.41,grounding_weakened,13409,single_cluster_consensus,1,adjacent_but_deep_inside,0.47,33.6988091,132.6831717,632.3,89.7,strong,low,"本尊山・秋葉山・立烏帽子山・明神山"
512,"黒山",summit-candidate:71b10e23075edf20,0.51,grounding_weakened,51959.3,single_cluster_consensus,1,boundary_plausible,0.57,33.732243,133.160912,1863.2,1134.2,strong,deprioritized,"岩黒山・筒上山・手箱山"
513,"大野山",summit-candidate:17a471cc45af2c05,0.46,grounding_weakened,96659.1,single_cluster_consensus,1,location_uncertain_keep,0.52,33.833662,133.4735407,1270.4,470.4,strong,deprioritized,"野地峰・黒岩山・大野山"
514,"棟山",summit-candidate:5f31b84e049f61fa,0.34,grounding_weakened,17393.2,single_cluster_consensus,1,boundary_plausible,0.4,33.525575,132.750723,798.3,9.7,none,deprioritized,"高森山・町木山・寒台山・鎧掛山"
515,"星ヶ森",summit-candidate:9669b668bebfc145,0.46,grounding_weakened,12759.7,single_cluster_consensus,1,location_strong_match,0.52,33.9017492,132.9949732,811,9,none,deprioritized,"黒滝山・木久ヶ森"
516,"草屋敷",summit-candidate:f55ffb534aa2ae4c,0.46,grounding_weakened,18291.1,single_cluster_consensus,1,location_strong_match,0.52,33.5133814,132.7770265,826,2,none,deprioritized,"高森山・町木山・寒台山・鎧掛山"
517,"大熊山",summit-candidate:d1269170b687c5bc,0.4,grounding_weakened,10295.5,single_cluster_consensus,1,location_strong_match,0.46,33.8581024,132.9583176,873.5,17.5,none,deprioritized,"稔山"
518,"笠松山",summit-candidate:9d5a3bd31bedfeda,0.46,grounding_weakened,34380.6,single_cluster_consensus,1,location_uncertain_keep,0.52,33.9792546,133.0397832,356.7,511.3,strong,deprioritized,"世田山・笠松山"
519,"蒲山",summit-candidate:a0ef25e9a532b62e,0.3,grounding_weakened,6642.1,single_cluster_consensus,1,location_uncertain_keep,0.36,33.7052794,132.7652806,888.5,15.5,none,deprioritized,"谷上山・権現山・白滝山・障子山"
520,"牛ノ峯",summit-candidate:606168b97944fce5,0.36,grounding_weakened,19797.2,single_cluster_consensus,1,location_uncertain_keep,0.42,33.5926584,132.8486131,900.1,5.1,none,deprioritized,"日浦嶺・打越山"
521,"小森",summit-candidate:0ff024bf702c13bb,0.29,grounding_weakened,26093.2,single_cluster_consensus,1,location_uncertain_keep,0.35,33.9266494,132.924009,927.3,4.7,none,deprioritized,"福見山・明神ヶ森・南三方ヶ森・魚谷森・左谷ノ森"
522,"辻ヶ峰",summit-candidate:6a1baa0667de8a9d,0.29,grounding_weakened,102664.3,single_cluster_consensus,1,location_uncertain_keep,0.35,33.1518363,132.6299101,959.8,2.8,none,deprioritized,"加塚山"
523,"常住",summit-candidate:d5a6fcb592162088,0.36,grounding_weakened,14882.2,single_cluster_consensus,1,location_uncertain_keep,0.42,33.8136584,133.0127568,981.2,2.8,none,deprioritized,"面木山・黒森"
524,"熊鷹山",summit-candidate:8078eb6cc96c519a,0.46,grounding_weakened,19647.8,single_cluster_consensus,1,location_strong_match,0.52,33.895514,133.6139166,1096.6,1.6,none,deprioritized,"三ッ足山・カガマシ山・橡尾山・笹ヶ峰"
525,"櫛ヶ峰",summit-candidate:282882317c3aab0b,0.29,grounding_weakened,98974.8,single_cluster_consensus,1,location_uncertain_keep,0.35,33.1093173,132.663091,1106.8,5.2,none,deprioritized,"大黒山・譲ヶ葉森"
526,"大旗山",summit-candidate:ee9d736a090185dd,0.46,grounding_weakened,6058.3,single_cluster_consensus,1,location_strong_match,0.52,33.4823808,132.8861266,1188.1,4.1,none,deprioritized,"碁石ヶ森"
527,"兵庫山",summit-candidate:e2c08955f9275289,0.4,grounding_weakened,6869,single_cluster_consensus,1,location_strong_match,0.46,33.88745,133.4510092,1291.9,11.1,none,deprioritized,"ハネズル山"
528,"生之越",summit-candidate:777bcc5c6ed2c27e,0.46,grounding_weakened,29461.9,single_cluster_consensus,1,location_strong_match,0.52,33.7182406,133.056812,1317.5,7.5,none,deprioritized,"大ノ森"
529,"玉取山",summit-candidate:0886436b79473a6c,0.4,grounding_weakened,7413.1,single_cluster_consensus,1,location_strong_match,0.46,33.8803402,133.6037486,1340.5,10.5,none,deprioritized,"三ッ足山・カガマシ山・橡尾山・笹ヶ峰"
530,"三ヶ森",summit-candidate:5771cdd191c3861d,0.4,grounding_weakened,102356.9,single_cluster_consensus,1,location_strong_match,0.46,33.8259035,133.1757371,1351.2,25.8,none,deprioritized,"二ノ岳・高森"
531,"扇山",summit-candidate:02fa4cfab6fa90d3,0.46,grounding_weakened,38137.9,single_cluster_consensus,1,location_uncertain_keep,0.52,33.7134297,132.824108,731.5,660.5,strong,deprioritized,"遠ヶ森"
