"mountain_no","mountain_name","review_classification","active_review_required","top_summit_candidate_id","top_grounding_assisted_score","second_summit_candidate_id","score_gap_to_second","grounding_reference_status","has_usable_coordinate","coordinate_conflict","grounding_distance_m","grounding_distance_tier","grounding_elevation_diff_m","grounding_name_match_status","grounding_municipality_match_status","stage21_review_status","stage21_top_candidate_id","stage21_stage23_agree","candidate_count","candidate_count_within_50m","candidate_count_within_250m","review_reason_codes","notes"
"88","翠波峰","review_required_stage21_supported_candidate_missing","true","","0","","","usable","true","false","","no_candidate","","exact","exact","deprioritized","summit-candidate:2f7dbee4c5bde53e","false","1","0","0","stage21_supported_candidate_missing",""
"89","平石山","review_required_stage21_supported_candidate_missing","true","","0","","","usable","true","false","","no_candidate","","exact","exact","deprioritized","summit-candidate:2f7dbee4c5bde53e","false","1","0","0","stage21_supported_candidate_missing",""
"118","湯築山","review_required_stage21_supported_candidate_missing","true","","0","","","usable","true","false","","no_candidate","","exact","exact","deprioritized","summit-candidate:452c10a1db199870","false","1","0","0","stage21_supported_candidate_missing",""
"126","石灰山","review_required_stage21_supported_candidate_missing","true","summit-candidate:4d0f5f75da9165b8","0.38","summit-candidate:45439217573adfc4","0.17","coordinate_conflict","true","true","","grounding_unavailable","","","","deprioritized","summit-candidate:35b464661fa62df9","false","25","0","0","stage21_supported_candidate_missing",""
"128","狩江権現山","review_required_stage21_supported_candidate_missing","true","summit-candidate:32bb5e7e1071e808","0.37","summit-candidate:84f974876f397da1","0","coordinate_conflict","true","true","","grounding_unavailable","","","","deprioritized","summit-candidate:ef5127a689eaf48a","false","19","0","0","stage21_supported_candidate_missing",""
"137","東山","review_required_stage21_supported_candidate_missing","true","summit-candidate:124ae25a51aa9a64","0.38","summit-candidate:242762a3c600ff91","0","coordinate_conflict","true","true","","grounding_unavailable","","","","deprioritized","summit-candidate:5c9365b2a5a9c97f","false","22","0","0","stage21_supported_candidate_missing",""
"149","すくも山","review_required_stage21_supported_candidate_missing","true","summit-candidate:40d5b4863907057a","0.21","summit-candidate:5f001ac124f82ef6","0","coordinate_conflict","true","true","","grounding_unavailable","","","","deprioritized","summit-candidate:f676e5a22f523492","false","13","0","0","stage21_supported_candidate_missing",""
"171","塔ノ峰","review_required_stage21_supported_candidate_missing","true","","0","","","usable","true","false","","no_candidate","","exact","exact","deprioritized","summit-candidate:101c1b0635c0bec0","false","1","0","0","stage21_supported_candidate_missing",""
"172","海山","review_required_stage21_supported_candidate_missing","true","","0","","","usable","true","false","","no_candidate","","exact","exact","deprioritized","summit-candidate:101c1b0635c0bec0","false","1","0","0","stage21_supported_candidate_missing",""
"176","永納山(永納山城址)","review_required_stage21_supported_candidate_missing","true","","0","","","usable","true","false","","no_candidate","","exact","exact","deprioritized","summit-candidate:101c1b0635c0bec0","false","1","0","0","stage21_supported_candidate_missing",""
"177","佐々久山","review_required_stage21_supported_candidate_missing","true","","0","","","usable","true","false","","no_candidate","","exact","exact","deprioritized","summit-candidate:1ed32ce6414c2781","false","1","0","0","stage21_supported_candidate_missing",""
"178","土亀山","review_required_stage21_supported_candidate_missing","true","","0","","","usable","true","false","","no_candidate","","exact","exact","deprioritized","summit-candidate:5c9365b2a5a9c97f","false","1","0","0","stage21_supported_candidate_missing",""
"196","大森山","review_required_stage21_supported_candidate_missing","true","summit-candidate:830c63408bf56cc5","0.504","summit-candidate:b3cf76c035511afe","0.2","usable","true","false","15631.4","grounding_contradicted_or_unrelated","","","","deprioritized","summit-candidate:47129c06b82cf694","false","4","0","0","stage21_supported_candidate_missing",""
"197","見晴山","review_required_stage21_supported_candidate_missing","true","","0","","","usable","true","false","","no_candidate","","exact","exact","deprioritized","summit-candidate:47129c06b82cf694","false","1","0","0","stage21_supported_candidate_missing",""
"199","遠見山","review_required_stage21_supported_candidate_missing","true","summit-candidate:40d5b4863907057a","0.6","summit-candidate:e55456349660bd14","0.296","usable","true","false","248.8","weak_grounding_nearby","79.5","exact","exact","deprioritized","summit-candidate:47129c06b82cf694","false","2","0","1","stage21_supported_candidate_missing",""
"203","谷田山","review_required_stage21_supported_candidate_missing","true","summit-candidate:ab7edbc3a52d24bf","0.456","","","usable","true","false","5477.9","grounding_contradicted_or_unrelated","","","","deprioritized","summit-candidate:5b7c833ac0535534","false","1","0","0","stage21_supported_candidate_missing",""
"205","佐古田山","review_required_stage21_supported_candidate_missing","true","summit-candidate:cf6802c2dafdbf46","0.456","","","usable","true","false","6124.1","grounding_contradicted_or_unrelated","","","","deprioritized","summit-candidate:5b7c833ac0535534","false","1","0","0","stage21_supported_candidate_missing",""
"253","秦皇山","review_required_stage21_supported_candidate_missing","true","","0","","","usable","true","false","","no_candidate","","exact","exact","deprioritized","summit-candidate:1d97e1955af85092","false","1","0","0","stage21_supported_candidate_missing",""
"260","開山","review_required_stage21_supported_candidate_missing","true","","0","","","usable","true","false","","no_candidate","","exact","mismatch","deprioritized","summit-candidate:02d59cd1260af017","false","1","0","0","stage21_supported_candidate_missing",""
"282","張木山","review_required_stage21_supported_candidate_missing","true","summit-candidate:b49681fa67b2b53e","0.504","summit-candidate:e75e04c2fbe61c2f","0.14400000000000002","usable","true","false","14731.9","grounding_contradicted_or_unrelated","","","","deprioritized","summit-candidate:3c28b6ebd5a97155","false","2","0","0","stage21_supported_candidate_missing",""
"304","青刈山","review_required_stage21_supported_candidate_missing","true","summit-candidate:94e96018c0a5450d","0.304","","","usable","true","false","3523.9","grounding_contradicted_or_unrelated","","","","deprioritized","summit-candidate:588c967023117267","false","1","0","0","stage21_supported_candidate_missing",""
"339","城山","review_required_stage21_supported_candidate_missing","true","summit-candidate:7d7066baad9d7077","0.304","summit-candidate:ea33d870d4700a56","0","usable","true","false","70321.9","grounding_contradicted_or_unrelated","","","","deprioritized","summit-candidate:edac81b361bdc70c","false","28","0","0","stage21_supported_candidate_missing",""
"349","八倉山","review_required_stage21_supported_candidate_missing","true","summit-candidate:4973965873779cdc","0.504","summit-candidate:cfd366be872f9534","0.14400000000000002","usable","true","false","3044.4","grounding_contradicted_or_unrelated","","","","deprioritized","summit-candidate:4416099ca0f9da08","false","2","0","0","stage21_supported_candidate_missing",""
"357","尉之山","review_required_stage21_supported_candidate_missing","true","summit-candidate:ea33d870d4700a56","0.496","summit-candidate:12f30719aca26806","0.03999999999999998","usable","true","false","339.6","far_grounding_candidate","31.3","exact","exact","deprioritized","summit-candidate:2b833dfb6f3f84c1","false","3","0","0","stage21_supported_candidate_missing",""
"367","西の山","review_required_stage21_supported_candidate_missing","true","summit-candidate:a14a745323a3d3af","0.504","","","usable","true","false","4188.7","grounding_contradicted_or_unrelated","","","","deprioritized","summit-candidate:8cef52d6989a94db","false","1","0","0","stage21_supported_candidate_missing",""
"372","亀老山","review_required_stage21_supported_candidate_missing","true","","0","","","usable","true","false","","no_candidate","","exact","mismatch","deprioritized","summit-candidate:40260be41579ab8f","false","1","0","0","stage21_supported_candidate_missing",""
"376","高取山","review_required_stage21_supported_candidate_missing","true","summit-candidate:86e4db352b85ced4","0.4","","","usable","true","false","3319","grounding_contradicted_or_unrelated","","","","deprioritized","summit-candidate:afc2e407c1d6b464","false","1","0","0","stage21_supported_candidate_missing",""
"398","岳山","review_required_stage21_supported_candidate_missing","true","summit-candidate:b02ff952b74ca472","0.4","summit-candidate:80fb4ff56016a4dd","0.09600000000000003","usable","true","false","13863","grounding_contradicted_or_unrelated","","","","deprioritized","summit-candidate:5f3f2f47d84464c4","false","3","0","0","stage21_supported_candidate_missing",""
"400","愛の森","review_required_stage21_supported_candidate_missing","true","","0","","","usable","true","false","","no_candidate","","exact","exact","deprioritized","summit-candidate:62d2811f5d1a9f29","false","1","0","0","stage21_supported_candidate_missing",""
"403","船山","review_required_stage21_supported_candidate_missing","true","","0","","","usable","true","false","","no_candidate","","exact","exact","deprioritized","summit-candidate:2a670286f545beb2","false","1","0","0","stage21_supported_candidate_missing",""
"439","天満山","review_required_stage21_supported_candidate_missing","true","","0","","","usable","true","false","","no_candidate","","exact","exact","deprioritized","summit-candidate:69652a1c97f3b2eb","false","1","0","0","stage21_supported_candidate_missing",""
"471","花見山","review_required_stage21_supported_candidate_missing","true","","0","","","usable","true","false","","no_candidate","","exact","exact","deprioritized","summit-candidate:5f001ac124f82ef6","false","1","0","0","stage21_supported_candidate_missing",""
"479","四本松","review_required_stage21_supported_candidate_missing","true","","0","","","usable","true","false","","no_candidate","","exact","exact","deprioritized","summit-candidate:e8b129f70e703be5","false","1","0","0","stage21_supported_candidate_missing",""
"491","笹峠山","review_required_stage21_supported_candidate_missing","true","summit-candidate:05007aaf499a4ecc","0.4","","","usable","true","false","5852.5","grounding_contradicted_or_unrelated","","","","deprioritized","summit-candidate:118b217506eb653f","false","1","0","0","stage21_supported_candidate_missing",""
"502","うつむき山","review_required_stage21_supported_candidate_missing","true","","0","","","usable","true","false","","no_candidate","","exact","exact","deprioritized","summit-candidate:6b0155a434d72d79","false","1","0","0","stage21_supported_candidate_missing",""
"503","妙見山","review_required_stage21_supported_candidate_missing","true","","0","","","usable","true","false","","no_candidate","","exact","exact","deprioritized","summit-candidate:6b0155a434d72d79","false","1","0","0","stage21_supported_candidate_missing",""
"504","鉢が森","review_required_stage21_supported_candidate_missing","true","","0","","","usable","true","false","","no_candidate","","exact","exact","deprioritized","summit-candidate:51c8bc6a368c422c","false","1","0","0","stage21_supported_candidate_missing",""
"507","牛ヶ首","review_required_stage21_supported_candidate_missing","true","","0","","","usable","true","false","","no_candidate","","exact","exact","deprioritized","summit-candidate:339138a4e53293da","false","1","0","0","stage21_supported_candidate_missing",""
"508","三石山","review_required_stage21_supported_candidate_missing","true","","0","","","usable","true","false","","no_candidate","","exact","exact","deprioritized","summit-candidate:f028aab45221cee6","false","1","0","0","stage21_supported_candidate_missing",""
"509","感応寺山","review_required_stage21_supported_candidate_missing","true","","0","","","usable","true","false","","no_candidate","","exact","exact","deprioritized","summit-candidate:0048d4d3a7981b80","false","1","0","0","stage21_supported_candidate_missing",""
"510","水無権現","review_required_stage21_supported_candidate_missing","true","","0","","","usable","true","false","","no_candidate","","exact","exact","deprioritized","summit-candidate:4a22801b12460992","false","1","0","0","stage21_supported_candidate_missing",""
"514","棟山","review_required_stage21_supported_candidate_missing","true","","0","","","usable","true","false","","no_candidate","","exact","exact","deprioritized","summit-candidate:5f31b84e049f61fa","false","1","0","0","stage21_supported_candidate_missing",""
"515","星ヶ森","review_required_stage21_supported_candidate_missing","true","","0","","","usable","true","false","","no_candidate","","exact","exact","deprioritized","summit-candidate:9669b668bebfc145","false","1","0","0","stage21_supported_candidate_missing",""
"516","草屋敷","review_required_stage21_supported_candidate_missing","true","","0","","","usable","true","false","","no_candidate","","exact","exact","deprioritized","summit-candidate:f55ffb534aa2ae4c","false","1","0","0","stage21_supported_candidate_missing",""
"517","大熊山","review_required_stage21_supported_candidate_missing","true","","0","","","usable","true","false","","no_candidate","","exact","exact","deprioritized","summit-candidate:d1269170b687c5bc","false","1","0","0","stage21_supported_candidate_missing",""
"519","蒲山","review_required_stage21_supported_candidate_missing","true","","0","","","usable","true","false","","no_candidate","","exact","exact","deprioritized","summit-candidate:a0ef25e9a532b62e","false","1","0","0","stage21_supported_candidate_missing",""
"520","牛ノ峯","review_required_stage21_supported_candidate_missing","true","","0","","","usable","true","false","","no_candidate","","exact","exact","deprioritized","summit-candidate:606168b97944fce5","false","1","0","0","stage21_supported_candidate_missing",""
"521","小森","review_required_stage21_supported_candidate_missing","true","","0","","","usable","true","false","","no_candidate","","exact","exact","deprioritized","summit-candidate:0ff024bf702c13bb","false","1","0","0","stage21_supported_candidate_missing",""
"522","辻ヶ峰","review_required_stage21_supported_candidate_missing","true","","0","","","usable","true","false","","no_candidate","","exact","exact","deprioritized","summit-candidate:6a1baa0667de8a9d","false","1","0","0","stage21_supported_candidate_missing",""
"523","常住","review_required_stage21_supported_candidate_missing","true","","0","","","usable","true","false","","no_candidate","","exact","exact","deprioritized","summit-candidate:d5a6fcb592162088","false","1","0","0","stage21_supported_candidate_missing",""
"524","熊鷹山","review_required_stage21_supported_candidate_missing","true","","0","","","usable","true","false","","no_candidate","","exact","exact","deprioritized","summit-candidate:8078eb6cc96c519a","false","1","0","0","stage21_supported_candidate_missing",""
"525","櫛ヶ峰","review_required_stage21_supported_candidate_missing","true","","0","","","usable","true","false","","no_candidate","","exact","exact","deprioritized","summit-candidate:282882317c3aab0b","false","1","0","0","stage21_supported_candidate_missing",""
"526","大旗山","review_required_stage21_supported_candidate_missing","true","","0","","","usable","true","false","","no_candidate","","exact","exact","deprioritized","summit-candidate:ee9d736a090185dd","false","1","0","0","stage21_supported_candidate_missing",""
"527","兵庫山","review_required_stage21_supported_candidate_missing","true","","0","","","usable","true","false","","no_candidate","","exact","exact","deprioritized","summit-candidate:e2c08955f9275289","false","1","0","0","stage21_supported_candidate_missing",""
"528","生之越","review_required_stage21_supported_candidate_missing","true","","0","","","usable","true","false","","no_candidate","","exact","exact","deprioritized","summit-candidate:777bcc5c6ed2c27e","false","1","0","0","stage21_supported_candidate_missing",""
"529","玉取山","review_required_stage21_supported_candidate_missing","true","","0","","","usable","true","false","","no_candidate","","exact","exact","deprioritized","summit-candidate:0886436b79473a6c","false","1","0","0","stage21_supported_candidate_missing",""
"530","三ヶ森","review_required_stage21_supported_candidate_missing","true","","0","","","usable","true","false","","no_candidate","","exact","exact","deprioritized","summit-candidate:5771cdd191c3861d","false","1","0","0","stage21_supported_candidate_missing",""
"531","扇山","review_required_stage21_supported_candidate_missing","true","summit-candidate:9acc21860aa8a208","0.32","","","usable","true","false","40649.3","grounding_contradicted_or_unrelated","","","","deprioritized","summit-candidate:02fa4cfab6fa90d3","false","1","0","0","stage21_supported_candidate_missing",""
