No,山名,標高,登頂回数,YAMAP link,難易度ランク,エントリーコースお勧め山,GPS,市町村・島,年,シカ,月,備考,分県登山ガイド（2008）,分県登山ガイド（2016）,四国の1000m峰（2015）,四国百山,百名山,愛媛ゆうゆう山歩き
1,関ヶ森,592,1,https://yamap.com/activities/15239274,2,,,松山市,2022,,1月,,,,,,,
2,観音山,518,1,https://yamap.com/activities/15239274,2,,,松山市,2022,,1月,,,,,,,
3,高森山,724,1,https://yamap.com/activities/15336083,2,,,東温市,2022,,1月,,,,,,,
4,岩伽羅山,696,1,https://yamap.com/activities/15336083,2,,,東温市,2022,,1月,,,,,,,★
5,衣掛山,463,1,https://yamap.com/activities/15336083,2,,,東温市,2022,,1月,,,,,,,
6,吉山(吉山城址),262,1,https://yamap.com/activities/15336083,2,,,東温市,2022,,1月,,,,,,,
7,尾ノ峰,193,1,https://yamap.com/activities/15415794,2,,,松山市,2022,,1月,,,,,,,
8,新城山,161,1,https://yamap.com/activities/15415794,2,,,松山市,2022,,1月,,,,,,,
9,腰折山,213,1,https://yamap.com/activities/15415794,1,,,松山市,2022,,1月,,,,,,,★
10,恵良山,302,1,https://yamap.com/activities/15415794,1,,,松山市,2022,,1月,,,,,,,★
11,皿ヶ森,633,1,https://yamap.com/activities/15430410,3,,,東温市,2022,〇,1月,,,,,,,
12,経座ヶ森,735,1,https://yamap.com/activities/15430410,3,,,東温市,2022,〇,1月,,,,,,,★
13,谷上山,455,1,https://yamap.com/activities/15569162,1,,,伊予市,2022,,2月,,〇,,,,,★
14,権現山,479,1,https://yamap.com/activities/15569162,1,,,伊予市,2022,,2月,,,,,,,
15,白滝山,504,1,https://yamap.com/activities/15569162,1,,,伊予市,2022,,2月,,,,,,,
16,障子山,885,1,https://yamap.com/activities/15569162,3,,,伊予市,2022,,2月,,,,,★,,★
17,伽藍山,414,1,https://yamap.com/activities/15598504,2,,,伊方町,2022,,2月,,,,,,,
18,塩ヶ森,526,1,https://yamap.com/activities/15624334,1,,,東温市,2022,,2月,,,,,,,★
19,番駄ヶ森,605,1,https://yamap.com/activities/15624334,3,,,東温市,2022,,2月,,,,,,,
20,ケタ山,659,1,https://yamap.com/activities/15624334,3,,,東温市,2022,,2月,,,,,,,
21,大磨山,648,1,https://yamap.com/activities/15624334,3,,,東温市,2022,,2月,,,,,,,
22,鍵山（象ヶ森）,804,1,https://yamap.com/activities/15624334,3,,,東温市,2022,〇,2月,,,,,,,
23,天神山,200,1,https://yamap.com/activities/16209216,1,,,松山市,2022,,2月,,,,,,,
24,御幸寺山,165,1,https://yamap.com/activities/15707049,1,,,松山市,2022,,2月,,,,,,,
25,愛宕山,115,1,https://yamap.com/activities/15715627,1,,,松山市,2022,,2月,,,,,,,
26,常光寺山,124,1,https://yamap.com/activities/15715627,1,,,松山市,2022,,2月,,,,,,,
27,杉立山,669,1,https://yamap.com/activities/15773753,2,,,松山市,2022,〇,2月,,,,,,,★
28,岩柄山,507,1,https://yamap.com/activities/15773753,3,,,松山市,2022,〇,2月,,,,,,,
29,高山,463,1,https://yamap.com/activities/15773753,2,,,松山市,2022,,2月,,,,,,,
30,勝岡山,453,1,https://yamap.com/activities/15773753,2,,,松山市,2022,,2月,,,,,,,
31,西山,172,1,https://yamap.com/activities/15799454,1,,,松山市,2022,,2月,,,,,,,
32,岩子山,181,1,https://yamap.com/activities/15799454,1,,,松山市,2022,,2月,,,,,,,
33,経ヶ森,200,1,https://yamap.com/activities/15799454,1,,,松山市,2022,,2月,,〇,〇,,,,
34,護摩ヶ森,170,1,https://yamap.com/activities/15799454,1,,,松山市,2022,,2月,,,,,,,
35,御岳山,438,1,https://yamap.com/activities/15847055,2,,,東温市,2022,,2月,,,,,,,
36,石槌山,252,1,https://yamap.com/activities/15848700,2,,,東温市,2022,,2月,,,,,,,
37,日王山,109,1,https://yamap.com/activities/15886152,1,,,松山市,2022,,2月,,,,,,,
38,重茂山,291,1,https://yamap.com/activities/15918738,1,,,今治市,2022,,2月,,,,,,,
39,花木山,53,1,https://yamap.com/activities/15920024,1,,,今治市,2022,,2月,,,,,,,
40,ヌタノサコ,514,1,https://yamap.com/activities/15945836,3,,,松山市,2022,,3月,,,,,,,
41,城山,592,1,https://yamap.com/activities/15983117,3,,,砥部町,2022,,3月,,,,,,,
42,水梨山,729,1,https://yamap.com/activities/15983117,3,,,砥部町,2022,〇,3月,,,,,,,
43,向山,683,1,https://yamap.com/activities/15983117,3,,,砥部町,2022,〇,3月,,,,,,,
44,稔山,917,1,https://yamap.com/activities/16050141,3,,,東温市,2022,〇,3月,,,,,,,★
45,菊ヶ森,151,1,https://yamap.com/activities/16079603,1,,,松山市,2022,,3月,,,,,,,
46,道後山,224,1,https://yamap.com/activities/16081025,1,,,松山市,2022,,3月,,,,,,,
47,倉谷山,420,2,https://yamap.com/activities/16124915,1,,,松山市,2022,,3月,,,,,,,
48,芝ヶ峠,282,2,https://yamap.com/activities/16124915,1,,,松山市,2022,,3月,,,,,,,
49,大久保山,175,1,https://yamap.com/activities/16209216,1,,,松山市,2022,,3月,,,,,,,
50,八里ヶ峠,182,1,https://yamap.com/activities/16209216,1,,,松山市,2022,,3月,,,,,,,
51,中坂山,98,1,https://yamap.com/activities/16209216,1,,,松山市,2022,,3月,,,,,,,
52,天神山,47,1,https://yamap.com/activities/15707049,1,,,松山市,2022,,3月,,,,,,,
53,室岡山,42,1,https://yamap.com/activities/16209216,1,,,松山市,2022,,3月,,,,,,,
54,潮見山,123,1,https://yamap.com/activities/16209216,1,,,松山市,2022,,3月,,,,,,,
55,明神山,161,1,https://yamap.com/activities/16281691,1,,,松山市,2022,,3月,,,,,,,
56,潮見山,214,1,https://yamap.com/activities/16281691,1,,,松山市,2022,,3月,,,,,,,
57,十門山(十門城址),683,1,https://yamap.com/activities/16310772,2,,,東温市,2022,〇,3月,,,,,,,
58,ヨソ山,928,2,https://yamap.com/activities/16310772,3,,,西条市,2022,〇,1月,,,,,,,★
59,忽那山,45,1,https://yamap.com/activities/16497216,1,,,松山市,2022,,4月,,,,,,,
60,鬼ヶ城山,"1,151",1,https://yamap.com/activities/16527154,1,〇,,宇和島市,2022,〇,4月,,〇,〇,〇,★,☆,★
61,三本杭,"1,226",1,https://yamap.com/activities/16527154,2,,,宇和島市,2022,〇,4月,,〇,〇,〇,,☆,★
62,八面山,"1,166",1,https://yamap.com/activities/16527154,2,,,宇和島市,2022,〇,4月,,〇,〇,〇,,,
63,大久保山,"1,155",1,https://yamap.com/activities/16527154,2,,,宇和島市,2022,〇,4月,,,,〇,,,
64,大月山,953,1,https://yamap.com/activities/16566166,1,,,松山市,2022,〇,4月,,,,,,,★
65,引地山,"1,027",1,https://yamap.com/activities/16663708,2,,,松山市,2022,〇,4月,,,,〇,,,★
66,東三方ヶ森,"1,233",1,https://yamap.com/activities/16678030,5,,,東温市,2022,〇,4月,,〇,〇,〇,,☆,★
67,甲が森,451,1,https://yamap.com/activities/16788269,1,,,西予市,2022,,4月,,,,,,,
68,三滝山,642,1,https://yamap.com/activities/16791907,1,,,西予市,2022,,4月,,,,,,,★
69,雨包山,"1,111",1,https://yamap.com/activities/16791908,1,,,西予市,2022,,4月,,,,〇,,,★
70,源氏ヶ駄場（薊野峰）,"1,403",1,https://yamap.com/activities/16794762,1,,,西予市,2022,,4月,大野ヶ原,〇,〇,〇,★,☆,★
71,碁石ヶ森,"1,183",1,https://yamap.com/activities/16795124,1,,,西予市,2022,,4月,,,,〇,,,
72,伊之子山,872,1,https://yamap.com/activities/16866851,3,,,松山市,2022,,4月,,,,,,,
73,御在所山,915,1,https://yamap.com/activities/16881352,3,,,西予市,2022,〇,4月,,,,,,,
74,岩黒山,"1,746",1,https://yamap.com/activities/16929212,2,,,久万高原町,2022,,4月,,〇,〇,〇,★,☆,★
75,筒上山,"1,860",1,https://yamap.com/activities/16929212,2,,,久万高原町,2022,,4月,,〇,〇,〇,★,☆,★
76,手箱山,"1,806",1,https://yamap.com/activities/16929212,3,,,久万高原町,2022,,4月,高知県,,,〇,,,
77,大川嶺,"1,525",1,https://yamap.com/activities/16982038,1,,,久万高原町,2022,,5月,,〇,〇,〇,★,☆,★
78,笠取山,"1,562",1,https://yamap.com/activities/16982038,1,,,久万高原町,2022,,5月,,〇,〇,〇,,,
79,ウバホド山,"1,482",1,https://yamap.com/activities/16982038,2,,,久万高原町,2022,,5月,,,,〇,,,
80,うなめご,"1,284",1,https://yamap.com/activities/17142799,2,,,東温市,2022,,5月,,〇,,,,,★
81,前々司山,"1,253",1,https://yamap.com/activities/17142799,2,,,東温市,2022,,5月,,,,,,,
82,陣ヶ森,"1,207",1,https://yamap.com/activities/17142799,2,,,東温市,2022,,5月,,,,〇,,,
83,寒川山,817,1,https://yamap.com/activities/17193098,2,,,四国中央市,2022,〇,5月,,,,,,,
84,豊受山,"1,247",1,https://yamap.com/activities/17193098,2,,,四国中央市,2022,〇,5月,,〇,〇,〇,,☆,★
85,赤星山,"1,453",1,https://yamap.com/activities/17193098,2,,,四国中央市,2022,〇,5月,,〇,〇,〇,★,☆,★
86,七々木山,"1,145",1,https://yamap.com/activities/17193098,2,,,四国中央市,2022,〇,5月,,,,,,,
87,鋸山,"1,017",1,https://yamap.com/activities/17193098,2,,,四国中央市,2022,〇,5月,,,〇,〇,,,
88,翠波峰,891,1,https://yamap.com/activities/17193111,1,,,四国中央市,2022,〇,5月,,〇,〇,,★,☆,★
89,平石山,826,1,https://yamap.com/activities/17195739,1,,,四国中央市,2022,〇,5月,,,,,,,★
90,割石東山,"1,074",1,https://yamap.com/activities/17344616,2,,,久万高原町,2022,〇,5月,,,,〇,,,★
91,青滝山,"1,303",1,https://yamap.com/activities/17344616,3,,,久万高原町,2022,〇,5月,,,,〇,,,★
92,堂ヶ森,"1,689",1,https://yamap.com/activities/17344616,3,,,久万高原町,2022,〇,5月,,〇,〇,〇,,☆,★
93,南尖峰,"1,982",1,https://yamap.com/activities/17465823,2,,,久万高原町,2022,,5月,,〇,〇,〇,,,
94,自念子ノ頭,"1,702",1,https://yamap.com/activities/17536161,2,,,西条市,2022,,5月,,,,〇,,,
95,勝山,131,1,https://yamap.com/activities/17745232,1,,,松山市,2022,,6月,,,,,,,
96,姫草,"1,274",1,https://yamap.com/activities/17955297,1,,,西予市,2022,,6月,,,,〇,,,
97,牛城,"1,342",1,https://yamap.com/activities/17956064,2,,,西予市,2022,,6月,,,,〇,,,
98,積善山,370,1,https://yamap.com/activities/17985256,1,〇,,岩城島,2022,,6月,,,〇,,,,
99,鉢巻山,142,1,https://yamap.com/activities/17993401,4,,,生名島,2022,,6月,,,,,,,
100,立石山,139,1,https://yamap.com/activities/17999330,1,〇,,生名島,2022,,6月,,,,,,,
101,鷲ヶ頭山,436,1,https://yamap.com/activities/18060852,2,〇,,大三島,2022,,6月,,〇,〇,,,☆,★
102,安神山,267,1,https://yamap.com/activities/18060852,2,,,大三島,2022,,6月,,,,,,,
103,篠山,"1,065",1,https://yamap.com/activities/18089469,2,〇,,愛南町,2022,〇,6月,,〇,〇,〇,★,☆,★
104,横山(横山城址),453,1,https://yamap.com/activities/18196317,1,,,松山市,2022,,6月,,,,,,,
105,鞍瀬ノ頭,"1,889",1,https://yamap.com/activities/18250101,3,,,久万高原町,2022,,7月,,,,,,,
106,二ノ森,"1,930",1,https://yamap.com/activities/18250101,3,,,久万高原町,2022,,7月,,〇,〇,〇,★,☆,★
107,面河の頭,"1,866",1,https://yamap.com/activities/18250101,3,,,久万高原町,2022,,7月,,,,,,,
108,西ノ冠岳,"1,890",1,https://yamap.com/activities/18250101,3,,,久万高原町,2022,,7月,,,,〇,,,
109,西黒森,"1,861",1,https://yamap.com/activities/18371502,2,,,西条市,2022,,7月,,,,〇,★,☆,★
110,小富士,282,1,https://yamap.com/activities/18427906,1,〇,,興居島,2022,,7月,,〇,〇,,,,★
111,龍石山,32,1,https://yamap.com/activities/18428061,1,,,興居島,2022,,7月,,,,,,,
112,子持山,123,1,https://yamap.com/activities/18543106,1,,,興居島,2022,,7月,,,,,,,
113,大峰ヶ台,141,2,https://yamap.com/activities/19164431,1,,,松山市,2022,,8月,,,,,,,
114,世田山,339,1,https://yamap.com/activities/19222937,1,〇,,今治市,2022,,8月,,〇,〇,,,,
115,笠松山,357,1,https://yamap.com/activities/19222937,1,〇,,今治市,2022,,8月,,〇,〇,,,,★
116,北三方ヶ森,978,1,https://yamap.com/activities/19236411,2,,,松山市,2022,〇,8月,,〇,〇,,,,★
117,大友山,407,1,https://yamap.com/activities/19400534,3,,,松山市,2022,,9月,,,,,,,
118,湯築山,71,1,https://yamap.com/activities/19437997,1,,,松山市,2022,,9月,,,,,,,
119,寒風山,"1,762",1,https://yamap.com/activities/19457807,2,,,西条市,2022,〇,9月,,〇,〇,〇,★,☆,★
120,ちち山,"1,855",2,https://yamap.com/activities/48114780,3,,,西条市,2022,〇,9月,,,〇,〇,,,
121,笹ヶ峰,"1,860",2,https://yamap.com/activities/48114780,3,,,西条市,2022,〇,9月,,〇,〇,〇,★,☆,★
122,松軒山,190,1,https://yamap.com/activities/19588038,1,,,愛南町,2022,,9月,,,,,,,
123,三山,325,1,https://yamap.com/activities/19600002,1,,,弓削島,2022,,9月,,,,,,,
124,伊勢山,57,1,https://yamap.com/activities/19600557,1,,,弓削島,2022,,9月,,,,,,,
125,久司山,142,1,https://yamap.com/activities/19601222,3,,,弓削島,2022,,9月,,,,,,,
126,石灰山,216,1,https://yamap.com/activities/19604820,3,,,弓削島,2022,,9月,,,,,,,
127,古法皇山,279,1,https://yamap.com/activities/19604820,3,,,弓削島,2022,,9月,,,,,,,
128,狩江権現山,464,1,https://yamap.com/activities/19698405,1,〇,,西予市,2022,,9月,,,,,,,
129,極山,561,1,https://yamap.com/activities/19698830,1,,,西予市,2022,,9月,,,,,,,
130,高文殊山,221,1,https://yamap.com/activities/19708205,1,〇,,四国中央市,2022,,9月,,,,,,,
131,三本榎,256,1,https://yamap.com/activities/19830861,4,,,大三島,2022,,9月,,,,,,,
132,鏡山,212,1,https://yamap.com/activities/19833941,3,,,大三島,2022,,9月,,,,,,,
133,戸祇御前山,946,1,https://yamap.com/activities/19911171,3,,,鬼北町,2022,〇,10月,,,〇,,,,★
134,雄甲山,239,1,https://yamap.com/activities/20017361,1,,,松山市,2022,,10月,,,,,,,
135,雌甲山,189,1,https://yamap.com/activities/20017361,1,,,松山市,2022,,10月,,,,,,,
136,泉ガ森,755,1,https://yamap.com/activities/20029187,1,〇,,鬼北町,2022,〇,10月,,,〇,,,,★
137,東山,"1,392",1,https://yamap.com/activities/21698197,1,,,松山市,2022,,10月,,,,,,,
138,前赤石山,"1,677",1,https://yamap.com/activities/20086190,4,,,新居浜市,2022,〇,10月,,,,〇,,,
139,黒崎山,57,1,https://yamap.com/activities/20172197,2,,,興居島,2022,,10月,,,,,,,
140,高戸山,115,1,https://yamap.com/activities/20211117,2,,,興居島,2022,,10月,,,,,,,
141,犬吠山,124,1,https://yamap.com/activities/20212951,2,,,興居島,2022,,10月,,,,,,,
142,泰の山,115,1,https://yamap.com/activities/20216474,2,,,興居島,2022,,10月,,,,,,,
143,中三方ヶ森,"1,229",1,https://yamap.com/activities/20299413,3,,,今治市,2022,〇,10月,,,,,,,
144,古権現山,"1,003",1,https://yamap.com/activities/20299413,3,,,今治市,2022,〇,10月,,,,,,,
145,楢原山,"1,041",1,https://yamap.com/activities/20299413,1,,,今治市,2022,〇,10月,,〇,〇,〇,★,☆,★
146,西港山,52,1,https://yamap.com/activities/20348452,1,,,松山市,2022,,10月,,,,,,,
147,大丸山,76,1,https://yamap.com/activities/20348452,1,,,松山市,2022,,10月,,,,,,,
148,港山,42,1,https://yamap.com/activities/20348452,1,,,松山市,2022,,10月,,,,,,,
149,すくも山,41,1,https://yamap.com/activities/20370835,1,,,西条市,2022,,10月,,,,,,,
150,愛ノ山,198,1,https://yamap.com/activities/20375635,1,,,西条市,2022,〇,10月,,,,,,,
151,冨士山,320,1,https://yamap.com/activities/20527420,1,〇,,大洲市,2022,,10月,,,,,,,
152,割石峠山,"1,037",1,https://yamap.com/activities/20542185,2,,,東温市,2022,〇,10月,,,,,,,
153,石墨山,"1,456",1,https://yamap.com/activities/20542185,2,,,東温市,2022,〇,10月,,〇,〇,〇,★,☆,★
154,法師山,"1,310",1,https://yamap.com/activities/20542185,2,,,東温市,2022,,10月,,,,,,,
155,白猪山,"1,202",1,https://yamap.com/activities/20542185,2,,,東温市,2022,〇,10月,,,,,,,
156,梅ヶ谷山,"1,316",1,https://yamap.com/activities/20542185,2,,,東温市,2022,,10月,,,〇,,,,
157,樽谷山,"1,255",1,https://yamap.com/activities/20542185,2,,,東温市,2022,,10月,,,,〇,,,
158,根無山,"1,241",1,https://yamap.com/activities/20542185,2,,,東温市,2022,,10月,,,,,,,
159,権現山,"1,594",2,https://yamap.com/activities/20769524,3,,,新居浜市,2022,〇,11月,,,,〇,,,
160,黒岳,"1,636",1,https://yamap.com/activities/20769524,5,,,新居浜市,2022,〇,11月,,,〇,〇,,,
161,エビラ山,"1,673",1,https://yamap.com/activities/20769524,5,,,新居浜市,2022,〇,11月,,,〇,〇,,,
162,二ッ岳,"1,647",1,https://yamap.com/activities/20769524,3,,,新居浜市,2022,〇,11月,,〇,〇,〇,★,☆,★
163,鹿島山,114,1,https://yamap.com/activities/20840182,1,,,松山市,2022,〇,11月,,,,,,,
164,出石山,812,1,https://yamap.com/activities/20978991,1,〇,,大洲市,2022,,11月,,,,,★,,★
165,綱繰山,"1,466",1,https://yamap.com/activities/21174105,3,,,新居浜市,2022,〇,11月,,,,,,,
166,獅子舞の鼻,"1,482",1,https://yamap.com/activities/21174105,3,,,新居浜市,2022,〇,11月,,,,,,,
167,冠山,"1,731",1,https://yamap.com/activities/21174105,3,,,新居浜市,2022,〇,11月,,,〇,〇,,,
168,遠ヶ森,728,1,https://yamap.com/activities/21456728,3,,,松山市,2022,〇,12月,,,,,,,
169,扇山,200,1,https://yamap.com/activities/21457449,1,,,砥部町,2022,,12月,,,,,,,
170,高山,135,1,https://yamap.com/activities/21589436,1,,,今治市,2022,,12月,,,,,,,
171,塔ノ峰,150,1,https://yamap.com/activities/21590134,1,,,今治市,2022,,12月,,,,,,,
172,海山,155,1,https://yamap.com/activities/21590913,1,,,今治市,2022,,12月,,,,,,,
173,近見山,244,1,https://yamap.com/activities/21592956,1,,,今治市,2022,,12月,,,,,,,
174,唐子山,105,1,https://yamap.com/activities/21596150,1,,,今治市,2022,,12月,,,,,,,
175,医王山,100,1,https://yamap.com/activities/21599402,1,,,西条市,2022,,12月,,,,,,,
176,永納山(永納山城址),132,1,https://yamap.com/activities/21602602,1,,,西条市,2022,,12月,,,,,,,
177,佐々久山,56,1,https://yamap.com/activities/21605174,1,,,西条市,2022,,12月,,,,,,,
178,土亀山,50,1,https://yamap.com/activities/21696855,1,,,松山市,2022,,12月,,,,,,,
179,天山,51,1,https://yamap.com/activities/21697421,1,,,松山市,2022,,12月,,,,,,,
180,東山,1392,1,https://yamap.com/activities/20086190,2,,,新居浜市,2022,〇,12月,,,,,,,
181,星岡山,75,1,https://yamap.com/activities/21699312,1,,,松山市,2022,,12月,,,,,,,
182,河原樋山,864,1,https://yamap.com/activities/21774169,3,,,松山市,2023,〇,1月,,,,,,,
183,真松嶺,548,1,https://yamap.com/activities/21774169,3,,,松山市,2023,〇,1月,,,,,,,
184,柿王寺森,545,1,https://yamap.com/activities/21774169,3,,,松山市,2023,〇,1月,,,,,,,
185,岩子山,111,1,https://yamap.com/activities/21828514,1,,,松山市,2023,,1月,,,,,,,
186,垣生山,118,1,https://yamap.com/activities/21828514,1,,,松山市,2023,,1月,,,,,,,
187,津田山,110,1,https://yamap.com/activities/21828514,1,,,松山市,2023,,1月,,,,,,,
188,弁天山,130,1,https://yamap.com/activities/21828514,1,,,松山市,2023,,1月,,,,,,,
189,権現山,491,1,https://yamap.com/activities/21864997,3,,,愛南町,2023,,1月,,,,,,,
190,黒瀬山（黒瀬城址）,341,1,https://yamap.com/activities/21888400,2,,,西予市,2023,,1月,,,,,,,
191,岡山（岡城址）,360,1,https://yamap.com/activities/21888400,2,,,西予市,2023,,1月,,,,,,,
192,鉢ヶ森（鉢ヶ森城址）,434,1,https://yamap.com/activities/21888400,2,,,西予市,2023,,1月,,,,,,,
193,護摩ヶ森（護摩ヶ森城址）,380,1,https://yamap.com/activities/21888400,2,,,西予市,2023,,1月,,,,,,,
194,我合山（我合城址）,350,1,https://yamap.com/activities/21888400,2,,,西予市,2023,,1月,,,,,,,
195,由良山,249,1,https://yamap.com/activities/21934144,3,,,宇和島市,2023,,1月,,〇,,,,,
196,大森山,291,1,https://yamap.com/activities/22060688,2,,,伊方町,2023,,1月,,,,,,,
197,見晴山,395,1,https://yamap.com/activities/22061577,1,,,伊方町,2023,,1月,,,,,,,
198,権現山,375,1,https://yamap.com/activities/22062877,1,,,伊方町,2023,,1月,,,,,,,
199,遠見山,130,1,https://yamap.com/activities/22065412,1,,,伊方町,2023,,1月,,,,,,,
200,石神山,303,1,https://yamap.com/activities/22078154,2,,,伊方町,2023,,1月,,,,,,,
201,金比羅山,203,1,https://yamap.com/activities/22078154,1,,,伊方町,2023,,1月,,,,,,,
202,鳥越山,100,1,https://yamap.com/activities/22163782,1,,,松山市,2023,,1月,,,,,,,
203,谷田山,78,1,https://yamap.com/activities/22167454,1,,,松山市,2023,,1月,,,,,,,
204,金毘羅山,41,1,https://yamap.com/activities/22167454,1,,,松山市,2023,,1月,,,,,,,
205,佐古田山,77,1,https://yamap.com/activities/22169885,1,,,松山市,2023,,1月,,,,,,,
206,古城山,202,1,https://yamap.com/activities/22176647,2,,,松山市,2023,,1月,,,,,,,
207,尾崎山,260,1,https://yamap.com/activities/22176647,2,,,松山市,2023,,1月,,,,,,,
208,宝ヶ峯,284,2,https://yamap.com/activities/22807837,1,,,松山市,2023,〇,3月,,,,,,,
209,淡路ヶ峠,273,3,https://yamap.com/activities/22807837,1,〇,,松山市,2023,〇,3月,,,,,,,
210,福見山,"1,051",2,https://yamap.com/activities/22917822,2,,,松山市,2023,〇,3月,,〇,〇,〇,,,
211,明神ヶ森,"1,217",2,https://yamap.com/activities/22917822,2,,,松山市,2023,〇,3月,,〇,〇,〇,★,☆,★
212,南三方ヶ森,"1,156",3,https://yamap.com/activities/22917822,3,,,松山市,2023,〇,3月,,,,,,,
213,魚谷森,"1,005",3,https://yamap.com/activities/22917822,3,,,松山市,2023,〇,3月,,,,,,,
214,左谷ノ森,932,4,https://yamap.com/activities/22917822,3,,,松山市,2023,〇,3月,,,,,,,
215,真城ヶ台,587,1,https://yamap.com/activities/22997019,3,,,松山市,2023,〇,3月,,,,,,,
216,千羽ヶ岳,412,1,https://yamap.com/activities/23107258,3,,,西条市,2023,〇,3月,,,,,,,
217,皿ヶ嶺,"1,278",2,https://yamap.com/activities/16663708,1,〇,,東温市,2023,〇,3月,,〇,〇,〇,★,☆,★
218,えんとつ山,127,1,https://yamap.com/activities/23230342,1,,,新居浜市,2023,,3月,,,,,,,
219,生子山,301,1,https://yamap.com/activities/23230342,1,,,新居浜市,2023,,3月,,,,,,,
220,犬返,576,1,https://yamap.com/activities/23230342,1,,,新居浜市,2023,,3月,,,,,,,
221,種子川山,539,1,https://yamap.com/activities/23230342,2,,,新居浜市,2023,,3月,,,,,,,
222,西赤石山,"1,626",2,https://yamap.com/activities/23230342,3,,,新居浜市,2023,,3月,,,〇,〇,★,☆,★
223,物住頭,"1,635",2,https://yamap.com/activities/23230342,3,,,新居浜市,2023,〇,3月,,,,〇,,,
224,上兜山,"1,559",1,https://yamap.com/activities/23230342,5,,,新居浜市,2023,〇,3月,,,,〇,,,
225,下兜山,"1,234",1,https://yamap.com/activities/23230342,5,,,新居浜市,2023,〇,3月,,,,〇,,,
226,黒森山,"1,154",1,https://yamap.com/activities/23372854,3,,,松山市,2023,〇,4月,,〇,〇,〇,,,★
227,菊ヶ森,914,1,https://yamap.com/activities/23456299,3,,,久万高原町,2023,〇,4月,,,,,,,★
228,餓鬼ヶ森,954,1,https://yamap.com/activities/23456299,3,,,久万高原町,2023,〇,4月,,,,,,,★
229,船野山,412,1,https://yamap.com/activities/23610620,3,,,東温市,2023,〇,4月,,,,,,,
230,木久ヶ森,752,1,https://yamap.com/activities/23615484,3,,,西条市,2023,〇,4月,,,,,,,
231,黒滝山,809,1,https://yamap.com/activities/23615484,3,,,西条市,2023,〇,4月,,,,,,,
232,奥之城山,420,2,https://yamap.com/activities/15945836,1,,,松山市,2023,,4月,,,,,,,
233,天狗岳,"1,982",2,https://yamap.com/activities/17465823,2,,,久万高原町,2023,,5月,,〇,〇,〇,,,
234,石鎚山,"1,972",4,https://yamap.com/activities/19748541,2,〇,,久万高原町,2023,,5月,,〇,〇,〇,★,☆,★
235,善神山,"1,094",1,https://yamap.com/activities/24526430,3,,,東温市,2023,,5月,,,,,,,
236,前善神山,"1,070",1,https://yamap.com/activities/24526430,3,,,東温市,2023,〇,5月,,,,,,,
237,五葉が森,841,1,https://yamap.com/activities/24842919,3,,,今治市,2023,,6月,,,,,,,
238,冠岳,"1,380",1,https://yamap.com/activities/26580294,4,,,久万高原町,2023,〇,8月,,,,〇,,,
239,東赤石山,"1,710",2,https://yamap.com/activities/20086190,3,,,新居浜市,2023,〇,9月,,〇,〇,〇,★,☆,★
240,八巻山,"1,698",2,https://yamap.com/activities/20086190,3,,,新居浜市,2023,〇,9月,,,,,,,
241,ベツソ山,266,1,https://yamap.com/activities/27393055,3,,,伊予市,2023,,10月,,,,,,,
242,歯朶谷山,314,1,https://yamap.com/activities/27393055,3,,,伊予市,2023,,10月,,,,,,,
243,丸山,624,1,https://yamap.com/activities/27410763,3,,,今治市,2023,〇,10月,,,,,,,
244,二ノ岳,"1,156",1,https://yamap.com/activities/27625682,3,,,久万高原町,2023,〇,10月,,,,〇,,,
245,高森,"1,360",1,https://yamap.com/activities/27625682,3,,,久万高原町,2023,〇,10月,,,,〇,,,
246,四辻ノ森,"1,201",1,https://yamap.com/activities/28123419,5,,,久万高原町,2023,,11月,,,,〇,,,★
247,三光ノ辻山,"1,215",1,https://yamap.com/activities/28123419,5,,,久万高原町,2023,,11月,,,,〇,,,★
248,瀬戸黒森,976,1,https://yamap.com/activities/28270130,4,,,愛南町,2023,,11月,,,,,,,
249,羽子山,730,1,https://yamap.com/activities/28270130,4,,,愛南町,2023,,11月,,,,,,,
250,観音森,779,1,https://yamap.com/activities/28270130,4,,,愛南町,2023,,11月,,,,,,,
251,三森,867,1,https://yamap.com/activities/28270130,4,,,愛南町,2023,,11月,,,,,,,
252,総津権現山,440,1,https://yamap.com/activities/28786782,1,〇,,砥部町,2023,,12月,,〇,〇,,,,★
253,秦皇山,874,1,https://yamap.com/activities/28788628,1,,,伊予市,2023,,12月,,,,,,,★
254,平岡山(平岡城址),414,1,https://yamap.com/activities/28790948,1,,,伊予市,2023,,12月,,,,,,,
255,竜門山,439,1,https://yamap.com/activities/29318444,2,,,西条市,2024,,1月,,,,,,,
256,大黒山,321,1,https://yamap.com/activities/29318444,2,,,西条市,2024,,1月,,,,,,,
257,大空山,352,1,https://yamap.com/activities/29473138,3,,,大三島,2024,,1月,,,,,,,
258,御串山,66,1,https://yamap.com/activities/29474188,1,,,大三島,2024,,1月,,,,,,,
259,宝股山,304,1,https://yamap.com/activities/29488111,1,,,伯方島,2024,,1月,,,,,,,
260,開山,149,1,https://yamap.com/activities/29492158,1,,,伯方島,2024,,1月,,,,,,,
261,鳥屋ヶ森,322,1,https://yamap.com/activities/29712865,2,,,宇和島市,2024,,2月,,,,,,,
262,熊ガ峰,343,1,https://yamap.com/activities/29720992,2,,,宇和島市,2024,〇,2月,,,,,,,
263,権現山,489,1,https://yamap.com/activities/29739163,2,,,宇和島市,2024,,2月,,,,,,,
264,大黒山,"1,106",1,https://yamap.com/activities/29893880,3,,,宇和島市,2024,,2月,,,,〇,,,
265,譲ヶ葉森,"1,016",1,https://yamap.com/activities/29893880,2,,,宇和島市,2024,,2月,,〇,,〇,★,☆,★
266,郭公岳,"1,010",1,https://yamap.com/activities/30009031,3,,,宇和島市,2024,〇,2月,,,,〇,,,★
267,東高月山,"1,181",1,https://yamap.com/activities/30009031,3,,,宇和島市,2024,〇,2月,,,,,,,
268,高月山,"1,229",1,https://yamap.com/activities/30009031,3,,,宇和島市,2024,〇,2月,,〇,〇,〇,★,☆,★
269,櫨ヶ森,"1,064",1,https://yamap.com/activities/30009031,1,,,宇和島市,2024,〇,2月,,,,,,,
270,毛山,"1,089",2,https://yamap.com/activities/30009031,1,,,宇和島市,2024,〇,2月,,,,〇,,,
271,白石山,648,1,https://yamap.com/activities/30140047,2,,,愛南町,2024,,3月,,,,,,,
272,観音岳,782,1,https://yamap.com/activities/30141050,1,,,愛南町,2024,,3月,,,,,,,
273,音無山,850,1,https://yamap.com/activities/30154001,3,,,宇和島市,2024,,3月,,,,,,,
274,天ガ森,331,1,https://yamap.com/activities/30171840,2,,,宇和島市,2024,,3月,,,,,,,
275,夫婦山,387,1,https://yamap.com/activities/30276721,2,,,松山市,2024,,3月,,,,,,,
276,白山,327,1,https://yamap.com/activities/30276721,2,,,松山市,2024,,3月,,,,,,,
277,観音山,360,1,https://yamap.com/activities/30276721,2,,,松山市,2024,,3月,,,,,,,
278,国見山,380,1,https://yamap.com/activities/30276721,2,,,松山市,2024,,3月,,,,,,,
279,城山,244,1,https://yamap.com/activities/30276721,2,,,松山市,2024,,3月,,,,,,,
280,御勧請山,327,1,https://yamap.com/activities/30276721,1,,,松山市,2024,,3月,,,,,,,
281,トギ,391,1,https://yamap.com/activities/30377402,3,,,大洲市,2024,〇,3月,,,,,,,
282,張木山,468,1,https://yamap.com/activities/30377402,3,,,大洲市,2024,,3月,,,,,,,
283,高手山,381,1,https://yamap.com/activities/30377402,3,,,大洲市,2024,,3月,,,,,,,
284,斎藤山,459,1,https://yamap.com/activities/30390268,1,〇,,大洲市,2024,,3月,,,,,,,
285,御祝山,999,1,https://yamap.com/activities/30609975,4,,,松野町,2024,〇,3月,,,,,,,
286,横ノ森,"1,200",2,https://yamap.com/activities/30609975,4,,,松野町,2024,〇,3月,,,,,,,
287,小屋ヶ森,"1,184",2,https://yamap.com/activities/30609975,4,,,松野町,2024,〇,3月,,,,,,,
288,串ヶ森,"1,160",1,https://yamap.com/activities/30609975,4,,,松野町,2024,〇,3月,,,,,,,
289,目黒鳥屋,"1,157",1,https://yamap.com/activities/30609975,4,,,松野町,2024,〇,3月,,,,〇,,,
290,長尾森,"1,180",1,https://yamap.com/activities/30609975,4,,,松野町,2024,〇,3月,,,,,,,
291,二箆山,"1,169",1,https://yamap.com/activities/30816685,2,,,久万高原町,2024,,4月,,,,〇,,,★
292,西雑誌山,"1,341",1,https://yamap.com/activities/30816685,2,,,久万高原町,2024,,4月,,,,,,,
293,気多山,"1,218",1,https://yamap.com/activities/31098993,4,,,久万高原町,2024,,4月,,,,〇,,,★
294,八辻ノ峰,"1,724",1,https://yamap.com/activities/31098993,4,,,久万高原町,2024,,4月,,,,,,,
295,五代ヶ森,"1,711",1,https://yamap.com/activities/31098993,5,,,久万高原町,2024,,4月,,,,〇,,,
296,桂ヶ森,"1,224",1,https://yamap.com/activities/31210522,3,,,久万高原町,2024,,4月,,,,〇,,,★
297,狼ヶ城山,"1,380",1,https://yamap.com/activities/31238258,3,,,久万高原町,2024,,4月,,,,〇,,,
298,日浦嶺,901,1,https://yamap.com/activities/31279084,3,,,久万高原町,2024,,4月,,,,,,,
299,打越山,860,1,https://yamap.com/activities/31279084,3,,,久万高原町,2024,,4月,,,,,,,
300,面河山,"1,521",1,https://yamap.com/activities/31444117,3,,,久万高原町,2024,〇,5月,,,〇,〇,,,
301,丸笹山,"1,535",1,https://yamap.com/activities/31683137,3,,,久万高原町,2024,,5月,,,,〇,,,
302,丸滝山,"1,556",1,https://yamap.com/activities/31711263,3,,,久万高原町,2024,,5月,,,,〇,,,
303,名石山,297,1,https://yamap.com/activities/31778883,1,,,松山市,2024,,5月,,,,,,,
304,青刈山,342,2,https://yamap.com/activities/31912430,2,,,大三島,2024,,5月,,,,,,,
305,椿山,"1,585",1,https://yamap.com/activities/32204862,5,,,久万高原町,2024,〇,6月,,,,〇,,,
306,黒森山,"1,678",1,https://yamap.com/activities/32377948,3,,,西条市,2024,,6月,,〇,,〇,,,★
307,沓掛山,"1,691",1,https://yamap.com/activities/32377948,2,,,西条市,2024,,6月,,〇,,〇,,,★
308,二反山,395,4,https://yamap.com/activities/32492709,2,,,大三島,2024,,6月,,,,,,,
309,平家平,"1,693",2,https://yamap.com/activities/32551903,2,〇,,新居浜市,2024,〇,6月,,〇,〇,〇,★,☆,★
310,薬師山,435,4,https://yamap.com/activities/32563611,2,,,大三島,2024,,6月,,,,,,,
311,子持権現山,"1,673",1,https://yamap.com/activities/32926277,5,,,西条市,2024,,7月,,,,〇,,,
312,男山,"1,838",3,https://yamap.com/activities/47890352,1,〇,,西条市,2024,〇,7月,,,〇,,,,
313,瓶ヶ森,"1,897",3,https://yamap.com/activities/47890352,1,〇,,西条市,2024,〇,7月,,〇,〇,〇,★,☆,★
314,宅並山,200,1,https://yamap.com/activities/32996557,1,,,松山市,2024,,7月,,,,,,,
315,岩屋山,786,1,https://yamap.com/activities/33413387,2,,,久万高原町,2024,,7月,,,,,,,
316,高縄山,993,3,https://yamap.com/activities/33532007,1,〇,,松山市,2024,〇,8月,,〇,〇,,★,☆,★
317,伊予富士,"1,756",1,https://yamap.com/activities/34378242,2,,,西条市,2024,〇,9月,,〇,〇,〇,★,☆,★
318,中津山(明神山),"1,541",1,https://yamap.com/activities/34608189,2,,,久万高原町,2024,,9月,,〇,,〇,★,☆,★
319,猿越山,"1,435",1,https://yamap.com/activities/34608189,3,,,久万高原町,2024,,9月,,,,,,,
320,銅山峰,"1,330",2,https://yamap.com/activities/34865968,2,〇,,新居浜市,2024,,10月,,,,,,,
321,西山,"1,429",2,https://yamap.com/activities/34865968,2,,,新居浜市,2024,〇,10月,,,,〇,,,
322,三の森,"1,154",1,https://yamap.com/activities/34865968,3,,,新居浜市,2024,〇,10月,,,,〇,,,
323,二の森,"1,040",1,https://yamap.com/activities/34865968,3,,,新居浜市,2024,〇,10月,,,,,,,
324,一の森,832,1,https://yamap.com/activities/34865968,3,,,新居浜市,2024,〇,10月,,,,,,,
325,三ッ足山,"1,103",1,https://yamap.com/activities/35193395,4,,,四国中央市,2024,〇,10月,,,,〇,,,
326,カガマシ山,"1,343",1,https://yamap.com/activities/35193395,4,,,四国中央市,2024,〇,10月,,〇,,〇,★,,★
327,橡尾山,"1,222",1,https://yamap.com/activities/35193395,4,,,四国中央市,2024,〇,10月,,〇,,〇,,,★
328,笹ヶ峰,"1,019",1,https://yamap.com/activities/35193395,4,,,四国中央市,2024,〇,10月,,〇,,〇,,☆,★
329,ハネズル山,"1,299",1,https://yamap.com/activities/35294207,3,,,四国中央市,2024,〇,10月,,〇,,〇,,,★
330,天堤山,"1,147",1,https://yamap.com/activities/35299950,3,,,四国中央市,2024,〇,10月,,,,〇,,,
331,五郎丸,595,1,https://yamap.com/activities/36316517,3,,,四国中央市,2024,,12月,,,,,,,
332,高丸,589,1,https://yamap.com/activities/36316517,3,,,四国中央市,2024,,12月,,,,,,,
333,金見山,596,1,https://yamap.com/activities/36316517,3,,,四国中央市,2024,,12月,,〇,〇,,,,★
334,木峰,594,1,https://yamap.com/activities/36316517,3,,,四国中央市,2024,,12月,,,,,,,
335,天狗森,535,1,https://yamap.com/activities/36316517,3,,,四国中央市,2024,,12月,,,,,,,
336,唐谷山,485,1,https://yamap.com/activities/36316517,3,,,四国中央市,2024,,12月,,,,,,,
337,龍王山,450,1,https://yamap.com/activities/36316517,3,,,四国中央市,2024,,12月,,,,,,,
338,大谷山,507,1,https://yamap.com/activities/36316517,2,,,四国中央市,2024,,12月,,〇,〇,,,,★
339,城山,62,1,https://yamap.com/activities/36324491,1,,,四国中央市,2024,,12月,,,,,,,
340,本尊山,187,1,https://yamap.com/activities/36473567,3,,,伊予市,2024,,12月,,,,,,,★
341,秋葉山,631,1,https://yamap.com/activities/36473567,3,,,伊予市,2024,,12月,,,,,,,
342,立烏帽子山,536,1,https://yamap.com/activities/36473567,3,,,伊予市,2024,,12月,,,,,,,
343,明神山,634,1,https://yamap.com/activities/36473567,3,,,伊予市,2024,,12月,,,,,,,★
344,陣が森,538,1,https://yamap.com/activities/36604386,1,,,松山市,2024,,12月,,,,,,,
345,岩が森,413,1,https://yamap.com/activities/36604386,2,,,松山市,2024,,12月,,,,,,,
346,スクモ塚,283,1,https://yamap.com/activities/36604386,2,,,松山市,2024,,12月,,,,,,,
347,高萩山,356,1,https://yamap.com/activities/36604386,2,,,松山市,2024,〇,12月,,,,,,,
348,長者森,293,1,https://yamap.com/activities/36604386,2,,,今治市,2024,〇,12月,,,,,,,
349,八倉山,257,1,https://yamap.com/activities/36701543,1,,,砥部町,2024,,12月,,,,,,,
350,行道山,371,1,https://yamap.com/activities/36701543,1,,,砥部町,2024,,12月,,,,,,,
351,水晶ヶ森,403,1,https://yamap.com/activities/36701543,1,,,砥部町,2024,,12月,,,,,,,
352,笹ヶ平山,261,1,https://yamap.com/activities/36703683,1,,,砥部町,2024,,12月,,,,,,,
353,壺神山,971,1,https://yamap.com/activities/36988248,2,,,大洲市,2025,,1月,,〇,〇,,,☆,★
354,滝山,726,1,https://yamap.com/activities/36988248,3,,,大洲市,2025,,1月,,,,,,,
355,足山,675,1,https://yamap.com/activities/36988248,3,,,大洲市,2025,,1月,,,,,,,
356,皿が森,610,1,https://yamap.com/activities/36988248,3,,,大洲市,2025,,1月,,,,,,,
357,尉之山,383,1,https://yamap.com/activities/37114706,2,,,松山市,2025,,1月,,,,,,,
358,小山岳,435,1,https://yamap.com/activities/37114706,2,,,松山市,2025,,1月,,,,,,,
359,勝山,385,1,https://yamap.com/activities/37120765,2,,,松山市,2025,〇,1月,,,,,,,
360,松葉山（松葉城址）,410,1,https://yamap.com/activities/37416231,1,,,西予市,2025,,1月,,,,,,,
361,烏殿,588,1,https://yamap.com/activities/37416231,2,,,西予市,2025,,1月,,,,,,,
362,御篠山,384,1,https://yamap.com/activities/37416231,1,,,西予市,2025,,1月,,,,,,,
363,天が森,393,1,https://yamap.com/activities/37479803,2,,,八幡浜市,2025,,1月,,,,,,,
364,浄心山,781,1,https://yamap.com/activities/37479803,3,,,八幡浜市,2025,〇,1月,,,,,,,
365,銅が鳴,767,1,https://yamap.com/activities/37479803,3,,,八幡浜市,2025,,1月,,,,,,,
366,弥八山,263,1,https://yamap.com/activities/37542274,1,,,四国中央市,2025,,1月,,,,,,,
367,西の山,244,1,https://yamap.com/activities/37542942,2,,,四国中央市,2025,,1月,,,,,,,
368,北山,241,1,https://yamap.com/activities/37544167,2,,,四国中央市,2025,,1月,,,,,,,
369,垣生山,101,1,https://yamap.com/activities/37545783,1,,,新居浜市,2025,,1月,,,,,,,
370,金子山,146,1,https://yamap.com/activities/37547910,1,,,新居浜市,2025,,1月,,,,,,,
371,八堂山,193,1,https://yamap.com/activities/37550157,1,,,西条市,2025,,1月,,,,,,,
372,亀老山,301,1,https://yamap.com/activities/24963250,1,〇,,大島,2023,,6月,,,,,,,
373,カレイ山,232,1,https://yamap.com/activities/37702991,1,,,大島,2025,,2月,,,,,,,
374,念仏山,381,1,https://yamap.com/activities/37704032,1,,,大島,2025,,2月,,,,,,,★
375,大頭山,264,1,https://yamap.com/activities/37707947,3,,,大島,2025,,2月,,,,,,,
376,高取山,252,1,https://yamap.com/activities/37710332,1,,,大島,2025,,2月,,,,,,,
377,八幡山,212,1,https://yamap.com/activities/37718049,1,,,大島,2025,,2月,,,,,,,
378,要害山,107,1,https://yamap.com/activities/37763384,1,,,松山市,2025,,2月,,,,,,,
379,高穴山,292,1,https://yamap.com/activities/37766140,1,,,松山市,2025,〇,2月,,,,,,,
380,高仙山,248,1,https://yamap.com/activities/37786427,1,,,今治市,2025,,2月,,,,,,,
381,霊仙山,156,1,https://yamap.com/activities/38070494,1,,,今治市,2025,,2月,,,,,,,
382,若いもん山,127,1,https://yamap.com/activities/38067461,1,,,今治市,2025,,2月,,,,,,,
383,無宗天山,313,1,https://yamap.com/activities/38067457,1,,,今治市,2025,,2月,,,,,,,
384,綱付山,519,1,https://yamap.com/activities/38146692,2,,,西条市,2025,〇,2月,,,,,,,
385,幻城上城,479,1,https://yamap.com/activities/38146692,1,,,西条市,2025,,2月,,,,,,,
386,幻城下城,245,1,https://yamap.com/activities/38147328,1,,,西条市,2025,,2月,,,,,,,
387,階上山,898,1,https://yamap.com/activities/38227665,2,,,伊予市,2025,,3月,,,,,,,
388,姫政山,277,1,https://yamap.com/activities/38362578,2,,,大島,2025,,3月,,,,,,,
389,館山,230,1,https://yamap.com/activities/38366596,1,〇,,大島,2025,,3月,,,,,,,
390,高森山,309,1,https://yamap.com/activities/38474523,1,,,内子町,2025,,3月,,,,,,,
391,大登山,364,1,https://yamap.com/activities/38475631,1,,,内子町,2025,,3月,,,,,,,
392,高山,149,1,https://yamap.com/activities/38537444,4,,,中島,2025,,3月,,,,,,,
393,泰ノ山,289,1,https://yamap.com/activities/38537444,4,,,中島,2025,,3月,,,,,,,
394,大里山,296,1,https://yamap.com/activities/38537444,4,,,中島,2025,,3月,,,,,,,★
395,北ヶ森,1010,1,https://yamap.com/activities/38638447,3,,,久万高原町,2025,,3月,,,,〇,,,
396,高土の峰,794,1,https://yamap.com/activities/38638447,3,,,砥部町,2025,,3月,,,,,,,
397,竜王山,460,1,https://yamap.com/activities/38765368,1,,,西予市,2025,,3月,,,,,,,
398,岳山,606,1,https://yamap.com/activities/38766891,2,,,大洲市,2025,,3月,,,,,,,
399,一ヶ森,597,1,https://yamap.com/activities/38767605,1,,,大洲市,2025,,3月,,,,,,,
400,愛の森,466,1,https://yamap.com/activities/38774804,3,,,大洲市,2025,,3月,,,,,,,
401,京の森,545,1,https://yamap.com/activities/38792934,1,,,大洲市,2025,,3月,,,,,,,
402,大迫山,559,1,https://yamap.com/activities/38792934,2,,,大洲市,2025,,3月,,,,,,,
403,船山,910,1,https://yamap.com/activities/38848795,2,,,久万高原町,2025,〇,4月,,,,,,,★
404,コクゾ峰,824,1,https://yamap.com/activities/38860677,1,,,砥部町,2025,〇,4月,,,,,,,★
405,加塚山,1065,1,https://yamap.com/activities/38951022,4,,,宇和島市,2025,〇,4月,,,,〇,,,
406,新谷神南山,654,1,https://yamap.com/activities/39003887,2,,,大洲市,2025,,4月,,〇,〇,,,,
407,五十崎神南山,710,1,https://yamap.com/activities/39003887,2,,,大洲市,2025,,4月,,,,,,,★
408,笠成山,713,1,https://yamap.com/activities/39123687,2,,,砥部町,2025,,4月,,,,,,,
409,小屋山,1344,1,https://yamap.com/activities/39224272,3,,,西予市,2025,〇,4月,,,,,,,
410,丸石山,1327,1,https://yamap.com/activities/39224272,4,,,久万高原町,2025,〇,4月,,,,〇,,,
411,野地峰,1279,1,https://yamap.com/activities/39474891,4,,,四国中央市,2025,〇,4月,,,,〇,,,★
412,黒岩山,1350,1,https://yamap.com/activities/39474891,4,,,四国中央市,2025,〇,4月,,,,〇,,,
413,大野山,1400,1,https://yamap.com/activities/39474891,4,,,四国中央市,2025,〇,4月,,,,,,,
414,水なし山,1406,1,https://yamap.com/activities/40865479,3,,,久万高原町,2025,〇,6月,,,,〇,,,
415,貝渚山,1422,1,https://yamap.com/activities/40865479,3,,,久万高原町,2025,〇,6月,,,,〇,,,
416,谷崎山,1203,1,https://yamap.com/activities/41230473,2,,,西条市,2025,〇,7月,,,,,,,
417,東黒森,1733,1,https://yamap.com/activities/41238305,2,,,西条市,2025,〇,7月,,,〇,〇,,,★
418,伊吹山,1503,1,https://yamap.com/activities/41245493,1,,,西条市,2025,〇,7月,,,,〇,,,
419,小牛城,1142,1,https://yamap.com/activities/42189398,1,,,久万高原町,2025,,8月,,,,〇,,,
420,正木ノ森,1365,1,https://yamap.com/activities/42208891,4,,,久万高原町,2025,〇,8月,,,,〇,,,
421,五段城,1455,1,https://yamap.com/activities/42192264,1,〇,,久万高原町,2025,,8月,五段高原,〇,〇,〇,,☆,
422,天狗ノ森,1485,1,https://yamap.com/activities/42186770,1,,,久万高原町,2025,,8月,,,,〇,★,☆,★
423,鶴ノ子ノ頭,1637,1,https://yamap.com/activities/42724560,4,,,久万高原町,2025,〇,9月,,,,〇,,,
424,千秋寺山,157,1,https://yamap.com/activities/15707049,1,,,松山市,2022,,2月,,,,,,,
425,黒川山,1365,1,https://yamap.com/activities/43020083,2,,,西条市,2025,〇,9月,,,,,,,
426,前社ヶ森,1592,1,https://yamap.com/activities/43020083,2,,,西条市,2025,〇,9月,,,〇,,,,
427,剣山,1627,1,https://yamap.com/activities/43020083,2,,,西条市,2025,〇,9月,,,〇,,,,
428,東光森山,1486,1,https://yamap.com/activities/43183268,3,,,新居浜市,2025,〇,9月,,,,〇,,,★
429,別子山,1374,1,https://yamap.com/activities/43183268,3,,,新居浜市,2025,〇,9月,,,,,,,
430,三ッ森山,1429,1,https://yamap.com/activities/43408268,3,,,新居浜市,2025,〇,10月,,,,〇,,,★
431,大座礼山,1587,1,https://yamap.com/activities/43408268,3,,,新居浜市,2025,〇,10月,,,,〇,,,
432,三つ足山,1452,1,https://yamap.com/activities/43510643,3,,,四国中央市,2025,〇,10月,,,,,,,
433,大森山,1433,1,https://yamap.com/activities/43510643,3,,,四国中央市,2025,〇,10月,,,,〇,,,★
434,佐々連尾山,1404,1,https://yamap.com/activities/43510643,3,,,四国中央市,2025,〇,10月,,〇,〇,〇,,☆,★
435,東ノ冠岳,"1,920",1,https://yamap.com/activities/18250101,4,,,久万高原町,2022,,7月,YAMAPにピーク登録なし；横を通過,,,〇,,,
436,大峰,358,1,https://yamap.com/activities/43811493,1,,,伊方町,2025,,10月,,,,,,,
437,堂堂山,403,1,https://yamap.com/activities/43812344,1,〇,,伊方町,2025,,10月,,,,,,,
438,堂所山,593,1,https://yamap.com/activities/43876718,1,,,西予市,2025,,10月,,,,,,,
439,天満山,1360,1,https://yamap.com/activities/20086190,2,,,新居浜市,2022,〇,10月,2025年に追加,,,,,,
440,霧立山,1096,1,https://yamap.com/activities/44806322,4,,,鬼北町,2025,〇,12月,,,,〇,,,
441,地蔵山,1126,1,https://yamap.com/activities/44806322,4,,,鬼北町,2025,〇,12月,,,,〇,,,
442,天道ヶ頭,510,1,https://yamap.com/activities/44894200,3,,,今治市,2025,〇,12月,,,,,,,
443,根太山,299,1,https://yamap.com/activities/44962132,3,,,大洲市,2025,,12月,,,,,,,
444,紅葉山,376,1,https://yamap.com/activities/44958594,3,,,大洲市,2025,,12月,,,,,,,
445,梁瀬山,372,1,https://yamap.com/activities/44958594,3,,,大洲市,2025,,12月,,,,,,,
446,池ノ城山,589,1,https://yamap.com/activities/45030933,3,,,内子町,2025,〇,12月,,,,,,,
447,峠ヶ森,202,1,https://yamap.com/activities/45357346,2,,,宇和島市,2026,〇,1月,,,,,,,
448,雨森山,302,1,https://yamap.com/activities/45349128,2,,,宇和島市,2026,〇,1月,,,,,,,
449,御在所山,668,1,https://yamap.com/activities/45404158,2,,,大洲市,2026,,1月,,〇,,,★,,★
450,高雄山,388,1,https://yamap.com/activities/45404867,1,,,西予市,2026,〇,1月,,,,,,,
451,陣が森岳,620,1,https://yamap.com/activities/45483289,2,,,伊予市,2026,,1月,,,,,,,
452,黒岩岳,698,1,https://yamap.com/activities/45477282,2,,,伊予市,2026,,1月,,,,,,,
453,大判山,798,1,https://yamap.com/activities/45624874,2,,,西予市,2026,〇,1月,,,〇,,,,★
454,竜王の峰,534,1,https://yamap.com/activities/45626465,1,,,西予市,2026,,1月,,,,,,,
455,船ヶ迫岳,631,1,https://yamap.com/activities/45768033,3,,,内子町,2026,,1月,,,,,,,
456,鎌倉山,681,1,https://yamap.com/activities/45768033,3,,,内子町,2026,,1月,,,,,,,
457,槇ノ山,439,1,https://yamap.com/activities/45848201,2,,,宇和島市,2026,,1月,,,,,,,
458,遠見山,322,1,https://yamap.com/activities/45854802,2,,,宇和島市,2026,,1月,,,,,,,
459,高森山,634,1,https://yamap.com/activities/45870080,1,,,西予市,2026,,1月,,,〇,,,☆,★
460,牛の峰,660,1,https://yamap.com/activities/45986574,2,,,大洲市,2026,,2月,,,,,,,
461,尻高峰,566,1,https://yamap.com/activities/45986574,2,,,大洲市,2026,,2月,,,,,,,
462,鞍掛山,629,1,https://yamap.com/activities/45998082,3,,,八幡浜市,2026,,2月,,,,,,,
463,大畑山,645,1,https://yamap.com/activities/46099070,2,,,八幡浜市,2026,,2月,,,,,,,
464,飯之山,320,1,https://yamap.com/activities/46108940,2,,,八幡浜市,2026,,2月,,,,,,,
465,権現山,364,1,https://yamap.com/activities/46132478,2,,,八幡浜市,2026,,2月,,,,,,,
466,大森山,729,1,https://yamap.com/activities/46298145,1,,,大洲市,2026,,2月,,,,,,,
467,高森山,819,1,https://yamap.com/activities/46325366,2,,,大洲市,2026,〇,2月,,,,,,,
468,町木山,982,1,https://yamap.com/activities/46325366,3,,,大洲市,2026,〇,2月,,,,,,,
469,寒台山,895,1,https://yamap.com/activities/46325366,3,,,内子町,2026,〇,2月,,,,,,,
470,鎧掛山,788,1,https://yamap.com/activities/46325366,3,,,大洲市,2026,〇,2月,,,,,,,
471,花見山,23,1,https://yamap.com/activities/46376333,1,,,松山市,2026,,2月,,,,,,,
472,剣ノ山,1105,1,https://yamap.com/activities/46501638,3,,,四国中央市,2026,〇,3月,高知県,,,〇,,,
473,三傍示山,1157,1,https://yamap.com/activities/46501638,3,,,四国中央市,2026,〇,3月,,,,〇,,,★
474,塩塚峰,1043,1,https://yamap.com/activities/46501638,1,〇,,四国中央市,2026,〇,3月,高知県,〇,〇,〇,★,☆,★
475,登議城山,655,1,https://yamap.com/activities/46529731,3,,,内子町,2026,〇,3月,,,,,,,
476,愛宕山,357,1,https://yamap.com/activities/46530379,1,〇,,内子町,2026,,3月,,,,,,,
477,笠松山東峰,327,1,https://yamap.com/activities/46554928,1,,,今治市,2026,,3月,,,,,,,
478,尻割山,980,1,https://yamap.com/activities/46568450,1,,,宇和島市,2026,〇,3月,,,〇,,,,
479,四本松,721,1,https://yamap.com/activities/46568450,1,,,宇和島市,2026,〇,3月,,,〇,,,,
480,権現山,952,1,https://yamap.com/activities/46572122,2,,,宇和島市,2026,〇,3月,,〇,〇,,,,★
481,呉石山,826,1,https://yamap.com/activities/46595142,1,,,四国中央市,2026,〇,3月,,,,,,,★
482,峰畑山,747,1,https://yamap.com/activities/46597643,2,,,四国中央市,2026,〇,3月,,,,,,,
483,白木山,624,1,https://yamap.com/activities/46605671,2,,,四国中央市,2026,〇,3月,,,,,,,
484,軽ノ山,171,1,https://yamap.com/activities/46667116,1,,,松山市,2026,,3月,,,,,,,
485,野津子山,144,1,https://yamap.com/activities/46667116,1,,,松山市,2026,,3月,,,,,,,
486,長山,939,1,https://yamap.com/activities/46749710,4,,,鬼北町,2026,〇,3月,,,,,,,
487,高研山,1055,1,https://yamap.com/activities/46761778,4,,,鬼北町,2026,〇,3月,,,,〇,,,★
488,大ノ森,1320,1,https://yamap.com/activities/46818948,4,,,久万高原町,2026,〇,3月,,,,〇,,,★
489,雨乞山,1213,1,https://yamap.com/activities/46899064,1,,,内子町,2026,〇,3月,,,,〇,,,
490,妙見森,1325,1,https://yamap.com/activities/46899064,4,,,内子町,2026,〇,3月,,,,〇,,,
491,笹峠山,954,1,https://yamap.com/activities/46907972,1,,,内子町,2026,,3月,,,,,,,
492,雨霧山,1245,1,https://yamap.com/activities/46921882,2,,,内子町,2026,〇,3月,,,,〇,,,
493,三郷の辻,931,1,https://yamap.com/activities/47330396,2,,,久万高原町,2026,〇,4月,,,,,,,
494,権現山,117,1,https://yamap.com/activities/47381696,1,,,松山市,2026,,4月,,,,,,,
495,雨乞山,499,1,https://yamap.com/activities/47548792,2,,,八幡浜市,2026,,4月,,,,,,,
496,鼻欠山,446,1,https://yamap.com/activities/47557807,2,,,大洲市,2026,〇,4月,,,,,,,
497,面木山,988,1,https://yamap.com/activities/47818000,3,,,西条市,2026,〇,4月,,,,,,,★
498,黒森,903,1,https://yamap.com/activities/47818000,3,,,西条市,2026,〇,4月,,,,,,,★
499,台ヶ森,1501,1,https://yamap.com/activities/47890352,2,,,西条市,2026,〇,5月,,,〇,〇,,,
500,丸山,1547,1,https://yamap.com/activities/48114780,2,,,西条市,2026,〇,5月,,,,,,,
501,大森山,1399,1,https://yamap.com/activities/48217851,3,,"33.782402, 133.153201",西条市,2026,〇,5月,,,,〇,,,
,うつむき山,535,,,,,"33.568889, 132.755111",内子町,,,,,,,,,,
,妙見山,535,,,,,"33.559167, 132.600056",大洲市,,,,,,,,,,
,鉢が森,552,,,,,"33.399236, 132.615513",西予市,,,,,,,,,,
,高山寺山,561,,,,,"33.522925, 132.510191",大洲市,,,,,,,,,,
,陣ヶ森,565,,,,,"33.590092, 132.709728",内子町,,,,,,,,,,
,牛ヶ首,584,,,,,"33.922090, 133.355140",新居浜市,,,,,,,,,,
,三石山,616,,,,,"33.568778, 132.856417",内子町,,,,,,,,,,
,感応寺山,688,,,,,"33.561222, 132.579639",大洲市,,,,,,,,,,
,水無権現,703,,,,,"33.612515, 132.721120",内子町,,,,,,,,,,
,秋葉山,722,,,,,"33.596611, 132.606278",大洲市,,,,,,,,,,
,黒山,729,,,,,"33.638972, 132.610639",内子町,,,,,,,,,,★
,大野山,800,,,,,"33.423639, 132.552972",西予市,,,,,,,,,,
,棟山,808,,,,,"33.622639, 132.603500",内子町,,,,,,,,,,
,星ヶ森,820,,,,,"33.835478, 133.107797",西条市,,,,YAMAPに登録なし,,,,,,★
,草屋敷,824,,,,,"33.606248, 132.614092",大洲市,,,,,,,,,,
,大熊山,856,,,,,"33.767056, 132.938056",東温市,,,,,,,,,,★
,笠松山,868,,,,,"33.694307, 132.895290",久万高原町,,,,YAMAPに登録なし,,,,,,★
,蒲山,873,,,,,"33.645583, 132.762750",砥部町,,,,,,,,,,
,牛ノ峯,895,,,,,"33.656753, 132.649133",内子町,,,,,〇,,,★,,★
,小森,932,,,,,"33.791278, 133.154833",西条市,,,,,,,,,,
,辻ヶ峰,957,,,,,"33.891811, 133.292249",新居浜市,,,,,,,,,,
,常住,984,,,,,"33.781833, 133.169194",西条市,,,,,,〇,,,,
,熊鷹山,1095,,,,,"33.910568, 133.401798",四国中央市,,,,,,,〇,,,
,櫛ヶ峰,1112,,,,,"33.867577, 133.222072",西条市,,,,,,,〇,,,
,大旗山,1184,,,,,"33.507467, 132.828131",西予市,,,,,,,〇,,,
,兵庫山,1303,,,,,"33.848010, 133.508270",四国中央市,,,,,,,〇,,,
,生之越,1310,,,,,"33.466177, 132.958796",久万高原町,,,,YAMAPに登録なし,,,〇,,,
,玉取山,1330,,,,,"33.863523, 133.526051",四国中央市,,,,,,,〇,,,
,三ヶ森,1377,,,,,"33.803672, 133.068120",西条市,,,,,〇,,〇,,,★
,扇山,1392,,,,,"33.824400, 133.214509",西条市,,,,,,,〇,,,