mountain_no,mountain_name,grounding_assisted_generation_status,grounding_match_status,summit_candidate_id,grounding_assisted_candidate_score,candidate_lat,candidate_lon,track_name
116,北三方ヶ森,grounding_coordinate_conflict,grounding_unavailable,summit-candidate:80368eea9aabeb96,0.5,33.9503258,132.8887705,北三方ヶ森
117,大友山,grounding_coordinate_conflict,grounding_unavailable,summit-candidate:2b56d4ad77a0c4b7,0.63,33.7484344,132.8072111,大友山
119,寒風山,grounding_coordinate_conflict,grounding_unavailable,summit-candidate:23eea13de5db5c9f,0.56,33.8116552,133.2616339,寒風山・笹ヶ峰・ちち山
120,ちち山,grounding_coordinate_conflict,grounding_unavailable,summit-candidate:453327d51d16e202,0.63,33.8318164,133.2841218,丸山・ちち山・笹ヶ峰
121,笹ヶ峰,grounding_coordinate_conflict,grounding_unavailable,summit-candidate:453327d51d16e202,0.63,33.8318164,133.2841218,丸山・ちち山・笹ヶ峰
122,松軒山,grounding_coordinate_conflict,grounding_unavailable,summit-candidate:51a919059b1a6dbb,0.28,33.0306132,132.399974,由良山
123,三山,grounding_coordinate_conflict,grounding_unavailable,summit-candidate:35b464661fa62df9,0.56,34.2803533,133.2279632,三山
126,石灰山,grounding_coordinate_conflict,grounding_unavailable,summit-candidate:4d0f5f75da9165b8,0.38,34.2665635,133.2120741,石灰山・古法皇山
128,狩江権現山,grounding_coordinate_conflict,grounding_unavailable,summit-candidate:32bb5e7e1071e808,0.37,32.9252175,132.4855806,権現山
129,極山,grounding_coordinate_conflict,grounding_unavailable,summit-candidate:ef5127a689eaf48a,0.63,33.3425963,132.4607227,極山
132,鏡山,grounding_coordinate_conflict,grounding_unavailable,summit-candidate:588c967023117267,0.5,34.2634531,132.9718171,鏡山
134,雄甲山,grounding_coordinate_conflict,grounding_unavailable,summit-candidate:82d3009a6c1b2511,0.57,33.9465786,132.799306,雄甲山・雌甲山
135,雌甲山,grounding_coordinate_conflict,grounding_unavailable,summit-candidate:82d3009a6c1b2511,0.57,33.9465786,132.799306,雄甲山・雌甲山
136,泉ガ森,grounding_coordinate_conflict,grounding_unavailable,summit-candidate:ff0e7de3b62f5ed8,0.56,33.2597751,132.6071981,泉ガ森
137,東山,grounding_coordinate_conflict,grounding_unavailable,summit-candidate:124ae25a51aa9a64,0.38,33.7589522,133.0444754,割石東山・青滝山・堂ヶ森
140,高戸山,grounding_coordinate_conflict,grounding_unavailable,summit-candidate:aadeb26cf0359691,0.56,33.9054103,132.6682142,高戸山
141,犬吠山,grounding_coordinate_conflict,grounding_unavailable,summit-candidate:cc3fbb2358d0d4fc,0.56,33.9183794,132.6903824,犬吠山
142,泰の山,grounding_coordinate_conflict,grounding_unavailable,summit-candidate:c7de309bf838af87,0.56,33.9108676,132.6865172,泰の山
147,大丸山,grounding_coordinate_conflict,grounding_unavailable,summit-candidate:a9a2a270fb6273fe,0.57,33.8724674,132.7108146,西港山・大丸山・港山
148,港山,grounding_coordinate_conflict,grounding_unavailable,summit-candidate:5f001ac124f82ef6,0.63,33.8685926,132.7153244,西港山・大丸山・港山
149,すくも山,grounding_coordinate_conflict,grounding_unavailable,summit-candidate:40d5b4863907057a,0.21,33.3437391,132.0161535,佐田岬と伽藍山
150,愛ノ山,grounding_coordinate_conflict,grounding_unavailable,summit-candidate:f676e5a22f523492,0.57,33.8924606,133.0391092,愛ノ山
152,割石峠山,grounding_coordinate_conflict,grounding_unavailable,summit-candidate:45f2c6fc88212acd,0.57,33.7504959,132.9904187,割石峠山・石墨山・法師山・白猪山・根無山・樽谷山・梅ヶ谷山
153,石墨山,grounding_coordinate_conflict,grounding_unavailable,summit-candidate:9f01494435790d72,0.5,33.7341084,132.9846838,割石峠山・石墨山・法師山・白猪山・根無山・樽谷山・梅ヶ谷山
154,法師山,grounding_coordinate_conflict,grounding_unavailable,summit-candidate:25e47e34740282d2,0.63,33.7336817,132.9534746,割石峠山・石墨山・法師山・白猪山・根無山・樽谷山・梅ヶ谷山
155,白猪山,grounding_coordinate_conflict,grounding_unavailable,summit-candidate:5cb1fa3d9dcf60f5,0.51,33.7477413,132.9624107,割石峠山・石墨山・法師山・白猪山・根無山・樽谷山・梅ヶ谷山
156,梅ヶ谷山,grounding_coordinate_conflict,grounding_unavailable,summit-candidate:25e47e34740282d2,0.63,33.7336817,132.9534746,割石峠山・石墨山・法師山・白猪山・根無山・樽谷山・梅ヶ谷山
157,樽谷山,grounding_coordinate_conflict,grounding_unavailable,summit-candidate:16e9de2bedeb2d1c,0.63,33.7433387,132.9562696,割石峠山・石墨山・法師山・白猪山・根無山・樽谷山・梅ヶ谷山
158,根無山,grounding_coordinate_conflict,grounding_unavailable,summit-candidate:5cb1fa3d9dcf60f5,0.63,33.7477413,132.9624107,割石峠山・石墨山・法師山・白猪山・根無山・樽谷山・梅ヶ谷山
159,権現山,grounding_coordinate_conflict,grounding_unavailable,summit-candidate:cf97b8470d2ed1d7,0.63,33.8793374,133.3915368,権現山・黒岳・エビラ山・二ッ岳
160,黒岳,grounding_coordinate_conflict,grounding_unavailable,summit-candidate:ffa6a88e4e680fd5,0.63,33.8869696,133.4012543,権現山・黒岳・エビラ山・二ッ岳
161,エビラ山,grounding_coordinate_conflict,grounding_unavailable,summit-candidate:09547fd48f24d064,0.63,33.8858865,133.4078131,権現山・黒岳・エビラ山・二ッ岳
162,二ッ岳,grounding_coordinate_conflict,grounding_unavailable,summit-candidate:09547fd48f24d064,0.57,33.8858865,133.4078131,権現山・黒岳・エビラ山・二ッ岳
164,出石山,grounding_coordinate_conflict,grounding_unavailable,summit-candidate:615a70cf4401199b,0.57,33.5350475,132.4654448,出石山
165,綱繰山,grounding_coordinate_conflict,grounding_unavailable,summit-candidate:53d0e375c60814f6,0.63,33.8537021,133.3199199,銅山峰・西山・綱繰山・獅子舞の鼻・冠山・平家平
166,獅子舞の鼻,grounding_coordinate_conflict,grounding_unavailable,summit-candidate:53d0e375c60814f6,0.57,33.8537021,133.3199199,銅山峰・西山・綱繰山・獅子舞の鼻・冠山・平家平
167,冠山,grounding_coordinate_conflict,grounding_unavailable,summit-candidate:006436491de34784,0.63,33.8159575,133.3107033,銅山峰・西山・綱繰山・獅子舞の鼻・冠山・平家平
168,遠ヶ森,grounding_coordinate_conflict,grounding_unavailable,summit-candidate:02fa4cfab6fa90d3,0.63,33.7134297,132.824108,遠ヶ森
