summit_candidate_id,matched
dense-summit-candidate:40e0afa89c8d14db,false
dense-summit-candidate:20fadb1346bc1f68,false
dense-summit-candidate:f85f2ee54d7a446d,false
dense-summit-candidate:12250e72b5bc7e19,false
dense-summit-candidate:8000b3adcc5e3ae0,false
dense-summit-candidate:d48d1896dbee0c26,false
dense-summit-candidate:ac9d02c8982e6a96,false
dense-summit-candidate:6b4fcb2d26f636ee,false
dense-summit-candidate:03850810051c5a27,false
dense-summit-candidate:347e14d29f34c6fb,true
dense-summit-candidate:bf94a344651d0ace,false
dense-summit-candidate:a65c1901133152eb,false
dense-summit-candidate:1b70c4b93eb9785f,false
dense-summit-candidate:65ec8e1554134595,false
dense-summit-candidate:8851f36ebd1b034d,false
dense-summit-candidate:a0679d86e565a036,false
dense-summit-candidate:6594fc34034a98ec,false
dense-summit-candidate:fe2d295ca074a6a9,false
dense-summit-candidate:946c658f3a3de8ae,false
dense-summit-candidate:2744aa23cc0852f1,false
dense-summit-candidate:4553589acf695479,false
dense-summit-candidate:5ee2002ca0742bdb,false
dense-summit-candidate:03571a6ba0a8b9f1,false
dense-summit-candidate:8c63b308018e7826,false
dense-summit-candidate:7403dae1269ed8aa,false
dense-summit-candidate:983e11a71cc03993,false
dense-summit-candidate:ad265b5d145f1cfe,false
dense-summit-candidate:b6e5860c75daab07,false
dense-summit-candidate:4380abdefb857126,false
dense-summit-candidate:245c966a7ed48b96,false
dense-summit-candidate:8fd22134e9de145c,false
dense-summit-candidate:8b3879403150e37c,false
dense-summit-candidate:6703d8e20853d4e7,false
dense-summit-candidate:db66fa795e499d2c,false
dense-summit-candidate:de99094b5c34f8d8,false
dense-summit-candidate:617b1c8096cc7d8d,false
dense-summit-candidate:6a1a3786231d63c5,false
dense-summit-candidate:794d3bda48760a26,false
dense-summit-candidate:f859189f9202fed3,false
dense-summit-candidate:00e579d659f54dce,false
dense-summit-candidate:1583dc7a06ce32ff,false
dense-summit-candidate:e37736674b0866ff,false
dense-summit-candidate:33b046d586ca7efe,false
dense-summit-candidate:987754f0bb50a5ae,false
dense-summit-candidate:f9d60ca31ad26b44,false
dense-summit-candidate:9d5ed293f529e838,false
dense-summit-candidate:c43a548c5adf4484,false
dense-summit-candidate:0a0a320d4cda3265,false
dense-summit-candidate:4509c39452577cc6,false
dense-summit-candidate:1c4a1a4a35212d17,false
dense-summit-candidate:e03899e10ae61d94,false
dense-summit-candidate:d5947ce4dac8826a,false
dense-summit-candidate:68e23eda829cdb13,false
dense-summit-candidate:7706871dd6109a4d,false
dense-summit-candidate:ce4e3f989f331bbf,false
dense-summit-candidate:1c4ecf7a7a3cab3f,false
dense-summit-candidate:b64da06d75bd0b28,false
dense-summit-candidate:be584be4f50c7ff6,false
dense-summit-candidate:2d3c066645576158,false
dense-summit-candidate:8f1ca5dc06926e67,false
dense-summit-candidate:632d4db1cab8af7f,false
dense-summit-candidate:106ae5735d14b877,false
dense-summit-candidate:569cb3fbb9709be5,false
dense-summit-candidate:b1dcea14aae59396,false
dense-summit-candidate:a14d4723f641fd9e,false
dense-summit-candidate:be14049f0f6f0516,false
dense-summit-candidate:96094996f57db6c2,false
dense-summit-candidate:a8ab4f7f2f9ea837,false
dense-summit-candidate:0b6fec626b10e298,false
dense-summit-candidate:db2053c56b948f1e,false
dense-summit-candidate:8d5a237dcf2ac77b,false
dense-summit-candidate:1ab94afbfde431be,false
dense-summit-candidate:be2e9d357ca6f418,false
dense-summit-candidate:81edcfd2e260e68f,false
dense-summit-candidate:4abe56f11efbf9cc,false
dense-summit-candidate:c52b14d62351fbe7,false
dense-summit-candidate:06bd9f54f50c8c3e,false
dense-summit-candidate:42e9b49a672de5c4,false
dense-summit-candidate:b150c1b772998ca2,false
dense-summit-candidate:c64ece5edfbe4949,false
dense-summit-candidate:e52829371917aeb8,false
dense-summit-candidate:1243b41225d9e7a4,false
dense-summit-candidate:d55c99f79711056e,false
dense-summit-candidate:d41dbdb4ae4f6824,false
dense-summit-candidate:c7e76d6fd9c670e7,false
dense-summit-candidate:2ff7eda396c3153c,false
dense-summit-candidate:6a3ad1c58b2578e1,false
dense-summit-candidate:8ced491179931b78,false
dense-summit-candidate:bc09bcb281aa5b2b,false
dense-summit-candidate:55de18e5dfd0eadd,false
dense-summit-candidate:d973e4ec6c976da3,false
dense-summit-candidate:9a104618b5ec5b55,false
dense-summit-candidate:49717230a35a6973,false
dense-summit-candidate:8b96ecba762fc47e,false
dense-summit-candidate:43b0db0ab13a81ce,false
dense-summit-candidate:4a8bdafc24614711,false
dense-summit-candidate:b3ade3b34e3b0c6d,false
dense-summit-candidate:375e965b35a44b5c,false
dense-summit-candidate:e831eda9839fb4c1,false
dense-summit-candidate:cdea10db2aabdf89,false
dense-summit-candidate:dd9d003bbeef25b8,false
dense-summit-candidate:f25d118b31625ee5,false
dense-summit-candidate:56bd88f318c5bb68,false
dense-summit-candidate:f3e9aa01e61e61e3,false
dense-summit-candidate:ee5d04adb6ad7a32,false
dense-summit-candidate:6286f7438cede797,false
dense-summit-candidate:1dfe497435a3b761,false
dense-summit-candidate:0dd303a788e92651,false
dense-summit-candidate:06fa14190abbee71,false
dense-summit-candidate:fa9b0838bd211be2,false
dense-summit-candidate:6ee316b80e8ce259,false
dense-summit-candidate:3101500e9f6ab4a5,false
dense-summit-candidate:ca36f44015a38167,false
dense-summit-candidate:66017a8864310337,false
dense-summit-candidate:f550c3a4c4efb7c5,false
dense-summit-candidate:995fd6c63f8398a3,false
dense-summit-candidate:910f456252a086d2,false
dense-summit-candidate:0abf6841d9083040,false
dense-summit-candidate:123906a29853fca3,false
dense-summit-candidate:2354e0521f50e977,false
dense-summit-candidate:b22a32e64180bc16,false
dense-summit-candidate:6d5162917b53848c,false
dense-summit-candidate:50a2de1500b0d0c5,false
dense-summit-candidate:6971e53cd2006429,false
dense-summit-candidate:797156490e1a594a,false
dense-summit-candidate:96b762412922565f,false
dense-summit-candidate:dc9db82c9fa21e93,false
dense-summit-candidate:8ba6a2524b5149a7,false
dense-summit-candidate:4d8fffa2341f0c0e,false
dense-summit-candidate:14a07fcd633eb5c8,false
dense-summit-candidate:bc20a44e67dd37e8,false
dense-summit-candidate:0fae5e59c69f8782,false
dense-summit-candidate:c81245d18b61b22e,false
dense-summit-candidate:f40e6654c6ef2c71,false
dense-summit-candidate:ab104f79a2f1870b,false
dense-summit-candidate:9e1dfd8dfdcc330e,false
dense-summit-candidate:97f297eb493a5e32,false
dense-summit-candidate:9c9a99774f1d846c,false
dense-summit-candidate:596b94cbcb40c349,false
dense-summit-candidate:0de33621570a6c45,false
dense-summit-candidate:05618f1cdefd0581,false
dense-summit-candidate:74f6a3996d2c150a,false
dense-summit-candidate:b233542942dcfa0f,false
dense-summit-candidate:d004085a25aac6fb,false
dense-summit-candidate:6ae0279baeb21ee3,false
dense-summit-candidate:495ebc7622955dda,false
dense-summit-candidate:0c41f85f7f1e153b,false
dense-summit-candidate:5470d980e1f68e1f,false
dense-summit-candidate:496dbff3ff677302,true
dense-summit-candidate:dee3a9bdaf7f3209,false
dense-summit-candidate:a01e0cbaa5654935,false
dense-summit-candidate:8eff88182438a95d,false
dense-summit-candidate:191feb0ee7569e1a,false
dense-summit-candidate:304afb8bd799c0d5,false
dense-summit-candidate:9381c993d9bccbe6,false
dense-summit-candidate:95ab57a4408cadb3,false
dense-summit-candidate:8c445c19a99990b4,false
dense-summit-candidate:6694d3281f13d4c0,false
dense-summit-candidate:fccc1fbe48aafc33,false
dense-summit-candidate:53ea48be61b889ea,false
dense-summit-candidate:0a5aa06b3036c67f,false
dense-summit-candidate:cf4eea9abeac497d,false
dense-summit-candidate:2f6092af6e1dd378,false
dense-summit-candidate:d78f5fae0f872bd0,false
dense-summit-candidate:196b84ebef8f1572,false
dense-summit-candidate:583a8813566cbc12,false
dense-summit-candidate:b099857fe77749b4,false
dense-summit-candidate:d2f1bd634ce25218,false
dense-summit-candidate:be640d4acfdeb3af,false
dense-summit-candidate:7c4a5f6e7d0c441b,false
dense-summit-candidate:63125a87c45c2e26,false
dense-summit-candidate:12086e6a2f8dd73a,false
dense-summit-candidate:430551d7cd005006,false
dense-summit-candidate:a8e1ac4220a03b9c,false
dense-summit-candidate:730af479042c727d,false
dense-summit-candidate:a66c3e045598f5be,false
dense-summit-candidate:082266f36e37d5fa,false
dense-summit-candidate:59666314e3636f93,false
dense-summit-candidate:d00719af03537e8e,false
dense-summit-candidate:17680faabd4525c5,false
dense-summit-candidate:53d52616194b8406,false
dense-summit-candidate:d1b3c546764b0e16,false
dense-summit-candidate:b95e562247ed92ee,false
dense-summit-candidate:955ad94f0bbdc064,false
dense-summit-candidate:f2ee80143cf059eb,true
dense-summit-candidate:99b1eecc04cd43f9,false
dense-summit-candidate:e9b64760c9b3f527,false
dense-summit-candidate:c0bfbf69572c44ce,false
dense-summit-candidate:70127d7298c1186b,false
dense-summit-candidate:7f715c3cb8610aec,false
dense-summit-candidate:7202006589124644,false
dense-summit-candidate:db5cbd0d80e4d523,false
dense-summit-candidate:95e445e743e0adaa,false
dense-summit-candidate:119c7deb5f93fef7,false
dense-summit-candidate:288272330a97f1b5,false
dense-summit-candidate:5f32d5d958fd5a84,false
dense-summit-candidate:3a5dd7f25a366c2b,false
dense-summit-candidate:61989af2453c8544,false
dense-summit-candidate:b3cd64e5602fa11e,false
dense-summit-candidate:f876357ae1bbb808,false
dense-summit-candidate:7387b3e587e6f514,false
dense-summit-candidate:ff54a91a06e2430a,false
dense-summit-candidate:6fb50611be3c7a08,false
dense-summit-candidate:06be3fb7d879f4a3,false
dense-summit-candidate:3013a6679ea28246,false
dense-summit-candidate:8167ef81eff094e4,false
dense-summit-candidate:6545324a7409e3c3,false
dense-summit-candidate:81105a769a68375e,false
dense-summit-candidate:1b6c62936851f23a,false
dense-summit-candidate:45c8b1476c05b5cc,false
dense-summit-candidate:216c6105a6007f37,false
dense-summit-candidate:f7e2d3c652c989d0,false
dense-summit-candidate:b4c8720a5e15b85b,false
dense-summit-candidate:07e373170bbce1ae,false
dense-summit-candidate:104871ea159947cc,false
dense-summit-candidate:b735f2980da5bcf3,false
dense-summit-candidate:2d1bf20c02f43dcb,false
dense-summit-candidate:075e2dcd1d5bff1c,false
dense-summit-candidate:a6f51c418c2070ca,false
dense-summit-candidate:e7707aca0dc7a3e8,false
dense-summit-candidate:df933a0f03916599,false
dense-summit-candidate:18b1b80db7f65e11,false
dense-summit-candidate:93f509ca86fc01cb,false
dense-summit-candidate:4ad64815e8bc1774,false
dense-summit-candidate:24f410209cd196e3,false
dense-summit-candidate:c75443e1b613b641,false
dense-summit-candidate:c003d78cf8ccfbd9,false
dense-summit-candidate:85f28734254bb3d4,false
dense-summit-candidate:81bff4e182335699,false
dense-summit-candidate:f1187bb5401dcbf1,false
dense-summit-candidate:7fc6bc74f8e4a034,false
dense-summit-candidate:fca49584bb3141dc,false
dense-summit-candidate:5a6303c0fc7d0042,false
dense-summit-candidate:9a05045edd1e0724,false
dense-summit-candidate:cc6639152c6c36a0,false
dense-summit-candidate:7281f30a14de7827,false
dense-summit-candidate:66fb34b4cf62af83,false
dense-summit-candidate:08e2c3d6edee7c44,false
dense-summit-candidate:1aa401f26f652cd3,false
dense-summit-candidate:13e0e38e81e4154a,false
dense-summit-candidate:8a6e18485a24db3e,false
dense-summit-candidate:c4e7cc482281172e,false
dense-summit-candidate:73e31ec5110ecc76,false
dense-summit-candidate:6b10575319201101,false
dense-summit-candidate:1a97daf2f814d3da,false
dense-summit-candidate:e672e1ff756815c5,false
dense-summit-candidate:356c5000c298ab23,false
dense-summit-candidate:ffdcb922d5133049,false
dense-summit-candidate:78bf9abba0ad1c91,false
dense-summit-candidate:e1696c523f54fd14,false
dense-summit-candidate:67c8e86798caffd8,false
dense-summit-candidate:4d27d41edcad8a85,false
dense-summit-candidate:a200996336e28c44,false
dense-summit-candidate:4042d2d32e69c423,false
dense-summit-candidate:6b04fce9215dab87,false
dense-summit-candidate:9d04c89b98e17e0c,false
dense-summit-candidate:f986713433681029,true
dense-summit-candidate:be42a8dee3c948e7,false
dense-summit-candidate:033d36c5eccc3aea,false
dense-summit-candidate:5c991f695036a215,false
dense-summit-candidate:59c726f104fe246b,false
dense-summit-candidate:39dcb52a36e747b2,false
dense-summit-candidate:df626c486b6bf7d6,false
dense-summit-candidate:cb16be6caf6f229f,false
dense-summit-candidate:8d145438b0aaaf74,false
dense-summit-candidate:5a0c1fc486a13dfd,false
dense-summit-candidate:034e0040678b23db,false
dense-summit-candidate:8d1f32ae5373e5c6,false
dense-summit-candidate:4c68eaf8bad1dc67,false
dense-summit-candidate:76f6485d4843c1e3,false
dense-summit-candidate:7ddf566184e4b4d7,false
dense-summit-candidate:f4e6240ef5fe73a3,false
dense-summit-candidate:1fdbacc24055e9ed,false
dense-summit-candidate:935a59015a454ad1,false
dense-summit-candidate:715a6e62b060fa48,false
dense-summit-candidate:3150848479b3fab6,false
dense-summit-candidate:8e9a9b46a359c25f,false
dense-summit-candidate:44b5bc0ffb3d8080,false
dense-summit-candidate:1b967834f11a03ec,false
dense-summit-candidate:b51ed78f6f61e370,false
dense-summit-candidate:0deeb61e416dc0ee,false
dense-summit-candidate:c17c3e098147cb75,false
dense-summit-candidate:cca3ade4c708893a,true
dense-summit-candidate:727bd73d7b762b55,false
dense-summit-candidate:62a7b39c285f4b6a,false
dense-summit-candidate:6826734c631b0b97,false
dense-summit-candidate:3b7b5c3ffc96724d,false
dense-summit-candidate:236821e683ffb482,false
dense-summit-candidate:9513c19bfd014379,false
dense-summit-candidate:cc525ab5eda217d2,false
dense-summit-candidate:addb819ae2968019,false
dense-summit-candidate:38f98c1af106353c,false
dense-summit-candidate:d445916664375948,false
dense-summit-candidate:e6c15b79648aefc5,false
dense-summit-candidate:8cb11fa8f4411900,false
dense-summit-candidate:bbed343b83f487d8,false
dense-summit-candidate:60d533b2de6d2694,false
dense-summit-candidate:7521c1fc9967fc71,false
dense-summit-candidate:61377890b9a6ed65,false
dense-summit-candidate:88043f313ab12a65,false
dense-summit-candidate:5670a9aef0b15f3a,false
dense-summit-candidate:e913669ab5261d36,false
dense-summit-candidate:49decd9ab9690ddc,false
dense-summit-candidate:6cf38e4adf41ca1c,false
dense-summit-candidate:f0cfcb5f4a6ff0ff,false
dense-summit-candidate:877e195bd5ac5ed4,false
dense-summit-candidate:1e543caf9453db42,false
dense-summit-candidate:b813d8cdb3431a77,false
dense-summit-candidate:371bb24a546e398e,false
dense-summit-candidate:ad79780092a86614,false
dense-summit-candidate:34f9bf2bff722b42,false
dense-summit-candidate:99cdd6543356d68e,false
dense-summit-candidate:437d222c30fd95fd,false
dense-summit-candidate:8361671671a1909c,false
dense-summit-candidate:45474760bfb56e66,false
dense-summit-candidate:f505d9a5dd39e01a,false
dense-summit-candidate:2929077cd3750999,false
dense-summit-candidate:89269b8eb0bf7086,false
dense-summit-candidate:866809690c47e411,false
dense-summit-candidate:e20009861f7a4102,false
dense-summit-candidate:fc2f77d5ff4251fd,false
dense-summit-candidate:4669494bef5b30a7,false
dense-summit-candidate:ebee83d5c7b9b593,false
dense-summit-candidate:9ced1d6a4ce890b7,false
dense-summit-candidate:cd22ce91737c9041,false
dense-summit-candidate:33b4cf3bca97897c,false
dense-summit-candidate:6aa83f7d8825c7c0,false
dense-summit-candidate:dc7364c1b744f8a2,false
dense-summit-candidate:d7a7ead7e84de756,false
dense-summit-candidate:b75cab14eab84cb6,false
dense-summit-candidate:cbf8ae0d488f158e,false
dense-summit-candidate:7404152af80fcba1,false
dense-summit-candidate:26470c9f25a6725e,false
dense-summit-candidate:24c61d10d8579157,true
dense-summit-candidate:b5db41945f579366,false
dense-summit-candidate:82ac6b169a237e34,false
dense-summit-candidate:9ab2fa081dec6084,false
dense-summit-candidate:0200db0182c88eed,false
dense-summit-candidate:7ffcef77d6fab54a,false
dense-summit-candidate:a4f0338901b09318,false
dense-summit-candidate:a9e6962a3299c3eb,false
dense-summit-candidate:b23b1dcaadd5f690,false
dense-summit-candidate:dcd4d80ef76fff04,false
dense-summit-candidate:8c00d7fed4613e8b,false
dense-summit-candidate:3052086b9fd5a44a,false
dense-summit-candidate:21e1cbc27440e235,false
dense-summit-candidate:336746cdccc7dfb5,false
dense-summit-candidate:43fa885e99f9a0e9,false
dense-summit-candidate:a3760f925bb895d3,false
dense-summit-candidate:7e096eb98de180cb,false
dense-summit-candidate:6d8c99cf5cf13e6e,false
dense-summit-candidate:99a3fe04d2d860b4,false
dense-summit-candidate:7b030dc9c06df79a,false
dense-summit-candidate:9ecb8197373aacb9,false
dense-summit-candidate:1a27de458090ab86,false
dense-summit-candidate:b2c778db7dc1a4c0,false
dense-summit-candidate:43388b2db5a11987,false
dense-summit-candidate:e78104f2093951ed,false
dense-summit-candidate:fa0192d03b527de0,false
dense-summit-candidate:b013aad3a62e50f1,false
dense-summit-candidate:a1111b62e1ec4cf7,false
dense-summit-candidate:e453af5881e37fff,false
dense-summit-candidate:09209eb385268ee7,false
dense-summit-candidate:a38b6009fdc51724,false
dense-summit-candidate:c0a2105b0af039e2,false
dense-summit-candidate:9b1259f6fea36ed4,false
dense-summit-candidate:316a6a9d2b8115bd,false
dense-summit-candidate:7dff2d1924dfb3cd,false
dense-summit-candidate:3cf6b02588b59dea,false
dense-summit-candidate:9d93036547d1366d,false
dense-summit-candidate:e613724af400aff1,false
dense-summit-candidate:437472bfd1b44c3b,false
dense-summit-candidate:6f26b4c2642326ff,false
dense-summit-candidate:6d28d871e8e19645,false
dense-summit-candidate:3af994a9ae4cbb2e,false
dense-summit-candidate:2a6181ef4319fa0f,false
dense-summit-candidate:68e33fcbce85f510,false
dense-summit-candidate:6c2669a170752e1f,false
dense-summit-candidate:37cb823a5f627599,false
dense-summit-candidate:b24fe474fe25f08b,false
dense-summit-candidate:dce9eed7da243409,false
dense-summit-candidate:55d0266a24e59bad,false
dense-summit-candidate:920e36b7c7009be8,false
dense-summit-candidate:a9f456e77a7c5da1,false
dense-summit-candidate:3f9642c6d7de1d84,false
dense-summit-candidate:9a2455a414132ccc,false
dense-summit-candidate:ab402c07f216900a,false
dense-summit-candidate:434a1314df653eac,false
dense-summit-candidate:4eb12e3b6d7e625f,false
dense-summit-candidate:12dca00ae006e5c7,false
dense-summit-candidate:d2d14419bc77b8d3,false
dense-summit-candidate:5ca092b261c43292,false
dense-summit-candidate:e66165abb68e5b63,false
dense-summit-candidate:4508c7843f2137e7,false
dense-summit-candidate:77d00be7691577bf,false
dense-summit-candidate:9b482c9aff3eef19,false
dense-summit-candidate:477796a6ed4fddb4,false
dense-summit-candidate:94048b0001a44c07,false
dense-summit-candidate:a07846496d840a96,false
dense-summit-candidate:69d0c264335bf5f0,false
dense-summit-candidate:979ceff6ac736b05,false
dense-summit-candidate:9a614d9dcb55f896,false
dense-summit-candidate:b66e2834f98a0827,false
dense-summit-candidate:e1fc5f56572ae8cf,false
dense-summit-candidate:07d10b4e1103f543,false
dense-summit-candidate:c5adc35153d97241,false
dense-summit-candidate:53cf48681c7b003e,false
dense-summit-candidate:8779a2a7a3882b43,false
dense-summit-candidate:02712f6e666d6da7,false
dense-summit-candidate:2c150eb2d0ec697c,false
dense-summit-candidate:c53a664e9b57e83f,false
dense-summit-candidate:9f7bd1512065607b,false
dense-summit-candidate:9e01e20bb9214775,false
dense-summit-candidate:1ccca7efeb9a873e,false
dense-summit-candidate:a0eb948a6a83148a,false
dense-summit-candidate:77da9bd22c685978,false
dense-summit-candidate:21097df7245c019a,false
dense-summit-candidate:ec7b164e0e823111,false
dense-summit-candidate:3212ec535ed98604,false
dense-summit-candidate:6d022da45e568051,false
dense-summit-candidate:f07e2d31a534f443,false
dense-summit-candidate:4aa40fd238ae1736,false
dense-summit-candidate:37d2be5eb36db152,false
dense-summit-candidate:a00d9783a1883687,false
dense-summit-candidate:c30347791d9fe81d,false
dense-summit-candidate:aa1eeff8b01697f3,false
dense-summit-candidate:4ebb8b5957eaa8b7,false
dense-summit-candidate:a7f76d5d7b6671aa,false
dense-summit-candidate:efc691350019d6fd,false
dense-summit-candidate:8b5f456b467a5f83,false
dense-summit-candidate:84410288a53a37d1,false
dense-summit-candidate:6dd85aa39bd79902,false
dense-summit-candidate:03c01728bcfe45b3,false
dense-summit-candidate:b328a9b4df2ac1d6,false
dense-summit-candidate:48a776634de4cfb5,false
dense-summit-candidate:d0d3cfe671b4facd,false
dense-summit-candidate:7d34690858a06e8c,false
dense-summit-candidate:dd49999f7122e15e,false
dense-summit-candidate:3a57511a5bc9a77e,false
dense-summit-candidate:bcafcbfa364f7d4e,false
dense-summit-candidate:072ed7ca559146b0,false
dense-summit-candidate:8bd737cccfc80bd9,false
dense-summit-candidate:3086b1ad4a703f01,false
dense-summit-candidate:4611b6dc56a4802b,false
dense-summit-candidate:8252226676ea000b,false
dense-summit-candidate:ee883f091c1ef2fc,false
dense-summit-candidate:12646999ed1233e5,false
dense-summit-candidate:2a1ce1132da2c6ee,false
dense-summit-candidate:c0f37c85eeb01f91,false
dense-summit-candidate:3ed00b8b0e0ccc8f,false
dense-summit-candidate:127dbf44ec373d0d,false
dense-summit-candidate:740fa053450808c8,false
dense-summit-candidate:396f05bc46ec5af1,false
dense-summit-candidate:824dba3d511f80f9,false
dense-summit-candidate:72d9e34106e3b7df,false
dense-summit-candidate:cdfa31f67f17aa1c,false
dense-summit-candidate:aa8838e2f8885ac1,false
dense-summit-candidate:6fee0a52f5e437a4,false
dense-summit-candidate:ee18356c90c7b02d,false
dense-summit-candidate:729cb64ff08daefa,false
dense-summit-candidate:c531e3d21ae0aa52,false
dense-summit-candidate:e07f956222ec531e,false
dense-summit-candidate:e81c3c5ddfd4d23c,false
dense-summit-candidate:0dc0156278bd589f,false
dense-summit-candidate:ec6336f92d65f10d,false
dense-summit-candidate:e2ad991ffef0960c,false
dense-summit-candidate:79704ce93d68f980,false
dense-summit-candidate:2ec5482e3f3fd0c0,false
dense-summit-candidate:b87e60d8ae9e9c34,false
dense-summit-candidate:17b363efca7be210,false
dense-summit-candidate:98539134e5b86cb9,false
dense-summit-candidate:8e297d5315e1dc18,false
dense-summit-candidate:b070639944f873e6,false
dense-summit-candidate:d13875841cd2a74d,false
dense-summit-candidate:dd8a0304f65d8b65,false
dense-summit-candidate:73568dbb2231391a,false
dense-summit-candidate:0bf96bd741a23880,false
dense-summit-candidate:2e850ad50b06b78e,false
dense-summit-candidate:24fcde6739599f8c,false
dense-summit-candidate:4b283cdef2ef43e0,false
dense-summit-candidate:70a197f671781f0e,false
dense-summit-candidate:b64294b87e98bd97,false
dense-summit-candidate:3853eaf669dd4f0f,false
dense-summit-candidate:4f459f81a7118155,false
dense-summit-candidate:89eb1036afb50090,false
dense-summit-candidate:6aec374b2116e70e,false
dense-summit-candidate:7a02fb7a8f3d3009,false
dense-summit-candidate:d2116ee9e086353b,false
dense-summit-candidate:0dd7cbaf1a7db736,false
dense-summit-candidate:2e46645f9b5ad789,false
dense-summit-candidate:116cdb300d2e070e,false
dense-summit-candidate:f5c0dc973f0fc557,false
dense-summit-candidate:687207dfc29af5d4,false
dense-summit-candidate:529ee2144819696c,false
dense-summit-candidate:b08eb9a4acc2f7b9,false
dense-summit-candidate:b076fd0952935c43,false
dense-summit-candidate:a02f23623cee2fbd,false
dense-summit-candidate:89923eab498f09ee,false
dense-summit-candidate:65f9f73215414216,false
dense-summit-candidate:a07aa1e777889ee3,false
dense-summit-candidate:49bfdf96f40baf5d,false
dense-summit-candidate:9ac20437aaea936e,false
dense-summit-candidate:162af3eede4326ed,false
dense-summit-candidate:eac7375dde12c3a1,false
dense-summit-candidate:c4d9ae4cc4184f7c,false
dense-summit-candidate:c53e32d3973f7b05,false
dense-summit-candidate:59ccc90190a0b769,false
dense-summit-candidate:d24a145ecf3c5e56,false
dense-summit-candidate:baaf8af34057335f,false
dense-summit-candidate:1253cd080a199f83,false
dense-summit-candidate:f73644de9fa21c2f,false
dense-summit-candidate:0e208290afec353d,false
dense-summit-candidate:ca86191ccee68790,false
dense-summit-candidate:b13e4ac183e9f7fc,false
dense-summit-candidate:0c9dd94543a1abe2,false
dense-summit-candidate:05d559a117cf6d32,false
dense-summit-candidate:b0af1c3cb695e6f6,true
dense-summit-candidate:9029556309cb81ca,false
dense-summit-candidate:5aacbc465f1efbba,false
dense-summit-candidate:2d55e3a5bf32ba48,false
dense-summit-candidate:e5ce88c181f1d929,false
dense-summit-candidate:a706f98cacdafca5,false
dense-summit-candidate:2403e8d67d248438,false
dense-summit-candidate:7226d1cf333ac4b7,false
dense-summit-candidate:bf06db8d9ab028ba,false
dense-summit-candidate:a7fb275b0ee449b8,false
dense-summit-candidate:3219cd1ddcdb4632,false
dense-summit-candidate:4fba23e8bc42a05c,false
dense-summit-candidate:d8d08cc682b59953,false
dense-summit-candidate:6b4f17db5eadde2d,false
dense-summit-candidate:4ad3af88c4bbda73,false
dense-summit-candidate:40ee551e9e3f1582,false
dense-summit-candidate:28b0be940ce82f78,false
dense-summit-candidate:3d65286791b74048,false
dense-summit-candidate:05d83df8aadc3e16,false
dense-summit-candidate:aead0cbc338690f6,false
dense-summit-candidate:8515fcf50afa4595,false
dense-summit-candidate:a73ca08eb9d2f094,false
dense-summit-candidate:b880f549d495f5ae,false
dense-summit-candidate:b57cfb0356fd4e53,false
dense-summit-candidate:6f9f0ebb7c1ecd8e,false
dense-summit-candidate:125c7912e88c1bfc,false
dense-summit-candidate:d47872df09893da3,false
dense-summit-candidate:2eabce23ba84d429,false
dense-summit-candidate:3709ba50129dbc17,false
dense-summit-candidate:5bfbbf6e06849e1c,false
dense-summit-candidate:bc4fa35b74926aa0,false
dense-summit-candidate:bac8d159464d53b7,false
dense-summit-candidate:6ecc7c3944a30402,false
dense-summit-candidate:db7649cfc1a81da6,false
dense-summit-candidate:99b65010756d2bf9,false
dense-summit-candidate:7acbd5a142e21865,false
dense-summit-candidate:0529acd255b7757d,false
dense-summit-candidate:a464bf32ff2c4bb0,false
dense-summit-candidate:cf4dcc3d23b51eaf,false
dense-summit-candidate:dfc1eac57ace5f50,false
dense-summit-candidate:6dd9e91a6299dbf2,false
dense-summit-candidate:dac7f3c3c7960685,false
dense-summit-candidate:38758163de59e5fa,false
dense-summit-candidate:4329062d2b0c91f0,false
dense-summit-candidate:5ea2403f9acad9df,false
dense-summit-candidate:e2537dbb4118f078,false
dense-summit-candidate:4cb9fb79938410b2,false
dense-summit-candidate:d45a8d36cec76b3d,false
dense-summit-candidate:9924f70db20c86c3,false
dense-summit-candidate:5adeb844c3b6d936,false
dense-summit-candidate:763da0205509aca4,false
dense-summit-candidate:5d92a7da06e314b5,false
dense-summit-candidate:7f1b52a6c8b82603,false
dense-summit-candidate:d7c6dc8319fdc213,false
dense-summit-candidate:91437b485b15962f,false
dense-summit-candidate:66065e9145370acf,false
dense-summit-candidate:cbe12b07be3268e1,false
dense-summit-candidate:b10a077b0bc6671c,false
dense-summit-candidate:a213ceb67eef7a74,false
dense-summit-candidate:37563b4889272f43,false
dense-summit-candidate:88cca7313baa5210,false
dense-summit-candidate:9e03fd9b57d5ef70,false
dense-summit-candidate:8c2e550d2a5842e7,false
dense-summit-candidate:51a1c8bb55614007,false
dense-summit-candidate:eff8a174a6279c53,false
dense-summit-candidate:93a7eb451ef1f411,false
dense-summit-candidate:733f040667f34d85,false
dense-summit-candidate:c456d70bd3d2c1ff,false
dense-summit-candidate:14b90126cbd3c1f7,false
dense-summit-candidate:cc70451673b7ccc3,false
dense-summit-candidate:3f7efe3716c5c6aa,false
dense-summit-candidate:ee864feb26f846a6,false
dense-summit-candidate:1d8fa3202afa8c81,false
dense-summit-candidate:94cb5d71a46bc137,false
dense-summit-candidate:ebce40eb6ce0b1c5,false
dense-summit-candidate:c2c1fe56da16b1d2,false
dense-summit-candidate:ab73cb89250a95a3,false
dense-summit-candidate:acadaac6ef7a1041,false
dense-summit-candidate:d35aeaba660da311,false
dense-summit-candidate:dcbedb2e1d73c80b,false
dense-summit-candidate:3ef21952382e9661,false
dense-summit-candidate:e10292419beda2cc,false
dense-summit-candidate:18242834fc0f12ca,false
dense-summit-candidate:c6548429d20165e1,false
dense-summit-candidate:6fc7400b3e755384,false
dense-summit-candidate:ffd2b106cee2dab1,false
dense-summit-candidate:47e7407e1b08379b,false
dense-summit-candidate:40bb0da74d29f8a3,false
dense-summit-candidate:da74ad00941dcecb,false
dense-summit-candidate:89a8a543d5dd480f,false
dense-summit-candidate:3c8c3ef7f35e7153,false
dense-summit-candidate:7875735d5e7de328,false
dense-summit-candidate:e2628e42ef35b9a3,false
dense-summit-candidate:233d2ba8d2be97ac,false
dense-summit-candidate:a91a196dd3013d2a,false
dense-summit-candidate:9d48f58062ff9681,false
dense-summit-candidate:4f63e6cb7faec0b6,false
dense-summit-candidate:e66b504a640565f1,false
dense-summit-candidate:bed3d3289b98501d,false
dense-summit-candidate:4cab02aace652b4c,false
dense-summit-candidate:6bfde086b0c7dddf,false
dense-summit-candidate:f8926bbd9324c821,false
dense-summit-candidate:fdf95e9ac91cfa5e,false
dense-summit-candidate:15ee1baf56f55bb8,false
dense-summit-candidate:8a2735bcc9da192c,false
dense-summit-candidate:bd71670c0fb690ef,false
dense-summit-candidate:c390d66a9b921aa9,false
dense-summit-candidate:e384497f91a5314d,false
dense-summit-candidate:a9b9e77ce2655fd2,false
dense-summit-candidate:3dd0de2c9f53590c,false
dense-summit-candidate:b5758eb391dda6d0,false
dense-summit-candidate:9625bca19c4e7de5,false
dense-summit-candidate:89924874be9ad28c,false
dense-summit-candidate:0307c384a58ee91c,false
dense-summit-candidate:87867fa945d7f902,false
dense-summit-candidate:1b37bfadc21c19a2,false
dense-summit-candidate:cd5000bbf630b76e,false
dense-summit-candidate:3beccbc77e1993eb,false
dense-summit-candidate:250de7ba05807594,false
dense-summit-candidate:7d2eb375f651ad65,false
dense-summit-candidate:02aab373a2c2c26a,false
dense-summit-candidate:043424a14500d22d,false
dense-summit-candidate:d4f5b6136b8b9b64,false
dense-summit-candidate:6ffab3ddf8d91fba,false
dense-summit-candidate:ca384b39ee92d713,false
dense-summit-candidate:64215c50ebc85d37,false
dense-summit-candidate:6e75f726080f6314,false
dense-summit-candidate:670ad25422f5343f,false
dense-summit-candidate:c93c4f5948dae19b,false
dense-summit-candidate:75bacd9717b48e34,false
dense-summit-candidate:4ff556b2d4354c47,false
dense-summit-candidate:963d3a75d60d3fb5,false
dense-summit-candidate:4efc77d64016f673,false
dense-summit-candidate:5eb171a6e32d5d30,false
dense-summit-candidate:05bc0091d3f04036,false
dense-summit-candidate:2aebcb003eb274ea,false
dense-summit-candidate:c1e80201d53347d8,false
dense-summit-candidate:4272047aba6d04ae,false
dense-summit-candidate:7e601672ed35e401,false
dense-summit-candidate:a5a9378360b500c9,false
dense-summit-candidate:2190cf98a58956be,false
dense-summit-candidate:3cd7203d14ff21ab,false
dense-summit-candidate:754bfe29e44696b7,false
dense-summit-candidate:7bee44b477f86d34,false
dense-summit-candidate:ca9e7b8ad8552039,false
dense-summit-candidate:a1e2577c5975ca9f,false
dense-summit-candidate:457e1755ae56feb3,false
dense-summit-candidate:fd99e2950cf30b71,false
dense-summit-candidate:2a1994523ad3a857,false
dense-summit-candidate:4f107b3692b0979e,false
dense-summit-candidate:eb8f1ea387d724bf,false
dense-summit-candidate:74917c911dbf845f,false
dense-summit-candidate:396a8e3be76566f9,false
dense-summit-candidate:4ea63cd5592a01aa,false
dense-summit-candidate:ee021fd505d594d0,false
dense-summit-candidate:e3d32935ab9f7491,false
dense-summit-candidate:adb910aabeea588a,false
dense-summit-candidate:1e496e01cb2216a6,false
dense-summit-candidate:e1eca856eacf5f58,false
dense-summit-candidate:e2586b8d24219d21,false
dense-summit-candidate:a1fa336080f7cb43,false
dense-summit-candidate:fd5ec37e0bf89124,false
dense-summit-candidate:1f8def2340399bf4,false
dense-summit-candidate:7576787b95899263,false
dense-summit-candidate:21f91a35f9beec8e,false
dense-summit-candidate:71c36aac205db48f,false
dense-summit-candidate:bf488dd546d3af20,false
dense-summit-candidate:f646984c418f8403,false
dense-summit-candidate:b1c0d25cb2a2cf07,false
dense-summit-candidate:c7bd7b477f06a4a9,false
dense-summit-candidate:35c67cd90cde3753,false
dense-summit-candidate:c62887aaa0454324,false
dense-summit-candidate:75cb8f366ab9d5d9,false
dense-summit-candidate:76b58f100992c7fb,false
dense-summit-candidate:b5f7998f045e54e8,false
dense-summit-candidate:b807f4a5e562d35b,false
dense-summit-candidate:ca60906b1f4fd957,false
dense-summit-candidate:53e6a561e4f0cca6,false
dense-summit-candidate:2b98a7d40b4339c8,false
dense-summit-candidate:d546d6d7fd1cdb0c,false
dense-summit-candidate:dffdc86b8edc720c,false
dense-summit-candidate:1dfcc573962a6ba3,false
dense-summit-candidate:e74bcebfa3e831d0,false
dense-summit-candidate:a11aedd621fe181b,false
dense-summit-candidate:73b46c688cde1dcc,false
dense-summit-candidate:05c650f0adede3aa,false
dense-summit-candidate:7d816c23a3f9371f,false
dense-summit-candidate:75184b01fcc6072b,false
dense-summit-candidate:3b1937e90261209c,false
dense-summit-candidate:66f50a93f8a5ba40,false
dense-summit-candidate:f8c2b0b23ee93ed7,false
dense-summit-candidate:91eb9019e75a85ad,false
dense-summit-candidate:38c8c11ac8133067,false
dense-summit-candidate:540638b4be646433,false
dense-summit-candidate:0c19ee037873cda4,false
dense-summit-candidate:a3ff8a91f79ac58d,false
dense-summit-candidate:7ce1cdc1ce90866f,false
dense-summit-candidate:909d6cc51beaa35d,false
dense-summit-candidate:a61f575f15dd409b,false
dense-summit-candidate:ba8e63c6d58e060d,false
dense-summit-candidate:54ebae2a96e8e034,false
dense-summit-candidate:22561807f1cefa4e,false
dense-summit-candidate:e95d427b662b3092,false
dense-summit-candidate:2d669a9e023ce2a5,false
dense-summit-candidate:e3ed5892bbcdf59f,false
dense-summit-candidate:ef9de325a2328bb6,false
dense-summit-candidate:eafd4c649c671490,false
dense-summit-candidate:1039b63017e22035,false
dense-summit-candidate:19f2819ce3c58984,false
dense-summit-candidate:0ce492442feeed9b,false
dense-summit-candidate:627c89b7c2b8cfde,false
dense-summit-candidate:965e797373118493,false
dense-summit-candidate:394ca418e81c1fb1,false
dense-summit-candidate:9dcb95c61aa0c4c7,false
dense-summit-candidate:c0910eeb2332a235,false
dense-summit-candidate:722da707e8036c4a,false
dense-summit-candidate:4eaac727a25aa039,false
dense-summit-candidate:cda768c18f343284,false
dense-summit-candidate:ae9d6dd154ab716e,false
dense-summit-candidate:5309d6e3fb14d309,false
dense-summit-candidate:977f662c85529303,false
dense-summit-candidate:08b4175f58ed1a69,false
dense-summit-candidate:52480434d68c5e9a,false
dense-summit-candidate:1d707f9dfeb2f35c,false
dense-summit-candidate:99229e7480d3918a,false
dense-summit-candidate:4b8db344aa02c4b3,false
dense-summit-candidate:3d98ab41d1a6e5e7,false
dense-summit-candidate:ee0565c8940bd171,false
dense-summit-candidate:92c0ecedb8f774c7,false
dense-summit-candidate:23bf3043b8869884,false
dense-summit-candidate:87a38db10c677f81,false
dense-summit-candidate:2adc0a221e396cfc,false
dense-summit-candidate:3f2a235683ea91b2,false
dense-summit-candidate:b57b00649c142027,false
dense-summit-candidate:f38ddad14e8523b5,false
dense-summit-candidate:09fc5f27f85ba83b,false
dense-summit-candidate:a5f2bce456b87559,false
dense-summit-candidate:9cefcf532256979c,false
dense-summit-candidate:17add696dce535fd,false
dense-summit-candidate:1d2ba4ad2001319e,false
dense-summit-candidate:dc99ea97faa60e20,false
dense-summit-candidate:57e1be906f5c4efa,false
dense-summit-candidate:2b5b0b1577a8f9b9,false
dense-summit-candidate:379560a4b8565b4f,false
dense-summit-candidate:b3afcbd90dc92ea7,false
dense-summit-candidate:868bdcda59236655,false
dense-summit-candidate:85ce6307f6c6a0bf,false
dense-summit-candidate:f34e1389179fef84,false
dense-summit-candidate:919052d294ec673e,false
dense-summit-candidate:7f757d61a162e484,false
dense-summit-candidate:25922098c39a925b,false
dense-summit-candidate:fc55383f2d098390,false
dense-summit-candidate:2fcb6dfabe919066,false
dense-summit-candidate:b14c633f6eaa0bfa,false
dense-summit-candidate:d530b01e47bf0597,false
dense-summit-candidate:1fd2ffcb1f415402,false
dense-summit-candidate:b436ea953ccbc4e4,false
dense-summit-candidate:4a305a9a59ff4538,false
dense-summit-candidate:6a80beac4af04f95,false
dense-summit-candidate:d6c2bffa539639f1,false
dense-summit-candidate:33a8448e8ff3c2f0,false
dense-summit-candidate:8db5c295f2be18d4,false
dense-summit-candidate:4665219674e01111,false
dense-summit-candidate:be33abc06452f2ef,false
dense-summit-candidate:a4022f8255223d2d,false
dense-summit-candidate:99d9a105de66b750,false
dense-summit-candidate:5281759c1cd8b717,false
dense-summit-candidate:ab9a800147e6fa14,false
dense-summit-candidate:3e71b57a9a3c3112,false
dense-summit-candidate:44e878c9e8bd1abd,false
dense-summit-candidate:fc3803d3c1f51f82,false
dense-summit-candidate:6d95e265841272c4,false
dense-summit-candidate:ec50393b48b01189,false
dense-summit-candidate:419cf3a7829071ef,false
dense-summit-candidate:10928df183a9bcac,false
dense-summit-candidate:03bd74b9e23ce9e1,false
dense-summit-candidate:486b63f90155d78c,false
dense-summit-candidate:501f778f24ff7b90,false
dense-summit-candidate:6e9974f52c6e5b72,false
dense-summit-candidate:66f9b8c8cab63644,false
dense-summit-candidate:6498213028fe96b8,false
dense-summit-candidate:c20b38773a19b788,false
dense-summit-candidate:476528191f9a4f7d,false
dense-summit-candidate:de9a3c2d1242bc54,false
dense-summit-candidate:0279a13bd6a79321,false
dense-summit-candidate:8ba2af095c047e15,false
dense-summit-candidate:4fcdee50d8dbf035,false
dense-summit-candidate:46945206de9f1446,false
dense-summit-candidate:ca135eaece44d547,false
dense-summit-candidate:414deee40f59af6f,false
dense-summit-candidate:67f189213734bd95,false
dense-summit-candidate:26fa1cf106d140a8,false
dense-summit-candidate:9d5e04484fb24913,false
dense-summit-candidate:05211a4ffbb1526e,false
dense-summit-candidate:91e413ab69e98de6,false
dense-summit-candidate:6dfed623635fb0e2,false
dense-summit-candidate:88a13965bf46e2f6,false
dense-summit-candidate:558cb857eba491a8,false
dense-summit-candidate:6d03367e2603755d,false
dense-summit-candidate:17018385225d3943,false
dense-summit-candidate:728a352e36077333,false
dense-summit-candidate:0235fecccfc521f6,false
dense-summit-candidate:8b8719b1d5ea2354,false
dense-summit-candidate:da38ed51845815be,false
dense-summit-candidate:9b52ab8cd321b79a,false
dense-summit-candidate:cf5aa73cef120f06,false
dense-summit-candidate:638bc2494d533afa,false
dense-summit-candidate:e3679b746bb734ae,false
dense-summit-candidate:d9b58f2e692594d4,false
dense-summit-candidate:148cae2c4cd09c05,false
dense-summit-candidate:9e469ada3c4b3453,false
dense-summit-candidate:1960baf5b3934107,false
dense-summit-candidate:20fe2a2442ae6801,false
dense-summit-candidate:07513bd34c27c2c3,false
dense-summit-candidate:df003adf68022822,false
dense-summit-candidate:1aad8400b7886d75,false
dense-summit-candidate:e7d1c80ac7aa0c9b,false
dense-summit-candidate:b201514c41e6fe8b,false
dense-summit-candidate:04f074d1a11b3c76,false
dense-summit-candidate:43702bc7c6b0d5d1,false
dense-summit-candidate:d6fb7d2908cec53c,false
dense-summit-candidate:7a2f5df6c01c5211,false
dense-summit-candidate:784182910f8e9221,false
dense-summit-candidate:6ac1aec1678cf182,false
dense-summit-candidate:1341ad65ccf6ded9,false
dense-summit-candidate:fd5504a63422c034,false
dense-summit-candidate:b87e9161ac2051b3,false
dense-summit-candidate:cd4f41bae55673d5,false
dense-summit-candidate:501ce63f460aac1c,false
dense-summit-candidate:d1c000d52a7036ff,false
dense-summit-candidate:c336feece345f8d9,false
dense-summit-candidate:323dc5cab267c5dd,false
dense-summit-candidate:cf0b6fbc6c00ce24,false
dense-summit-candidate:018d80ccfd67fa6a,false
dense-summit-candidate:7e436f6f0a082b63,false
dense-summit-candidate:f9c88681facd55a1,false
dense-summit-candidate:86f57c7130e6d5a3,false
dense-summit-candidate:7bf2ab6dd16411f9,false
dense-summit-candidate:abc544ab6775263d,false
dense-summit-candidate:9706ed36848b6419,false
dense-summit-candidate:e52255fe14fbe8f1,false
dense-summit-candidate:cf80776b93ff7659,false
dense-summit-candidate:12e1770477aa06c7,false
dense-summit-candidate:6108f5daf2ae4df0,false
dense-summit-candidate:c23454b38ba3105c,false
dense-summit-candidate:36ed8a1770a12d6a,false
dense-summit-candidate:e9b4b42aeeb58ab6,false
dense-summit-candidate:92fc63e7b188d861,false