gpx_path,gpx_filename_timestamp,gpx_first_time_utc,gpx_first_time_jst,gpx_track_name,candidate_yamap_activity_id,candidate_markdown_path,yamap_date,yamap_title,time_delta_seconds,title_exact_match,match_status,notes
gpx/raw/yamap_2024-06-14_06_46.gpx,2024-06-14 06:46,2024-06-13T21:46:43Z,2024-06-14T06:46:43+0900,二反山,,,,,,False,no_candidate,
gpx/raw/yamap_2023-01-06_11_33.gpx,2023-01-06 11:33,2023-01-06T02:33:14Z,2023-01-06T11:33:14+0900,岩子山・垣生山・津田山・弁天山,21828514,yamap/21828514.md,2023年01月06日(金),岩子山・垣生山・津田山・弁天山,41594,True,single_high_confidence_candidate,
gpx/raw/yamap_2024-10-20_06_42.gpx,2024-10-20 06:42,2024-10-19T21:42:29Z,2024-10-20T06:42:29+0900,ハネズル山,35294207,yamap/35294207.md,2024年10月20日(日),ハネズル山,24149,True,single_high_confidence_candidate,
gpx/raw/yamap_2022-11-14_13_02.gpx,2022-11-14 13:02,2022-11-14T04:02:59Z,2022-11-14T13:02:59+0900,出石山,20978991,yamap/20978991.md,2022年11月14日(月),出石山,46979,True,single_high_confidence_candidate,
gpx/raw/yamap_2024-09-23_07_35.gpx,2024-09-23 07:35,2024-09-22T22:35:12Z,2024-09-23T07:35:12+0900,中津山(明神山)・猿越山,34608189,yamap/34608189.md,2024年09月23日(月),中津山(明神山)・猿越山,27312,True,single_high_confidence_candidate,
gpx/raw/yamap_2025-01-24_13_34.gpx,2025-01-24 13:34,2025-01-24T04:34:01Z,2025-01-24T13:34:01+0900,御篠山・松葉山（松葉城址）・烏殿,37416231,yamap/37416231.md,2025年01月24日(金),御篠山・松葉山（松葉城址）・烏殿,48841,True,single_high_confidence_candidate,
gpx/raw/yamap_2022-04-08_09_33.gpx,2022-04-08 09:33,2022-04-08T00:33:28Z,2022-04-08T09:33:28+0900,鬼ヶ城山・大久保山・八面山・三本杭・横ノ森・小屋ヶ森・毛山,16527154,yamap/16527154.md,2022年04月08日,鬼ヶ城山・大久保山・八面山・三本杭・横ノ森・小屋ヶ森・毛山,34408,True,single_high_confidence_candidate,
gpx/raw/yamap_2022-09-15_11_02.gpx,2022-09-15 11:02,2022-09-15T02:02:04Z,2022-09-15T11:02:04+0900,伊勢山,19600557,yamap/19600557.md,2022年09月15日(木),伊勢山,39724,True,single_high_confidence_candidate,
gpx/raw/yamap_2025-01-30_13_18.gpx,2025-01-30 13:18,2025-01-30T04:18:31Z,2025-01-30T13:18:31+0900,金子山,37547910,yamap/37547910.md,2025年01月30日(木),金子山,47911,True,single_high_confidence_candidate,
gpx/raw/yamap_2024-07-06_10_01.gpx,2024-07-06 10:01,2024-07-06T01:01:08Z,2024-07-06T10:01:08+0900,子持権現山・男山・瓶ヶ森,32926277,yamap/32926277.md,2024年07月06日(土),子持権現山・男山・瓶ヶ森,36068,True,single_high_confidence_candidate,
gpx/raw/yamap_2022-09-20_13_59.gpx,2022-09-20 13:59,2022-09-20T04:59:13Z,2022-09-20T13:59:13+0900,狩江権現山,19698405,yamap/19698405.md,2022年09月20日(火),狩江権現山,50353,True,single_high_confidence_candidate,
gpx/raw/yamap_2024-06-15_08_50.gpx,2024-06-15 08:50,2024-06-14T23:50:08Z,2024-06-15T08:50:08+0900,平家平,32551903,yamap/32551903.md,2024年06月15日(土),平家平,31808,True,single_high_confidence_candidate,
gpx/raw/yamap_2024-01-27_13_31.gpx,2024-01-27 13:31,2024-01-27T04:31:52Z,2024-01-27T13:31:52+0900,宝股山,29488111,yamap/29488111.md,2024年01月27日(土),宝股山,48712,True,single_high_confidence_candidate,
gpx/raw/yamap_2022-06-23_13_59.gpx,2022-06-23 13:59,2022-06-23T04:59:29Z,2022-06-23T13:59:29+0900,篠山,18089469,yamap/18089469.md,2022年06月23日,篠山,50369,True,single_high_confidence_candidate,
gpx/raw/yamap_2022-05-02_09_06.gpx,2022-05-02 09:06,2022-05-02T00:06:01Z,2022-05-02T09:06:01+0900,大川嶺・笠取山・ウバホド山,16982038,yamap/16982038.md,2022年05月02日(月),大川嶺・笠取山・ウバホド山,32761,True,single_high_confidence_candidate,
gpx/raw/yamap_2022-10-21_09_17.gpx,2022-10-21 09:17,2022-10-21T00:17:44Z,2022-10-21T09:17:44+0900,すくも山,20370835,yamap/20370835.md,2022年10月21日(金),すくも山,33464,True,single_high_confidence_candidate,
gpx/raw/yamap_2024-03-16_13_58.gpx,2024-03-16 13:58,2024-03-16T04:58:32Z,2024-03-16T13:58:32+0900,斎藤山,30390268,yamap/30390268.md,2024年03月16日(土),斎藤山,50312,True,single_high_confidence_candidate,
gpx/raw/yamap_2022-09-21_13_09.gpx,2022-09-21 13:09,2022-09-21T04:09:44Z,2022-09-21T13:09:44+0900,高文殊山,19708205,yamap/19708205.md,2022年09月21日(水),高文殊山,47384,True,single_high_confidence_candidate,
gpx/raw/yamap_2026-03-01_06_45.gpx,2026-03-01 06:45,2026-02-28T21:45:02Z,2026-03-01T06:45:02+0900,剣ノ山・三傍示山・塩塚峰,46501638,yamap/46501638.md,2026年03月01日(日),剣ノ山・三傍示山・塩塚峰,24302,True,single_high_confidence_candidate,
gpx/raw/yamap_2022-04-16_07_39.gpx,2022-04-16 07:39,2022-04-15T22:39:39Z,2022-04-16T07:39:39+0900,東三方ヶ森,16678030,yamap/16678030.md,2022年04月16日,東三方ヶ森,27579,True,single_high_confidence_candidate,
gpx/raw/yamap_2022-12-25_15_08.gpx,2022-12-25 15:08,2022-12-25T06:08:42Z,2022-12-25T15:08:42+0900,佐々久山,21605174,yamap/21605174.md,2022年12月25日(日),佐々久山,54522,True,single_high_confidence_candidate,
gpx/raw/yamap_2024-03-03_06_23.gpx,2024-03-03 06:23,2024-03-02T21:23:42Z,2024-03-03T06:23:42+0900,白石山,30140047,yamap/30140047.md,2024年03月03日(日),白石山,23022,True,single_high_confidence_candidate,
gpx/raw/yamap_2026-03-04_06_40.gpx,2026-03-04 06:40,2026-03-03T21:40:06Z,2026-03-04T06:40:06+0900,登議城山,46529731,yamap/46529731.md,2026年03月04日(水),登議城山,24006,True,single_high_confidence_candidate,
gpx/raw/yamap_2024-12-22_10_25.gpx,2024-12-22 10:25,2024-12-22T01:25:24Z,2024-12-22T10:25:24+0900,笹ヶ平山,36703683,yamap/36703683.md,2024年12月22日(日),笹ヶ平山,37524,True,single_high_confidence_candidate,
gpx/raw/yamap_2026-02-14_08_22.gpx,2026-02-14 08:22,2026-02-13T23:22:22Z,2026-02-14T08:22:22+0900,大畑山,46099070,yamap/46099070.md,2026年02月14日(土),大畑山,30142,True,single_high_confidence_candidate,
gpx/raw/yamap_2024-04-27_08_04.gpx,2024-04-27 08:04,2024-04-26T23:04:57Z,2024-04-27T08:04:57+0900,桂ヶ森,31210522,yamap/31210522.md,2024年04月27日(土),桂ヶ森,29097,True,single_high_confidence_candidate,
gpx/raw/yamap_2025-02-09_08_01.gpx,2025-02-09 08:01,2025-02-08T23:01:53Z,2025-02-09T08:01:53+0900,念仏山,37704032,yamap/37704032.md,2025年02月09日(日),念仏山,28913,True,single_high_confidence_candidate,
gpx/raw/yamap_2025-02-11_09_46.gpx,2025-02-11 09:46,2025-02-11T00:46:30Z,2025-02-11T09:46:30+0900,高穴山,37766140,yamap/37766140.md,2025年02月11日(火),高穴山,35190,True,single_high_confidence_candidate,
gpx/raw/yamap_2026-05-02_09_29.gpx,2026-05-02 09:29,2026-05-02T00:29:37Z,2026-05-02T09:29:37+0900,男山・瓶ヶ森・台ヶ森,47890352,yamap/47890352.md,2026年05月02日(土),男山・瓶ヶ森・台ヶ森,34177,True,single_high_confidence_candidate,
gpx/raw/yamap_2024-02-17_05_38.gpx,2024-02-17 05:38,2024-02-16T20:38:40Z,2024-02-17T05:38:40+0900,大黒山・譲ヶ葉森,29893880,yamap/29893880.md,2024年02月17日(土),大黒山・譲ヶ葉森,20320,True,single_high_confidence_candidate,
gpx/raw/yamap_2022-12-25_10_09.gpx,2022-12-25 10:09,2022-12-25T01:09:50Z,2022-12-25T10:09:50+0900,高山,21589436,yamap/21589436.md,2022年12月25日(日),高山,36590,True,single_high_confidence_candidate,
gpx/raw/yamap_2022-10-08_06_12.gpx,2022-10-08 06:12,2022-10-07T21:12:14Z,2022-10-08T06:12:14+0900,東山・西赤石山・物住頭・前赤石山・東赤石山・八巻山,20086190,yamap/20086190.md,2022年10月08日(土),東山・西赤石山・物住頭・前赤石山・東赤石山・八巻山,22334,True,single_high_confidence_candidate,
gpx/raw/yamap_2026-02-22_07_32.gpx,2026-02-22 07:32,2026-02-21T22:32:46Z,2026-02-22T07:32:46+0900,高森山・町木山・寒台山・鎧掛山,46325366,yamap/46325366.md,2026年02月22日(日),高森山・町木山・寒台山・鎧掛山,27166,True,single_high_confidence_candidate,
gpx/raw/yamap_2022-12-25_11_41.gpx,2022-12-25 11:41,2022-12-25T02:41:13Z,2022-12-25T11:41:13+0900,近見山,21592956,yamap/21592956.md,2022年12月25日(日),近見山,42073,True,single_high_confidence_candidate,
gpx/raw/yamap_2022-04-15_11_52.gpx,2022-04-15 11:52,2022-04-15T02:52:21Z,2022-04-15T11:52:21+0900,皿ヶ嶺・引地山,16663708,yamap/16663708.md,2022年04月15日,皿ヶ嶺・引地山,42741,True,single_high_confidence_candidate,
gpx/raw/yamap_2022-07-14_09_57.gpx,2022-07-14 09:57,2022-07-14T00:57:36Z,2022-07-14T09:57:36+0900,小富士,18427906,yamap/18427906.md,2022年07月14日,小富士,35856,True,single_high_confidence_candidate,
gpx/raw/yamap_2022-02-26_07_43.gpx,2022-02-26 07:43,2022-02-25T22:43:28Z,2022-02-26T07:43:28+0900,御岳山,15847055,yamap/15847055.md,2022年02月26日,御岳山,27808,True,single_high_confidence_candidate,
gpx/raw/yamap_2022-09-04_12_08.gpx,2022-09-04 12:08,2022-09-04T03:08:57Z,2022-09-04T12:08:57+0900,大友山,19400534,yamap/19400534.md,2022年09月04日(日),大友山,43737,True,single_high_confidence_candidate,
gpx/raw/yamap_2022-04-22_16_48.gpx,2022-04-22 16:48,2022-04-22T07:48:43Z,2022-04-22T16:48:43+0900,源氏ヶ駄場（薊野峰）,16794762,yamap/16794762.md,2022年04月22日,源氏ヶ駄場（薊野峰）,60523,True,single_high_confidence_candidate,
gpx/raw/yamap_2025-09-27_06_52.gpx,2025-09-27 06:52,2025-09-26T21:52:58Z,2025-09-27T06:52:58+0900,東光森山・別子山,43183268,yamap/43183268.md,2025年09月27日(土),東光森山・別子山,24778,True,single_high_confidence_candidate,
gpx/raw/yamap_2024-01-27_14_28.gpx,2024-01-27 14:28,2024-01-27T05:28:13Z,2024-01-27T14:28:13+0900,開山,29492158,yamap/29492158.md,2024年01月27日(土),開山,52093,True,single_high_confidence_candidate,
gpx/raw/yamap_2026-03-04_09_46.gpx,2026-03-04 09:46,2026-03-04T00:46:21Z,2026-03-04T09:46:21+0900,愛宕山,46530379,yamap/46530379.md,2026年03月04日(水),愛宕山,35181,True,single_high_confidence_candidate,
gpx/raw/yamap_2025-10-23_16_38.gpx,2025-10-23 16:38,2025-10-23T07:38:33Z,2025-10-23T16:38:33+0900,堂堂山,43812344,yamap/43812344.md,2025年10月23日(木),堂堂山,59913,True,single_high_confidence_candidate,
gpx/raw/yamap_2025-12-10_11_40.gpx,2025-12-10 11:40,2025-12-10T02:40:45Z,2025-12-10T11:40:45+0900,天道ヶ頭,44894200,yamap/44894200.md,2025年12月10日(水),天道ヶ頭,42045,True,single_high_confidence_candidate,
gpx/raw/yamap_2022-10-16_10_19.gpx,2022-10-16 10:19,2022-10-16T01:19:28Z,2022-10-16T10:19:28+0900,楢原山・古権現山・中三方ヶ森,20299413,yamap/20299413.md,2022年10月16日(日),楢原山・古権現山・中三方ヶ森,37168,True,single_high_confidence_candidate,
gpx/raw/yamap_2022-02-23_08_42.gpx,2022-02-23 08:42,2022-02-22T23:42:13Z,2022-02-23T08:42:13+0900,西山・経ヶ森・岩子山・護摩ヶ森,15799454,yamap/15799454.md,2022年02月23日,西山・経ヶ森・岩子山・護摩ヶ森,31333,True,single_high_confidence_candidate,
gpx/raw/yamap_2025-10-26_11_45.gpx,2025-10-26 11:45,2025-10-26T02:45:44Z,2025-10-26T11:45:44+0900,堂所山,43876718,yamap/43876718.md,2025年10月26日(日),堂所山,42344,True,single_high_confidence_candidate,
gpx/raw/yamap_2023-03-05_11_09.gpx,2023-03-05 11:09,2023-03-05T02:09:35Z,2023-03-05T11:09:35+0900,宝ヶ峯・淡路ヶ峠,22807837,yamap/22807837.md,2023年03月05日(日),宝ヶ峯・淡路ヶ峠,40175,True,single_high_confidence_candidate,
gpx/raw/yamap_2026-03-08_10_45.gpx,2026-03-08 10:45,2026-03-08T01:45:13Z,2026-03-08T10:45:13+0900,白木山,46605671,yamap/46605671.md,2026年03月08日(日),白木山,38713,True,single_high_confidence_candidate,
gpx/raw/yamap_2022-05-07_13_44.gpx,2022-05-07 13:44,2022-05-07T04:44:03Z,2022-05-07T13:44:03+0900,翠波峰,17193111,yamap/17193111.md,2022年05月07日(土),翠波峰,49443,True,single_high_confidence_candidate,
gpx/raw/yamap_2022-04-06_09_25.gpx,2022-04-06 09:25,2022-04-06T00:25:01Z,2022-04-06T09:25:01+0900,忽那山,16497216,yamap/16497216.md,2022年04月06日,忽那山,33901,True,single_high_confidence_candidate,
gpx/raw/yamap_2022-06-20_12_02.gpx,2022-06-20 12:02,2022-06-20T03:02:33Z,2022-06-20T12:02:33+0900,安神山・鷲ヶ頭山,18060852,yamap/18060852.md,2022年06月20日(月),安神山・鷲ヶ頭山,43353,True,single_high_confidence_candidate,
gpx/raw/yamap_2025-08-15_11_47.gpx,2025-08-15 11:47,2025-08-15T02:47:13Z,2025-08-15T11:47:13+0900,五段城,42192264,yamap/42192264.md,2025年08月15日(金),五段城,42433,True,single_high_confidence_candidate,
gpx/raw/yamap_2026-03-07_11_08.gpx,2026-03-07 11:08,2026-03-07T02:08:35Z,2026-03-07T11:08:35+0900,権現山,46572122,yamap/46572122.md,2026年03月07日(土),権現山,40115,True,single_high_confidence_candidate,
gpx/raw/yamap_2024-09-14_07_46.gpx,2024-09-14 07:46,2024-09-13T22:46:34Z,2024-09-14T07:46:34+0900,伊予富士,34378242,yamap/34378242.md,2024年09月14日(土),伊予富士,27994,True,single_high_confidence_candidate,
gpx/raw/yamap_2025-01-30_06_55.gpx,2025-01-30 06:55,2025-01-29T21:55:27Z,2025-01-30T06:55:27+0900,弥八山,37542274,yamap/37542274.md,2025年01月30日(木),弥八山,24927,True,single_high_confidence_candidate,
gpx/raw/yamap_2026-01-25_07_43.gpx,2026-01-25 07:43,2026-01-24T22:43:55Z,2026-01-25T07:43:55+0900,船ヶ迫岳・鎌倉山,45768033,yamap/45768033.md,2026年01月25日(日),船ヶ迫岳・鎌倉山,27835,True,single_high_confidence_candidate,
gpx/raw/yamap_2023-11-19_06_46.gpx,2023-11-19 06:46,2023-11-18T21:48:06Z,2023-11-19T06:48:06+0900,瀬戸黒森・三森・羽子山・観音森,28270130,yamap/28270130.md,2023年11月19日(日),瀬戸黒森・三森・羽子山・観音森,24486,True,single_high_confidence_candidate,
gpx/raw/yamap_2022-12-31_14_27.gpx,2022-12-31 14:27,2022-12-31T05:27:11Z,2022-12-31T14:27:11+0900,天山,21697421,yamap/21697421.md,2022年12月31日(土),天山,52031,True,single_high_confidence_candidate,
gpx/raw/yamap_2022-12-31_14_13.gpx,2022-12-31 14:13,2022-12-31T05:13:47Z,2022-12-31T14:13:47+0900,土亀山,21696855,yamap/21696855.md,2022年12月31日(土),土亀山,51227,True,single_high_confidence_candidate,
gpx/raw/yamap_2022-05-07_07_14.gpx,2022-05-07 07:14,2022-05-06T22:14:28Z,2022-05-07T07:14:28+0900,寒川山・鋸山・七々木山・豊受山・赤星山,17193098,yamap/17193098.md,2022年05月07日(土),寒川山・鋸山・七々木山・豊受山・赤星山,26068,True,single_high_confidence_candidate,
gpx/raw/yamap_2024-12-22_06_34.gpx,2024-12-22 06:34,2024-12-21T21:34:33Z,2024-12-22T06:34:33+0900,八倉山・行道山・水晶ヶ森,36701543,yamap/36701543.md,2024年12月22日(日),八倉山・行道山・水晶ヶ森,23673,True,single_high_confidence_candidate,
gpx/raw/yamap_2025-08-15_10_51.gpx,2025-08-15 10:51,2025-08-15T01:51:56Z,2025-08-15T10:51:56+0900,小牛城,42189398,yamap/42189398.md,2025年08月15日(金),小牛城,39116,True,single_high_confidence_candidate,
gpx/raw/yamap_2025-02-11_08_43.gpx,2025-02-11 08:43,2025-02-10T23:43:48Z,2025-02-11T08:43:48+0900,要害山,37763384,yamap/37763384.md,2025年02月11日(火),要害山,31428,True,single_high_confidence_candidate,
gpx/raw/yamap_2022-03-25_12_12.gpx,2022-03-25 12:12,2022-03-25T03:12:41Z,2022-03-25T12:12:41+0900,十門山(十門城址)・ヨソ山,16310772,yamap/16310772.md,2022年03月25日,十門山(十門城址)・ヨソ山,43961,True,single_high_confidence_candidate,
gpx/raw/yamap_2022-07-02_07_43.gpx,2022-07-02 07:43,2022-07-01T22:43:55Z,2022-07-02T07:43:55+0900,石鎚山・西ノ冠岳・面河の頭・二ノ森・鞍瀬ノ頭,18250101,yamap/18250101.md,2022年07月02日,石鎚山・西ノ冠岳・面河の頭・二ノ森・鞍瀬ノ頭,27835,True,single_high_confidence_candidate,
gpx/raw/yamap_2022-06-04_14_13.gpx,2022-06-04 14:13,2022-06-04T05:13:17Z,2022-06-04T14:13:17+0900,勝山,17745232,yamap/17745232.md,2022年06月04日(土) (日帰り),勝山,51197,True,single_high_confidence_candidate,
gpx/raw/yamap_2024-10-05_06_40.gpx,2024-10-05 06:40,2024-10-04T21:40:36Z,2024-10-05T06:40:36+0900,銅山峰・西山・三の森・二の森・一の森,34865968,yamap/34865968.md,2024年10月05日(土),銅山峰・西山・三の森・二の森・一の森,24036,True,single_high_confidence_candidate,
gpx/raw/yamap_2025-04-27_06_23.gpx,2025-04-27 06:23,2025-04-26T21:23:06Z,2025-04-27T06:23:06+0900,野地峰・黒岩山・大野山,39474891,yamap/39474891.md,2025年04月27日(日),野地峰・黒岩山・大野山,22986,True,single_high_confidence_candidate,
gpx/raw/yamap_2024-12-01_14_17.gpx,2024-12-01 14:17,2024-12-01T05:17:01Z,2024-12-01T14:17:01+0900,城山,36324491,yamap/36324491.md,2024年12月01日(日),城山,51421,True,single_high_confidence_candidate,
gpx/raw/yamap_2023-04-18_06_58.gpx,2023-04-18 06:58,2023-04-17T21:58:10Z,2023-04-18T06:58:10+0900,船野山,23610620,yamap/23610620.md,2023年04月18日(火),船野山,25090,True,single_high_confidence_candidate,
gpx/raw/yamap_2024-05-11_13_46.gpx,2024-05-11 13:46,2024-05-11T04:46:13Z,2024-05-11T13:46:13+0900,丸滝山,31711263,yamap/31711263.md,2024年05月11日(土),丸滝山,49573,True,single_high_confidence_candidate,
gpx/raw/yamap_2023-01-28_14_27.gpx,2023-01-28 14:27,2023-01-28T05:27:15Z,2023-01-28T14:27:15+0900,古城山・尾崎山,22176647,yamap/22176647.md,2023年01月28日(土),古城山・尾崎山,52035,True,single_high_confidence_candidate,
gpx/raw/yamap_2026-03-07_09_28.gpx,2026-03-07 09:28,2026-03-07T00:28:50Z,2026-03-07T09:28:50+0900,尻割山・四本松,46568450,yamap/46568450.md,2026年03月07日(土),尻割山・四本松,34130,True,single_high_confidence_candidate,
gpx/raw/yamap_2025-02-09_12_21.gpx,2025-02-09 12:21,2025-02-09T03:21:17Z,2025-02-09T12:21:17+0900,八幡山,37718049,yamap/37718049.md,2025年02月09日(日),八幡山,44477,True,single_high_confidence_candidate,
gpx/raw/yamap_2025-03-20_08_27.gpx,2025-03-20 08:27,2025-03-19T23:27:39Z,2025-03-20T08:27:39+0900,高山・大里山・泰ノ山,38537444,yamap/38537444.md,2025年03月20日(木),高山・大里山・泰ノ山,30459,True,single_high_confidence_candidate,
gpx/raw/yamap_2022-02-06_08_26.gpx,2022-02-06 08:26,2022-02-05T23:26:09Z,2022-02-06T08:26:09+0900,谷上山・権現山・白滝山・障子山,15569162,yamap/15569162.md,2022年02月06日,谷上山・権現山・白滝山・障子山,30369,True,single_high_confidence_candidate,
gpx/raw/yamap_2022-12-31_14_45.gpx,2022-12-31 14:45,2022-12-31T05:45:23Z,2022-12-31T14:45:23+0900,東山,21698197,yamap/21698197.md,2022年12月31日(土),東山,53123,True,single_high_confidence_candidate,
gpx/raw/yamap_2025-03-10_10_25.gpx,2025-03-10 10:25,2025-03-10T01:25:25Z,2025-03-10T10:25:25+0900,館山,38366596,yamap/38366596.md,2025年03月10日(月),館山,37525,True,single_high_confidence_candidate,
gpx/raw/yamap_2026-02-07_11_17.gpx,2026-02-07 11:17,2026-02-07T02:17:40Z,2026-02-07T11:17:40+0900,鞍掛山,45998082,yamap/45998082.md,2026年02月07日(土),鞍掛山,40660,True,single_high_confidence_candidate,
gpx/raw/yamap_2026-01-18_09_11.gpx,2026-01-18 09:11,2026-01-18T00:11:18Z,2026-01-18T09:11:18+0900,竜王の峰,45626465,yamap/45626465.md,2026年01月18日(日),竜王の峰,33078,True,single_high_confidence_candidate,
gpx/raw/yamap_2022-02-16_11_57.gpx,2022-02-16 11:57,2022-02-16T02:57:12Z,2022-02-16T11:57:12+0900,愛宕山・常光寺山,15715627,yamap/15715627.md,2022年02月16日,愛宕山・常光寺山,43032,True,single_high_confidence_candidate,
gpx/raw/yamap_2022-04-22_11_13.gpx,2022-04-22 11:13,2022-04-22T02:13:53Z,2022-04-22T11:13:53+0900,甲が森,16788269,yamap/16788269.md,2022年04月22日,甲が森,40433,True,single_high_confidence_candidate,
gpx/raw/yamap_2025-10-11_06_24.gpx,2025-10-11 06:24,2025-10-10T21:24:32Z,2025-10-11T06:24:32+0900,大森山・佐々連尾山・三つ足山,43510643,yamap/43510643.md,2025年10月11日(土),大森山・佐々連尾山・三つ足山,23072,True,single_high_confidence_candidate,
gpx/raw/yamap_2025-12-06_08_06.gpx,2025-12-06 08:06,2025-12-05T23:06:52Z,2025-12-06T08:06:52+0900,霧立山・地蔵山,44806322,yamap/44806322.md,2025年12月06日(土),霧立山・地蔵山,29212,True,single_high_confidence_candidate,
gpx/raw/yamap_2025-07-06_12_03.gpx,2025-07-06 12:03,2025-07-06T03:03:18Z,2025-07-06T12:03:18+0900,伊吹山,41245493,yamap/41245493.md,2025年07月06日(日),伊吹山,43398,True,single_high_confidence_candidate,
gpx/raw/yamap_2022-12-12_08_41.gpx,2022-12-12 08:41,2022-12-11T23:41:42Z,2022-12-12T08:41:42+0900,遠ヶ森,21456728,yamap/21456728.md,2022年12月12日(月),遠ヶ森,31302,True,single_high_confidence_candidate,
gpx/raw/yamap_2022-01-29_08_35.gpx,2022-01-29 08:35,2022-01-28T23:35:30Z,2022-01-29T08:35:30+0900,皿ヶ森・経座ヶ森・ヨソ山,15430410,yamap/15430410.md,2022年01月29日,皿ヶ森・経座ヶ森・ヨソ山,30930,True,single_high_confidence_candidate,
gpx/raw/yamap_2022-03-03_10_47.gpx,2022-03-03 10:47,2022-03-03T01:47:05Z,2022-03-03T10:47:05+0900,奥之城山・ヌタノサコ,15945836,yamap/15945836.md,2022年03月03日,奥之城山・ヌタノサコ,38825,True,single_high_confidence_candidate,
gpx/raw/yamap_2024-03-16_09_21.gpx,2024-03-16 09:21,2024-03-16T00:21:27Z,2024-03-16T09:21:27+0900,トギ・張木山・高手山,30377402,yamap/30377402.md,2024年03月16日(土),トギ・張木山・高手山,33687,True,single_high_confidence_candidate,
gpx/raw/yamap_2024-03-10_07_12.gpx,2024-03-10 07:12,2024-03-09T22:12:24Z,2024-03-10T07:12:24+0900,夫婦山・白山・観音山・国見山・城山・御勧請山,30276721,yamap/30276721.md,2024年03月10日(日),夫婦山・白山・観音山・国見山・城山・御勧請山,25944,True,single_high_confidence_candidate,
gpx/raw/yamap_2025-03-10_08_18.gpx,2025-03-10 08:18,2025-03-09T23:18:29Z,2025-03-10T08:18:29+0900,姫政山,38362578,yamap/38362578.md,2025年03月10日(月),姫政山,29909,True,single_high_confidence_candidate,
gpx/raw/yamap_2025-10-05_08_42.gpx,2025-10-05 08:42,2025-10-04T23:42:38Z,2025-10-05T08:42:38+0900,三ッ森山・大座礼山,43408268,yamap/43408268.md,2025年10月05日(日),三ッ森山・大座礼山,31358,True,single_high_confidence_candidate,
gpx/raw/yamap_2025-02-09_09_27.gpx,2025-02-09 09:27,2025-02-09T00:27:08Z,2025-02-09T09:27:08+0900,大頭山,37707947,yamap/37707947.md,2025年02月09日(日),大頭山,34028,True,single_high_confidence_candidate,
gpx/raw/yamap_2026-04-11_09_14.gpx,2026-04-11 09:14,2026-04-11T00:14:53Z,2026-04-11T09:14:53+0900,三郷の辻,47330396,yamap/47330396.md,2026年04月11日(土),三郷の辻,33293,True,single_high_confidence_candidate,
gpx/raw/yamap_2024-02-10_13_09.gpx,2024-02-10 13:09,2024-02-10T04:09:00Z,2024-02-10T13:09:00+0900,権現山,29739163,yamap/29739163.md,2024年02月10日(土),権現山,47340,True,single_high_confidence_candidate,
gpx/raw/yamap_2023-01-21_12_02.gpx,2023-01-21 12:02,2023-01-21T03:02:38Z,2023-01-21T12:02:38+0900,遠見山,22065412,yamap/22065412.md,2023年01月21日(土),遠見山,43358,True,single_high_confidence_candidate,
gpx/raw/yamap_2024-12-01_06_40.gpx,2024-12-01 06:40,2024-11-30T21:40:18Z,2024-12-01T06:40:18+0900,唐谷山・天狗森・木峰・金見山・高丸・五郎丸・大谷山・龍王山,36316517,yamap/36316517.md,2024年12月01日(日),唐谷山・天狗森・木峰・金見山・高丸・五郎丸・大谷山・龍王山,24018,True,single_high_confidence_candidate,
gpx/raw/yamap_2022-03-12_08_31.gpx,2022-03-12 08:31,2022-03-11T23:31:17Z,2022-03-12T08:31:17+0900,菊ヶ森,16079603,yamap/16079603.md,2022年03月12日,菊ヶ森,30677,True,single_high_confidence_candidate,
gpx/raw/yamap_2025-02-11_13_28.gpx,2025-02-11 13:28,2025-02-11T04:28:48Z,2025-02-11T13:28:48+0900,高仙山,37786427,yamap/37786427.md,2025年02月11日(火),高仙山,48528,True,single_high_confidence_candidate,
gpx/raw/yamap_2026-03-08_07_27.gpx,2026-03-08 07:27,2026-03-07T22:27:54Z,2026-03-08T07:27:54+0900,呉石山,46595142,yamap/46595142.md,2026年03月08日(日),呉石山,26874,True,single_high_confidence_candidate,
gpx/raw/yamap_2022-12-25_13_36.gpx,2022-12-25 13:36,2022-12-25T04:36:19Z,2022-12-25T13:36:19+0900,医王山,21599402,yamap/21599402.md,2022年12月25日(日),医王山,48979,True,single_high_confidence_candidate,
gpx/raw/yamap_2022-03-23_07_38.gpx,2022-03-23 07:38,2022-03-22T22:38:59Z,2022-03-23T07:38:59+0900,明神山・潮見山,16281691,yamap/16281691.md,2022年03月23日,明神山・潮見山,27539,True,single_high_confidence_candidate,
gpx/raw/yamap_2025-12-14_12_03.gpx,2025-12-14 12:03,2025-12-14T03:03:18Z,2025-12-14T12:03:18+0900,根太山,44962132,yamap/44962132.md,2025年12月14日(日),根太山,43398,True,single_high_confidence_candidate,
gpx/raw/yamap_2025-03-30_08_20.gpx,2025-03-30 08:20,2025-03-29T23:20:02Z,2025-03-30T08:20:02+0900,岳山,38766891,yamap/38766891.md,2025年03月30日(日),岳山,30002,True,single_high_confidence_candidate,
gpx/raw/yamap_2024-04-20_05_43.gpx,2024-04-20 05:43,2024-04-19T20:43:09Z,2024-04-20T05:43:09+0900,気多山・八辻ノ峰・五代ヶ森,31098993,yamap/31098993.md,2024年04月20日(土),気多山・八辻ノ峰・五代ヶ森,20589,True,single_high_confidence_candidate,
gpx/raw/yamap_2024-10-20_11_05.gpx,2024-10-20 11:05,2024-10-20T02:05:44Z,2024-10-20T11:05:44+0900,天堤山,35299950,yamap/35299950.md,2024年10月20日(日),天堤山,39944,True,single_high_confidence_candidate,
gpx/raw/yamap_2024-12-08_06_59.gpx,2024-12-08 06:59,2024-12-07T21:59:45Z,2024-12-08T06:59:45+0900,本尊山・秋葉山・立烏帽子山・明神山,36473567,yamap/36473567.md,2024年12月08日(日),本尊山・秋葉山・立烏帽子山・明神山,25185,True,single_high_confidence_candidate,
gpx/raw/yamap_2022-02-27_10_22.gpx,2022-02-27 10:22,2022-02-27T01:22:51Z,2022-02-27T10:22:51+0900,日王山,15886152,yamap/15886152.md,2022年02月27日,日王山,37371,True,single_high_confidence_candidate,
gpx/raw/yamap_2022-02-11_08_26.gpx,2022-02-11 08:26,2022-02-10T23:26:34Z,2022-02-11T08:26:34+0900,塩ヶ森・番駄ヶ森・ケタ山・大磨山・鍵山（象ヶ森）,15624334,yamap/15624334.md,2022年02月11日,塩ヶ森・番駄ヶ森・ケタ山・大磨山・鍵山（象ヶ森）,30394,True,single_high_confidence_candidate,
gpx/raw/yamap_2022-09-20_14_24.gpx,2022-09-20 14:24,2022-09-20T05:24:21Z,2022-09-20T14:24:21+0900,極山,19698830,yamap/19698830.md,2022年09月20日(火),極山,51861,True,single_high_confidence_candidate,
gpx/raw/yamap_2022-10-01_08_30.gpx,2022-10-01 08:30,2022-09-30T23:30:48Z,2022-10-01T08:30:48+0900,戸祇御前山,19911171,yamap/19911171.md,2022年10月01日(土),戸祇御前山,30648,True,single_high_confidence_candidate,
gpx/raw/yamap_2024-03-30_07_11.gpx,2024-03-30 07:11,2024-03-29T22:11:22Z,2024-03-30T07:11:22+0900,御祝山・横ノ森・小屋ヶ森・串ヶ森・目黒鳥屋・長尾森,30609975,yamap/30609975.md,2024年03月30日(土),御祝山・横ノ森・小屋ヶ森・串ヶ森・目黒鳥屋・長尾森,25882,True,single_high_confidence_candidate,
gpx/raw/yamap_2022-06-18_14_26.gpx,2022-06-18 14:26,2022-06-18T05:26:10Z,2022-06-18T14:26:10+0900,立石山,17999330,yamap/17999330.md,2022年06月18日(土),立石山,51970,True,single_high_confidence_candidate,
gpx/raw/yamap_2025-02-24_09_04.gpx,2025-02-24 09:04,2025-02-24T00:04:08Z,2025-02-24T09:04:08+0900,若いもん山,38067461,yamap/38067461.md,2025年02月24日(月),若いもん山,32648,True,single_high_confidence_candidate,
gpx/raw/yamap_2026-01-18_06_03.gpx,2026-01-18 06:03,2026-01-17T21:03:47Z,2026-01-18T06:03:47+0900,大判山,45624874,yamap/45624874.md,2026年01月18日(日),大判山,21827,True,single_high_confidence_candidate,
gpx/raw/yamap_2022-04-22_12_22.gpx,2022-04-22 12:22,2022-04-22T03:22:26Z,2022-04-22T12:22:26+0900,三滝山,16791907,yamap/16791907.md,2022年04月22日,三滝山,44546,True,single_high_confidence_candidate,
gpx/raw/yamap_2024-02-24_07_06.gpx,2024-02-24 07:06,2024-02-23T22:06:40Z,2024-02-24T07:06:40+0900,高月山・東高月山・郭公岳・櫨ヶ森・毛山,30009031,yamap/30009031.md,2024年02月24日(土),高月山・東高月山・郭公岳・櫨ヶ森・毛山,25600,True,single_high_confidence_candidate,
gpx/raw/yamap_2025-04-19_07_10.gpx,2025-04-19 07:10,2025-04-18T22:10:41Z,2025-04-19T07:10:41+0900,小屋山・丸石山,39224272,yamap/39224272.md,2025年04月19日(土),小屋山・丸石山,25841,True,single_high_confidence_candidate,
gpx/raw/yamap_2022-09-14_12_28.gpx,2022-09-14 12:28,2022-09-14T03:28:25Z,2022-09-14T12:28:25+0900,松軒山,19588038,yamap/19588038.md,2022年09月14日(水),松軒山,44905,True,single_high_confidence_candidate,
gpx/raw/yamap_2025-04-04_06_19.gpx,2025-04-04 06:19,2025-04-03T21:19:43Z,2025-04-04T06:19:43+0900,コクゾ峰,38860677,yamap/38860677.md,2025年04月04日(金),コクゾ峰,22783,True,single_high_confidence_candidate,
gpx/raw/yamap_2024-01-27_10_11.gpx,2024-01-27 10:11,2024-01-27T01:11:01Z,2024-01-27T10:11:01+0900,御串山,29474188,yamap/29474188.md,2024年01月27日(土),御串山,36661,True,single_high_confidence_candidate,
gpx/raw/yamap_2023-01-03_07_36.gpx,2023-01-03 07:36,2023-01-02T22:36:56Z,2023-01-03T07:36:56+0900,福見山・河原樋山・真松嶺・柿王寺森,21774169,yamap/21774169.md,2023年01月03日(火),福見山・河原樋山・真松嶺・柿王寺森,27416,True,single_high_confidence_candidate,
gpx/raw/yamap_2022-05-22_08_09.gpx,2022-05-22 08:09,2022-05-21T23:09:05Z,2022-05-22T08:09:05+0900,石鎚山・天狗岳・南尖峰,17465823,yamap/17465823.md,2022年05月22日(日) (日帰り),石鎚山・天狗岳・南尖峰,29345,True,single_high_confidence_candidate,
gpx/raw/yamap_2022-03-12_09_19.gpx,2022-03-12 09:19,2022-03-12T00:19:33Z,2022-03-12T09:19:33+0900,道後山,16081025,yamap/16081025.md,2022年03月12日,道後山,33573,True,single_high_confidence_candidate,
gpx/raw/yamap_2022-01-22_09_04.gpx,2022-01-22 09:04,2022-01-22T00:04:02Z,2022-01-22T09:04:02+0900,高森山・岩伽羅山・衣掛山・吉山(吉山城址),15336083,yamap/15336083.md,2022年01月22日,高森山・岩伽羅山・衣掛山・吉山(吉山城址),32642,True,single_high_confidence_candidate,
gpx/raw/yamap_2022-05-25_09_48.gpx,2022-05-25 09:48,2022-05-25T00:48:01Z,2022-05-25T09:48:01+0900,自念子ノ頭,17536161,yamap/17536161.md,2022年05月25日(水) (日帰り),自念子ノ頭,35281,True,single_high_confidence_candidate,
gpx/raw/yamap_2022-10-14_13_42.gpx,2022-10-14 13:42,2022-10-14T04:42:38Z,2022-10-14T13:42:38+0900,泰の山,20216474,yamap/20216474.md,2022年10月14日(金),泰の山,49358,True,single_high_confidence_candidate,
gpx/raw/yamap_2022-09-15_09_20.gpx,2022-09-15 09:20,2022-09-15T00:20:55Z,2022-09-15T09:20:55+0900,三山,19600002,yamap/19600002.md,2022年09月15日(木),三山,33655,True,single_high_confidence_candidate,
gpx/raw/yamap_2023-10-13_10_02.gpx,2023-10-13 10:02,2023-10-13T01:02:28Z,2023-10-13T10:02:28+0900,ベツソ山・歯朶谷山,27393055,yamap/27393055.md,2023年10月13日(金),ベツソ山・歯朶谷山,36148,True,single_high_confidence_candidate,
gpx/raw/yamap_2024-05-03_08_45.gpx,2024-05-03 08:45,2024-05-02T23:45:24Z,2024-05-03T08:45:24+0900,面河山,31444117,yamap/31444117.md,2024年05月03日(金),面河山,31524,True,single_high_confidence_candidate,
gpx/raw/yamap_2022-06-16_16_00.gpx,2022-06-16 16:00,2022-06-16T07:00:09Z,2022-06-16T16:00:09+0900,姫草,17955297,yamap/17955297.md,2022年06月16日(木) (日帰り),姫草,57609,True,single_high_confidence_candidate,
gpx/raw/yamap_2022-12-25_11_10.gpx,2022-12-25 11:10,2022-12-25T02:10:54Z,2022-12-25T11:10:54+0900,海山,21590913,yamap/21590913.md,2022年12月25日(日),海山,40254,True,single_high_confidence_candidate,
gpx/raw/yamap_2022-03-20_07_06.gpx,2022-03-20 07:06,2022-03-19T22:06:05Z,2022-03-20T07:06:05+0900,大久保山・八里ヶ峠・中坂山・天神山・室岡山・潮見山,16209216,yamap/16209216.md,2022年03月20日,大久保山・八里ヶ峠・中坂山・天神山・室岡山・潮見山,25565,True,single_high_confidence_candidate,
gpx/raw/yamap_2025-03-02_13_17.gpx,2025-03-02 13:17,2025-03-02T04:17:33Z,2025-03-02T13:17:33+0900,階上山,38227665,yamap/38227665.md,2025年03月02日(日),階上山,47853,True,single_high_confidence_candidate,
gpx/raw/yamap_2026-01-31_07_40.gpx,2026-01-31 07:40,2026-01-30T22:40:10Z,2026-01-31T07:40:10+0900,槇ノ山,45848201,yamap/45848201.md,2026年01月31日(土),槇ノ山,27610,True,single_high_confidence_candidate,
gpx/raw/yamap_2024-05-11_07_45.gpx,2024-05-11 07:45,2024-05-10T22:45:49Z,2024-05-11T07:45:49+0900,丸笹山,31683137,yamap/31683137.md,2024年05月11日(土),丸笹山,27949,True,single_high_confidence_candidate,
gpx/raw/yamap_2025-04-06_08_48.gpx,2025-04-06 08:48,2025-04-05T23:48:40Z,2025-04-06T08:48:40+0900,加塚山,38951022,yamap/38951022.md,2025年04月06日(日),加塚山,31720,True,single_high_confidence_candidate,
gpx/raw/yamap_2024-02-10_09_58.gpx,2024-02-10 09:58,2024-02-10T00:58:30Z,2024-02-10T09:58:30+0900,熊ガ峰,29720992,yamap/29720992.md,2024年02月10日(土),熊ガ峰,35910,True,single_high_confidence_candidate,
gpx/raw/yamap_2022-02-28_13_13.gpx,2022-02-28 13:13,2022-02-28T04:13:00Z,2022-02-28T13:13:00+0900,花木山,15920024,yamap/15920024.md,2022年02月28日,花木山,47580,True,single_high_confidence_candidate,
gpx/raw/yamap_2023-06-11_11_57.gpx,2023-06-11 11:57,2023-06-11T02:57:51Z,2023-06-11T11:57:51+0900,五葉が森,24842919,yamap/24842919.md,2023年06月11日(日),五葉が森,43071,True,single_high_confidence_candidate,
gpx/raw/yamap_2025-01-30_14_42.gpx,2025-01-30 14:42,2025-01-30T05:42:09Z,2025-01-30T14:42:09+0900,八堂山,37550157,yamap/37550157.md,2025年01月30日(木),八堂山,52929,True,single_high_confidence_candidate,
gpx/raw/yamap_2025-04-09_06_48.gpx,2025-04-09 06:48,2025-04-08T21:48:13Z,2025-04-09T06:48:13+0900,新谷神南山・五十崎神南山,39003887,yamap/39003887.md,2025年04月09日(水),新谷神南山・五十崎神南山,24493,True,single_high_confidence_candidate,
gpx/raw/yamap_2023-03-15_09_53.gpx,2023-03-15 09:53,2023-03-15T00:53:44Z,2023-03-15T09:53:44+0900,真城ヶ台,22997019,yamap/22997019.md,2023年03月15日(水),真城ヶ台,35624,True,single_high_confidence_candidate,
gpx/raw/yamap_2022-04-09_14_44.gpx,2022-04-09 14:44,2022-04-09T05:44:41Z,2022-04-09T14:44:41+0900,大月山・高縄山,16566166,yamap/16566166.md,2022年04月09日,大月山・高縄山,53081,True,single_high_confidence_candidate,
gpx/raw/yamap_2025-01-30_12_21.gpx,2025-01-30 12:21,2025-01-30T03:21:21Z,2025-01-30T12:21:21+0900,垣生山,37545783,yamap/37545783.md,2025年01月30日(木),垣生山,44481,True,single_high_confidence_candidate,
gpx/raw/yamap_2022-06-29_08_48.gpx,2022-06-29 08:48,2022-06-28T23:48:51Z,2022-06-29T08:48:51+0900,横山(横山城址),18196317,yamap/18196317.md,2022年06月29日,横山(横山城址),31731,True,single_high_confidence_candidate,
gpx/raw/yamap_2025-02-28_10_24.gpx,2025-02-28 10:24,2025-02-28T01:24:55Z,2025-02-28T10:24:55+0900,幻城下城,38147328,yamap/38147328.md,2025年02月28日(金),幻城下城,37495,True,single_high_confidence_candidate,
gpx/raw/yamap_2026-03-15_10_21.gpx,2026-03-15 10:21,2026-03-15T01:21:45Z,2026-03-15T10:21:45+0900,高研山,46761778,yamap/46761778.md,2026年03月15日(日),高研山,37305,True,single_high_confidence_candidate,
gpx/raw/yamap_2023-01-21_11_14.gpx,2023-01-21 11:14,2023-01-21T02:14:41Z,2023-01-21T11:14:41+0900,権現山,22062877,yamap/22062877.md,2023年01月21日(土),権現山,40481,True,single_high_confidence_candidate,
gpx/raw/yamap_2024-07-28_15_53.gpx,2024-07-28 15:53,2024-07-28T06:53:17Z,2024-07-28T15:53:17+0900,岩屋山,33413387,yamap/33413387.md,2024年07月28日(日),岩屋山,57197,True,single_high_confidence_candidate,
gpx/raw/yamap_2026-01-07_07_05.gpx,2026-01-07 07:05,2026-01-06T22:05:22Z,2026-01-07T07:05:22+0900,御在所山,45404158,yamap/45404158.md,2026年01月07日(水),御在所山,25522,True,single_high_confidence_candidate,
gpx/raw/yamap_2023-04-18_10_53.gpx,2023-04-18 10:53,2023-04-18T01:53:48Z,2023-04-18T10:53:48+0900,黒滝山・木久ヶ森,23615484,yamap/23615484.md,2023年04月18日(火),黒滝山・木久ヶ森,39228,True,single_high_confidence_candidate,
gpx/raw/yamap_2025-12-14_08_56.gpx,2025-12-14 08:56,2025-12-13T23:56:50Z,2025-12-14T08:56:50+0900,梁瀬山・紅葉山,44958594,yamap/44958594.md,2025年12月14日(日),梁瀬山・紅葉山,32210,True,single_high_confidence_candidate,
gpx/raw/yamap_2022-02-09_10_01.gpx,2022-02-09 10:01,2022-02-09T01:01:56Z,2022-02-09T10:01:56+0900,佐田岬と伽藍山,15598504,yamap/15598504.md,2022年02月09日,佐田岬と伽藍山,36116,True,single_high_confidence_candidate,
gpx/raw/yamap_2026-02-07_07_21.gpx,2026-02-07 07:21,2026-02-06T22:21:56Z,2026-02-07T07:21:56+0900,牛の峰・尻高峰,45986574,yamap/45986574.md,2026年02月07日(土),牛の峰・尻高峰,26516,True,single_high_confidence_candidate,
gpx/raw/yamap_2022-06-18_13_12.gpx,2022-06-18 13:12,2022-06-18T04:12:19Z,2022-06-18T13:12:19+0900,鉢巻山,17993401,yamap/17993401.md,2022年06月18日(土),鉢巻山,47539,True,single_high_confidence_candidate,
gpx/raw/yamap_2022-09-07_13_28.gpx,2022-09-07 13:28,2022-09-07T04:28:08Z,2022-09-07T13:28:08+0900,湯築山,19437997,yamap/19437997.md,2022年09月07日(水),湯築山,48488,True,single_high_confidence_candidate,
gpx/raw/yamap_2022-07-14_11_15.gpx,2022-07-14 11:15,2022-07-14T02:15:47Z,2022-07-14T11:15:47+0900,龍石山,18428061,yamap/18428061.md,2022年07月14日(木),龍石山,40547,True,single_high_confidence_candidate,
gpx/raw/yamap_2025-10-23_15_58.gpx,2025-10-23 15:58,2025-10-23T06:58:32Z,2025-10-23T15:58:32+0900,大峰,43811493,yamap/43811493.md,2025年10月23日(木),大峰,57512,True,single_high_confidence_candidate,
gpx/raw/yamap_2022-01-15_08_17.gpx,2022-01-15 08:17,2022-01-14T23:17:49Z,2022-01-15T08:17:49+0900,関ヶ森・観音山・倉谷山・芝ヶ峠,15239274,yamap/15239274.md,2022年01月15日,関ヶ森・観音山・倉谷山・芝ヶ峠,29869,True,single_high_confidence_candidate,
gpx/raw/yamap_2023-01-08_09_18.gpx,2023-01-08 09:18,2023-01-08T00:18:56Z,2023-01-08T09:18:56+0900,権現山,21864997,yamap/21864997.md,2023年01月08日(日),権現山,33536,True,single_high_confidence_candidate,
gpx/raw/yamap_2025-03-17_13_17.gpx,2025-03-17 13:17,2025-03-17T04:17:00Z,2025-03-17T13:17:00+0900,高森山,38474523,yamap/38474523.md,2025年03月17日(月),高森山,47820,True,single_high_confidence_candidate,
gpx/raw/yamap_2023-03-11_06_08.gpx,2023-03-11 06:08,2023-03-10T21:08:36Z,2023-03-11T06:08:36+0900,福見山・明神ヶ森・南三方ヶ森・魚谷森・左谷ノ森,22917822,yamap/22917822.md,2023年03月11日(土),福見山・明神ヶ森・南三方ヶ森・魚谷森・左谷ノ森,22116,True,single_high_confidence_candidate,
gpx/raw/yamap_2022-11-07_12_37.gpx,2022-11-07 12:37,2022-11-07T03:37:31Z,2022-11-07T12:37:31+0900,鹿島山,20840182,yamap/20840182.md,2022年11月07日(月),鹿島山,45451,True,single_high_confidence_candidate,
gpx/raw/yamap_2025-02-09_11_27.gpx,2025-02-09 11:27,2025-02-09T02:27:45Z,2025-02-09T11:27:45+0900,高取山,37710332,yamap/37710332.md,2025年02月09日(日),高取山,41265,True,single_high_confidence_candidate,
gpx/raw/yamap_2024-03-03_13_33.gpx,2024-03-03 13:33,2024-03-03T04:33:59Z,2024-03-03T13:33:59+0900,天ガ森,30171840,yamap/30171840.md,2024年03月03日(日),天ガ森,48839,True,single_high_confidence_candidate,
gpx/raw/yamap_2022-09-15_12_35.gpx,2022-09-15 12:35,2022-09-15T03:35:22Z,2022-09-15T12:35:22+0900,石灰山・古法皇山,19604820,yamap/19604820.md,2022年09月15日(木),石灰山・古法皇山,45322,True,single_high_confidence_candidate,
gpx/raw/yamap_2026-03-08_08_05.gpx,2026-03-08 08:05,2026-03-07T23:05:50Z,2026-03-08T08:05:50+0900,峰畑山,46597643,yamap/46597643.md,2026年03月08日(日),峰畑山,29150,True,single_high_confidence_candidate,
gpx/raw/yamap_2025-12-20_07_28.gpx,2025-12-20 07:28,2025-12-19T22:28:55Z,2025-12-20T07:28:55+0900,池ノ城山,45030933,yamap/45030933.md,2025年12月20日(土),池ノ城山,26935,True,single_high_confidence_candidate,
gpx/raw/yamap_2024-03-03_08_44.gpx,2024-03-03 08:44,2024-03-02T23:44:14Z,2024-03-03T08:44:14+0900,観音岳,30141050,yamap/30141050.md,2024年03月03日(日),観音岳,31454,True,single_high_confidence_candidate,
gpx/raw/yamap_2024-05-15_11_16.gpx,2024-05-15 11:16,2024-05-15T02:16:58Z,2024-05-15T11:16:58+0900,名石山,31778883,yamap/31778883.md,2024年05月15日(水),名石山,40618,True,single_high_confidence_candidate,
gpx/raw/yamap_2022-06-18_11_15.gpx,2022-06-18 11:15,2022-06-18T02:15:18Z,2022-06-18T11:15:18+0900,積善山,17985256,yamap/17985256.md,2022年06月18日(土),積善山,40518,True,single_high_confidence_candidate,
gpx/raw/yamap_2022-12-12_10_30.gpx,2022-12-12 10:30,2022-12-12T01:30:09Z,2022-12-12T10:30:09+0900,扇山,21457449,yamap/21457449.md,2022年12月12日(月),扇山,37809,True,single_high_confidence_candidate,
gpx/raw/yamap_2026-01-11_10_38.gpx,2026-01-11 10:38,2026-01-11T01:38:00Z,2026-01-11T10:38:00+0900,陣が森岳,45483289,yamap/45483289.md,2026年01月11日(日),陣が森岳,38280,True,single_high_confidence_candidate,
gpx/raw/yamap_2022-04-22_14_13.gpx,2022-04-22 14:13,2022-04-22T05:13:47Z,2022-04-22T14:13:47+0900,雨包山,16791908,yamap/16791908.md,2022年04月22日,雨包山,51227,True,single_high_confidence_candidate,
gpx/raw/yamap_2026-01-31_13_52.gpx,2026-01-31 13:52,2026-01-31T04:52:00Z,2026-01-31T13:52:00+0900,高森山,45870080,yamap/45870080.md,2026年01月31日(土),高森山,49920,True,single_high_confidence_candidate,
gpx/raw/yamap_2023-01-28_11_53.gpx,2023-01-28 11:53,2023-01-28T02:53:36Z,2023-01-28T11:53:36+0900,鳥越山,22163782,yamap/22163782.md,2023年01月28日(土),鳥越山,42816,True,single_high_confidence_candidate,
gpx/raw/yamap_2023-09-06_13_30.gpx,2023-09-06 13:30,2023-09-06T04:33:16Z,2023-09-06T13:33:16+0900,冠岳,26580294,yamap/26580294.md,2023年09月06日(水),冠岳,48796,True,single_high_confidence_candidate,
gpx/raw/yamap_2022-05-15_06_10.gpx,2022-05-15 06:10,2022-05-14T21:10:59Z,2022-05-15T06:10:59+0900,割石東山・青滝山・堂ヶ森,17344616,yamap/17344616.md,2022年05月15日(日) (日帰り),割石東山・青滝山・堂ヶ森,22259,True,single_high_confidence_candidate,
gpx/raw/yamap_2022-12-25_12_44.gpx,2022-12-25 12:44,2022-12-25T03:44:58Z,2022-12-25T12:44:58+0900,唐子山,21596150,yamap/21596150.md,2022年12月25日(日),唐子山,45898,True,single_high_confidence_candidate,
gpx/raw/yamap_2023-10-22_06_44.gpx,2023-10-22 06:44,2023-10-21T21:44:35Z,2023-10-22T06:44:35+0900,二ノ岳・高森,27625682,yamap/27625682.md,2023年10月22日(日),二ノ岳・高森,24275,True,single_high_confidence_candidate,
gpx/raw/yamap_2022-09-15_11_50.gpx,2022-09-15 11:50,2022-09-15T02:50:04Z,2022-09-15T11:50:04+0900,久司山,19601222,yamap/19601222.md,2022年09月15日(木),久司山,42604,True,single_high_confidence_candidate,
gpx/raw/yamap_2022-09-09_06_58.gpx,2022-09-09 06:58,2022-09-08T21:58:48Z,2022-09-09T06:58:48+0900,寒風山・笹ヶ峰・ちち山,19457807,yamap/19457807.md,2022年09月09日(金),寒風山・笹ヶ峰・ちち山,25128,True,single_high_confidence_candidate,
gpx/raw/yamap_2025-03-30_12_56.gpx,2025-03-30 12:56,2025-03-30T03:56:26Z,2025-03-30T12:56:26+0900,京の森・大迫山,38792934,yamap/38792934.md,2025年03月30日(日),京の森・大迫山,46586,True,single_high_confidence_candidate,
gpx/raw/yamap_2022-05-05_13_29.gpx,2022-05-05 13:29,2022-05-05T04:29:53Z,2022-05-05T13:29:53+0900,陣ヶ森・前々司山・うなめご,17142799,yamap/17142799.md,2022年05月05日(木) (日帰り),陣ヶ森・前々司山・うなめご,48593,True,single_high_confidence_candidate,
gpx/raw/yamap_2026-03-21_14_58.gpx,2026-03-21 14:58,2026-03-21T05:57:59Z,2026-03-21T14:57:59+0900,雨霧山,46921882,yamap/46921882.md,2026年03月21日(土),雨霧山,53879,True,single_high_confidence_candidate,
gpx/raw/yamap_2024-12-15_07_21.gpx,2024-12-15 07:21,2024-12-14T22:21:48Z,2024-12-15T07:21:48+0900,陣が森・岩が森・スクモ塚・高萩山・長者森,36604386,yamap/36604386.md,2024年12月15日(日),陣が森・岩が森・スクモ塚・高萩山・長者森,26508,True,single_high_confidence_candidate,
gpx/raw/yamap_2022-10-04_12_47.gpx,2022-10-04 12:47,2022-10-04T03:47:18Z,2022-10-04T12:47:18+0900,泉ガ森,20029187,yamap/20029187.md,2022年10月04日(火),泉ガ森,46038,True,single_high_confidence_candidate,
gpx/raw/yamap_2022-07-21_10_02.gpx,2022-07-21 10:02,2022-07-21T01:02:37Z,2022-07-21T10:02:37+0900,子持山（頂上にたどり着けず）,18543106,yamap/18543106.md,2022年07月21日(木),子持山（頂上にたどり着けず）,36157,True,single_high_confidence_candidate,
gpx/raw/yamap_2025-01-03_07_19.gpx,2025-01-03 07:19,2025-01-02T22:19:23Z,2025-01-03T07:19:23+0900,壺神山・滝山・足山・皿が森,36988248,yamap/36988248.md,2025年01月03日(金),壺神山・滝山・足山・皿が森,26363,True,single_high_confidence_candidate,
gpx/raw/yamap_2024-03-03_10_00.gpx,2024-03-03 10:00,2024-03-03T01:00:58Z,2024-03-03T10:00:58+0900,音無山,30154001,yamap/30154001.md,2024年03月03日(日),音無山,36058,True,single_high_confidence_candidate,
gpx/raw/yamap_2023-12-17_10_30.gpx,2023-12-17 10:30,2023-12-17T01:30:50Z,2023-12-17T10:30:50+0900,平岡山(平岡城址) ,28790948,yamap/28790948.md,2023年12月17日(日),平岡山(平岡城址),37850,True,single_high_confidence_candidate,
gpx/raw/yamap_2022-11-26_04_41.gpx,2022-11-26 04:41,2022-11-25T19:41:14Z,2022-11-26T04:41:14+0900,銅山峰・西山・綱繰山・獅子舞の鼻・冠山・平家平,21174105,yamap/21174105.md,2022年11月26日(土),銅山峰・西山・綱繰山・獅子舞の鼻・冠山・平家平,16874,True,single_high_confidence_candidate,
gpx/raw/yamap_2025-01-11_11_51.gpx,2025-01-11 11:51,2025-01-11T02:51:40Z,2025-01-11T11:51:40+0900,勝山,37120765,yamap/37120765.md,2025年01月11日(土),勝山,42700,True,single_high_confidence_candidate,
gpx/raw/yamap_2022-01-28_12_28.gpx,2022-01-28 12:28,2022-01-28T03:28:14Z,2022-01-28T12:28:14+0900,尾ノ峰・新城山・腰折山・恵良山,15415794,yamap/15415794.md,2022年01月28日,尾ノ峰・新城山・腰折山・恵良山,44894,True,single_high_confidence_candidate,
gpx/raw/yamap_2026-04-19_07_43.gpx,2026-04-19 07:43,2026-04-18T22:43:54Z,2026-04-19T07:43:54+0900,雨乞山,47548792,yamap/47548792.md,2026年04月19日(日),雨乞山,27834,True,single_high_confidence_candidate,
gpx/raw/yamap_2025-02-28_07_34.gpx,2025-02-28 07:34,2025-02-27T22:34:19Z,2025-02-28T07:34:19+0900,綱付山・幻城上城,38146692,yamap/38146692.md,2025年02月28日(金),綱付山・幻城上城,27259,True,single_high_confidence_candidate,
gpx/raw/yamap_2024-02-10_07_09.gpx,2024-02-10 07:09,2024-02-09T22:09:48Z,2024-02-10T07:09:48+0900,鳥屋ヶ森,29712865,yamap/29712865.md,2024年02月10日(土),鳥屋ヶ森,25788,True,single_high_confidence_candidate,
gpx/raw/yamap_2026-01-04_08_20.gpx,2026-01-04 08:20,2026-01-03T23:20:34Z,2026-01-04T08:20:34+0900,雨森山,45349128,yamap/45349128.md,2026年01月04日(日),雨森山,30034,True,single_high_confidence_candidate,
gpx/raw/yamap_2022-10-27_13_37.gpx,2022-10-27 13:37,2022-10-27T04:37:54Z,2022-10-27T13:37:54+0900,冨士山,20527420,yamap/20527420.md,2022年10月27日(木),冨士山,49074,True,single_high_confidence_candidate,
gpx/raw/yamap_2023-01-21_12_43.gpx,2023-01-21 12:43,2023-01-21T03:43:51Z,2023-01-21T12:43:51+0900,石神山・金比羅山,22078154,yamap/22078154.md,2023年01月21日(土),石神山・金比羅山,45831,True,single_high_confidence_candidate,
gpx/raw/yamap_2025-02-09_07_31.gpx,2025-02-09 07:31,2025-02-08T22:31:58Z,2025-02-09T07:31:58+0900,カレイ山,37702991,yamap/37702991.md,2025年02月09日(日),カレイ山,27118,True,single_high_confidence_candidate,
gpx/raw/yamap_2022-10-14_12_05.gpx,2022-10-14 12:05,2022-10-14T03:05:20Z,2022-10-14T12:05:20+0900,高戸山,20211117,yamap/20211117.md,2022年10月14日(金),高戸山,43520,True,single_high_confidence_candidate,
gpx/raw/yamap_2023-03-20_15_17.gpx,2023-03-20 15:17,2023-03-20T06:17:02Z,2023-03-20T15:17:02+0900,千羽ヶ岳,23107258,yamap/23107258.md,2023年03月20日(月),千羽ヶ岳,55022,True,single_high_confidence_candidate,
gpx/raw/yamap_2025-02-24_10_12.gpx,2025-02-24 10:12,2025-02-24T01:12:39Z,2025-02-24T10:12:39+0900,霊仙山,38070494,yamap/38070494.md,2025年02月24日(月),霊仙山,36759,True,single_high_confidence_candidate,
gpx/raw/yamap_2022-04-22_17_29.gpx,2022-04-22 17:29,2022-04-22T08:29:52Z,2022-04-22T17:29:52+0900,碁石ヶ森,16795124,yamap/16795124.md,2022年04月22日,碁石ヶ森,62992,True,single_high_confidence_candidate,
gpx/raw/yamap_2026-05-06_07_28.gpx,2026-05-06 07:28,2026-05-05T22:28:55Z,2026-05-06T07:28:55+0900,丸山・ちち山・笹ヶ峰,48114780,yamap/48114780.md,2026年05月06日(水),丸山・ちち山・笹ヶ峰,26935,True,single_high_confidence_candidate,
gpx/raw/yamap_2022-03-13_09_49.gpx,2022-03-13 09:49,2022-03-13T00:49:15Z,2022-03-13T09:49:15+0900,倉谷山・芝ヶ峠・淡路ヶ峠・宝ヶ峯,16124915,yamap/16124915.md,2022年03月13日,倉谷山・芝ヶ峠・淡路ヶ峠・宝ヶ峯,35355,True,single_high_confidence_candidate,
gpx/raw/yamap_2023-12-17_07_11.gpx,2023-12-17 07:11,2023-12-16T22:11:12Z,2023-12-17T07:11:12+0900,総津権現山,28786782,yamap/28786782.md,2023年12月17日(日),総津権現山,25872,True,single_high_confidence_candidate,
gpx/raw/yamap_2024-04-28_07_11.gpx,2024-04-28 07:11,2024-04-27T22:11:15Z,2024-04-28T07:11:15+0900,狼ヶ城山,31238258,yamap/31238258.md,2024年04月28日(日),狼ヶ城山,25875,True,single_high_confidence_candidate,
gpx/raw/yamap_2022-12-25_10_46.gpx,2022-12-25 10:46,2022-12-25T01:46:04Z,2022-12-25T10:46:04+0900,塔ノ峰,21590134,yamap/21590134.md,2022年12月25日(日),塔ノ峰,38764,True,single_high_confidence_candidate,
gpx/raw/yamap_2024-01-27_08_01.gpx,2024-01-27 08:01,2024-01-26T23:01:50Z,2024-01-27T08:01:50+0900,大空山,29473138,yamap/29473138.md,2024年01月27日(土),大空山,28910,True,single_high_confidence_candidate,
gpx/raw/yamap_2022-10-21_12_15.gpx,2022-10-21 12:15,2022-10-21T03:15:00Z,2022-10-21T12:15:00+0900,愛ノ山,20375635,yamap/20375635.md,2022年10月21日(金),愛ノ山,44100,True,single_high_confidence_candidate,
gpx/raw/yamap_2022-03-09_10_20.gpx,2022-03-09 10:20,2022-03-09T01:20:11Z,2022-03-09T10:20:11+0900,稔山,16050141,yamap/16050141.md,2022年03月09日,稔山,37211,True,single_high_confidence_candidate,
gpx/raw/yamap_2022-10-03_14_57.gpx,2022-10-03 14:57,2022-10-03T05:57:33Z,2022-10-03T14:57:33+0900,雄甲山・雌甲山,20017361,yamap/20017361.md,2022年10月03日(月),雄甲山・雌甲山,53853,True,single_high_confidence_candidate,
gpx/raw/yamap_2024-04-07_06_45.gpx,2024-04-07 06:45,2024-04-06T21:45:15Z,2024-04-07T06:45:15+0900,二箆山・西雑誌山,30816685,yamap/30816685.md,2024年04月07日(日),二箆山・西雑誌山,24315,True,single_high_confidence_candidate,
gpx/raw/yamap_2022-04-25_11_35.gpx,2022-04-25 11:35,2022-04-25T02:35:33Z,2022-04-25T11:35:33+0900,伊之子山・左谷ノ森,16864115,yamap/16864115.md,2022年04月25日,横岳・大川入山,41733,False,needs_review,"date match, title mismatch"
gpx/raw/yamap_2022-04-25_11_35.gpx,2022-04-25 11:35,2022-04-25T02:35:33Z,2022-04-25T11:35:33+0900,伊之子山・左谷ノ森,16864667,yamap/16864667.md,2022年04月25日,二ッ箭山・暑いです！！,41733,False,needs_review,"date match, title mismatch"
gpx/raw/yamap_2023-01-21_09_56.gpx,2023-01-21 09:56,2023-01-21T00:56:37Z,2023-01-21T09:56:37+0900,大森山,22060688,yamap/22060688.md,2023年01月21日(土),大森山,35797,True,single_high_confidence_candidate,
gpx/raw/yamap_2026-03-06_09_00.gpx,2026-03-06 09:00,2026-03-06T00:00:43Z,2026-03-06T09:00:43+0900,世田山・笠松山東峰・笠松山,46554928,yamap/46554928.md,2026年03月06日(金),世田山・笠松山東峰・笠松山,32443,True,single_high_confidence_candidate,
gpx/raw/yamap_2024-05-19_08_47.gpx,2024-05-19 08:47,2024-05-18T23:47:55Z,2024-05-19T08:47:55+0900,二反山・青刈山,,,,,,False,no_candidate,
gpx/raw/yamap_2026-02-14_13_33.gpx,2026-02-14 13:33,2026-02-14T04:33:01Z,2026-02-14T13:33:01+0900,権現山,46132478,yamap/46132478.md,2026年02月14日(土),権現山,48781,True,single_high_confidence_candidate,
gpx/raw/yamap_2025-03-23_11_12.gpx,2025-03-23 11:12,2025-03-23T02:12:32Z,2025-03-23T11:12:32+0900,北ヶ森・高土の峰,38638447,yamap/38638447.md,2025年03月23日(日),北ヶ森・高土の峰,40352,True,single_high_confidence_candidate,
gpx/raw/yamap_2022-09-26_12_07.gpx,2022-09-26 12:07,2022-09-26T03:07:02Z,2022-09-26T12:07:02+0900,三本榎,19830861,yamap/19830861.md,2022年09月26日(月),三本榎,43622,True,single_high_confidence_candidate,
gpx/raw/yamap_2022-10-28_06_21.gpx,2022-10-28 06:21,2022-10-27T21:21:42Z,2022-10-28T06:21:42+0900,割石峠山・石墨山・法師山・白猪山・根無山・樽谷山・梅ヶ谷山,20542185,yamap/20542185.md,2022年10月28日(金),割石峠山・石墨山・法師山・白猪山・根無山・樽谷山・梅ヶ谷山,22902,True,single_high_confidence_candidate,
gpx/raw/yamap_2022-09-26_14_04.gpx,2022-09-26 14:04,2022-09-26T05:05:05Z,2022-09-26T14:05:05+0900,鏡山,19833941,yamap/19833941.md,2022年09月26日(月),鏡山,50705,True,single_high_confidence_candidate,
gpx/raw/yamap_2024-01-14_10_18.gpx,2024-01-14 10:18,2024-01-14T01:18:40Z,2024-01-14T10:18:40+0900,竜門山・大黒山,29318444,yamap/29318444.md,2024年01月14日(日),竜門山・大黒山,37120,True,single_high_confidence_candidate,
gpx/raw/yamap_2026-04-29_06_34.gpx,2026-04-29 06:34,2026-04-28T21:34:08Z,2026-04-29T06:34:08+0900,面木山・黒森,47818000,yamap/47818000.md,2026年04月29日(水),面木山・黒森,23648,True,single_high_confidence_candidate,
gpx/raw/yamap_2024-10-14_04_48.gpx,2024-10-14 04:48,2024-10-13T19:48:21Z,2024-10-14T04:48:21+0900,三ッ足山・カガマシ山・橡尾山・笹ヶ峰,35193395,yamap/35193395.md,2024年10月14日(月),三ッ足山・カガマシ山・橡尾山・笹ヶ峰,17301,True,single_high_confidence_candidate,
gpx/raw/yamap_2023-01-08_14_24.gpx,2023-01-08 14:24,2023-01-08T05:24:29Z,2023-01-08T14:24:29+0900,黒瀬山(黒瀬城址)・岡山(岡山城址)・鉢ヶ森(鉢ヶ森城址)・護摩ヶ森(護摩ヶ森城址)・我合山(...,21888400,yamap/21888400.md,2023年01月08日(日),黒瀬山(黒瀬城址)・岡山(岡山城址)・鉢ヶ森(鉢ヶ森城址)・護摩ヶ森(護摩ヶ森城址)・我合山(...,51869,True,single_high_confidence_candidate,
gpx/raw/yamap_2026-02-22_06_23.gpx,2026-02-22 06:23,2026-02-21T21:23:50Z,2026-02-22T06:23:50+0900,大森山,46298145,yamap/46298145.md,2026年02月22日(日),大森山,23030,True,single_high_confidence_candidate,
gpx/raw/yamap_2023-01-28_12_19.gpx,2023-01-28 12:19,2023-01-28T03:19:29Z,2023-01-28T12:19:29+0900,谷田山・金毘羅山,22167454,yamap/22167454.md,2023年01月28日(土),谷田山・金毘羅山,44369,True,single_high_confidence_candidate,
gpx/raw/yamap_2022-02-15_10_36.gpx,2022-02-15 10:36,2022-02-15T01:36:41Z,2022-02-15T10:36:41+0900,天神山・御幸寺山,15707049,yamap/15707049.md,2022年02月15日,天神山・御幸寺山,38201,True,single_high_confidence_candidate,
gpx/raw/yamap_2024-06-16_07_27.gpx,2024-06-16 07:27,2024-06-15T22:27:58Z,2024-06-16T07:27:58+0900,薬師山,,,,,,False,no_candidate,
gpx/raw/yamap_2026-03-17_06_58.gpx,2026-03-17 06:58,2026-03-16T21:57:39Z,2026-03-17T06:57:39+0900,大ノ森,46818948,yamap/46818948.md,2026年03月17日(火),大ノ森,25059,True,single_high_confidence_candidate,
gpx/raw/yamap_2026-01-04_11_16.gpx,2026-01-04 11:16,2026-01-04T02:16:46Z,2026-01-04T11:16:46+0900,峠ヶ森,45357346,yamap/45357346.md,2026年01月04日(日),峠ヶ森,40606,True,single_high_confidence_candidate,
gpx/raw/yamap_2022-05-07_14_18.gpx,2022-05-07 14:18,2022-05-07T05:18:00Z,2022-05-07T14:18:00+0900,平石山,17195739,yamap/17195739.md,2022年05月07日,平石山,51480,True,single_high_confidence_candidate,
gpx/raw/yamap_2023-01-21_10_45.gpx,2023-01-21 10:45,2023-01-21T01:45:40Z,2023-01-21T10:45:40+0900,見晴山,22061577,yamap/22061577.md,2023年01月21日(土),見晴山,38740,True,single_high_confidence_candidate,
gpx/raw/yamap_2025-02-24_07_30.gpx,2025-02-24 07:30,2025-02-23T22:30:42Z,2025-02-24T07:30:42+0900,無宗天山,38067457,yamap/38067457.md,2025年02月24日(月),無宗天山,27042,True,single_high_confidence_candidate,
gpx/raw/yamap_2023-01-10_10_30.gpx,2023-01-10 10:30,2023-01-10T01:30:43Z,2023-01-10T10:30:43+0900,由良山,21934144,yamap/21934144.md,2023年01月10日(火),由良山,37843,True,single_high_confidence_candidate,
gpx/raw/yamap_2026-03-21_13_44.gpx,2026-03-21 13:44,2026-03-21T04:44:54Z,2026-03-21T13:44:54+0900,笹峠山,46907972,yamap/46907972.md,2026年03月21日(土),笹峠山,49494,True,single_high_confidence_candidate,
gpx/raw/yamap_2023-06-18_10_45.gpx,2023-06-18 10:45,2023-06-18T01:45:04Z,2023-06-18T10:45:04+0900,亀老山,24963250,yamap/24963250.md,2023年06月18日(日),亀老山,38704,True,single_high_confidence_candidate,
gpx/raw/yamap_2022-08-21_15_44.gpx,2022-08-21 15:44,2022-08-21T06:44:48Z,2022-08-21T15:44:48+0900,大峰ヶ台,19164431,yamap/19164431.md,2022年08月21日(日),大峰ヶ台,56688,True,single_high_confidence_candidate,
gpx/raw/yamap_2026-04-12_11_03.gpx,2026-04-12 11:03,2026-04-12T02:03:01Z,2026-04-12T11:03:01+0900,権現山,47381696,yamap/47381696.md,2026年04月12日(日),権現山,39781,True,single_high_confidence_candidate,
gpx/raw/yamap_2026-03-21_07_01.gpx,2026-03-21 07:01,2026-03-20T22:01:27Z,2026-03-21T07:01:27+0900,雨乞山・妙見森,46899064,yamap/46899064.md,2026年03月21日(土),雨乞山・妙見森,25287,True,single_high_confidence_candidate,
gpx/raw/yamap_2024-06-01_07_14.gpx,2024-06-01 07:14,2024-05-31T22:14:11Z,2024-06-01T07:14:11+0900,椿山,32204862,yamap/32204862.md,2024年06月01日(土),椿山,26051,True,single_high_confidence_candidate,
gpx/raw/yamap_2022-06-16_16_25.gpx,2022-06-16 16:25,2022-06-16T07:25:56Z,2022-06-16T16:25:56+0900,牛城,17956064,yamap/17956064.md,2022年06月16日(木),牛城,59156,True,single_high_confidence_candidate,
gpx/raw/yamap_2025-09-21_08_53.gpx,2025-09-21 08:53,2025-09-20T23:53:07Z,2025-09-21T08:53:07+0900,前社ヶ森・剣山・黒川山,43020083,yamap/43020083.md,2025年09月21日(日),前社ヶ森・剣山・黒川山,31987,True,single_high_confidence_candidate,
gpx/raw/yamap_2026-03-15_06_14.gpx,2026-03-15 06:14,2026-03-14T21:14:47Z,2026-03-15T06:14:47+0900,長山,46749710,yamap/46749710.md,2026年03月15日(日),長山,22487,True,single_high_confidence_candidate,
gpx/raw/yamap_2025-07-06_09_43.gpx,2025-07-06 09:43,2025-07-06T00:43:22Z,2025-07-06T09:43:22+0900,東黒森,41238305,yamap/41238305.md,2025年07月06日(日),東黒森,35002,True,single_high_confidence_candidate,
gpx/raw/yamap_2023-12-17_09_45.gpx,2023-12-17 09:45,2023-12-17T00:45:11Z,2023-12-17T09:45:11+0900,秦皇山,28788628,yamap/28788628.md,2023年12月17日(日),秦皇山,35111,True,single_high_confidence_candidate,
gpx/raw/yamap_2023-01-28_13_44.gpx,2023-01-28 13:44,2023-01-28T04:44:39Z,2023-01-28T13:44:39+0900,佐古田山,22169885,yamap/22169885.md,2023年01月28日(土),佐古田山,49479,True,single_high_confidence_candidate,
gpx/raw/yamap_2022-10-14_13_01.gpx,2022-10-14 13:01,2022-10-14T04:01:28Z,2022-10-14T13:01:28+0900,犬吠山,20212951,yamap/20212951.md,2022年10月14日(金),犬吠山,46888,True,single_high_confidence_candidate,
gpx/raw/yamap_2025-08-15_12_44.gpx,2025-08-15 12:44,2025-08-15T03:44:46Z,2025-08-15T12:44:46+0900,正木ノ森,42208891,yamap/42208891.md,2025年08月15日(金),正木ノ森,45886,True,single_high_confidence_candidate,
gpx/raw/yamap_2026-03-11_10_35.gpx,2026-03-11 10:35,2026-03-11T01:35:30Z,2026-03-11T10:35:30+0900,野津子山・軽ノ山,46667116,yamap/46667116.md,2026年03月11日(水),野津子山・軽ノ山,38130,True,single_high_confidence_candidate,
gpx/raw/yamap_2024-07-08_11_33.gpx,2024-07-08 11:33,2024-07-08T02:33:02Z,2024-07-08T11:33:02+0900,宅並山,32996557,yamap/32996557.md,2024年07月08日(月),宅並山,41582,True,single_high_confidence_candidate,
gpx/raw/yamap_2026-01-11_07_50.gpx,2026-01-11 07:50,2026-01-10T22:50:14Z,2026-01-11T07:50:14+0900,黒岩岳,45477282,yamap/45477282.md,2026年01月11日(日),黒岩岳,28214,True,single_high_confidence_candidate,
gpx/raw/yamap_2025-01-30_10_12.gpx,2025-01-30 10:12,2025-01-30T01:12:42Z,2025-01-30T10:12:42+0900,北山,37544167,yamap/37544167.md,2025年01月30日(木),北山,36762,True,single_high_confidence_candidate,
gpx/raw/yamap_2025-01-11_08_43.gpx,2025-01-11 08:43,2025-01-10T23:43:21Z,2025-01-11T08:43:21+0900,尉之山・小山岳,37114706,yamap/37114706.md,2025年01月11日(土),尉之山・小山岳,31401,True,single_high_confidence_candidate,
gpx/raw/yamap_2022-04-30_08_30.gpx,2022-04-30 08:30,2022-04-29T23:30:18Z,2022-04-30T08:30:18+0900,岩黒山・筒上山・手箱山,16929212,yamap/16929212.md,2022年04月30日(土),岩黒山・筒上山・手箱山,30618,True,single_high_confidence_candidate,
gpx/raw/yamap_2025-04-14_05_56.gpx,2025-04-14 05:56,2025-04-13T20:56:48Z,2025-04-14T05:56:48+0900,笠成山,39123687,yamap/39123687.md,2025年04月14日(月),笠成山,21408,True,single_high_confidence_candidate,
gpx/raw/yamap_2025-03-30_07_01.gpx,2025-03-30 07:01,2025-03-29T22:01:15Z,2025-03-30T07:01:15+0900,竜王山,38765368,yamap/38765368.md,2025年03月30日(日),竜王山,25275,True,single_high_confidence_candidate,
gpx/raw/yamap_2022-08-27_06_05.gpx,2022-08-27 06:05,2022-08-26T21:05:26Z,2022-08-27T06:05:26+0900,北三方ヶ森,19236411,yamap/19236411.md,2022年08月27日(土),北三方ヶ森,21926,True,single_high_confidence_candidate,
gpx/raw/yamap_2022-03-05_09_44.gpx,2022-03-05 09:44,2022-03-05T00:44:28Z,2022-03-05T09:44:28+0900,城山・水梨山・向山,15983117,yamap/15983117.md,2022年03月05日,城山・水梨山・向山,35068,True,single_high_confidence_candidate,
gpx/raw/yamap_2025-03-17_14_08.gpx,2025-03-17 14:08,2025-03-17T05:08:02Z,2025-03-17T14:08:02+0900,大登山,38475631,yamap/38475631.md,2025年03月17日(月),大登山,50882,True,single_high_confidence_candidate,
gpx/raw/yamap_2022-07-10_07_25.gpx,2022-07-10 07:25,2022-07-09T22:25:35Z,2022-07-10T07:25:35+0900,男山・瓶ヶ森・西黒森,18371502,yamap/18371502.md,2022年07月09日,男山・瓶ヶ森・西黒森,113135,True,needs_review,"title match, date off by 1 day"
gpx/raw/yamap_2022-12-31_15_00.gpx,2022-12-31 15:00,2022-12-31T06:00:21Z,2022-12-31T15:00:21+0900,星岡山,21699312,yamap/21699312.md,2022年12月31日(土),星岡山,54021,True,single_high_confidence_candidate,
gpx/raw/yamap_2023-10-14_07_53.gpx,2023-10-14 07:53,2023-10-13T22:53:15Z,2023-10-14T07:53:15+0900,丸山,27410763,yamap/27410763.md,2023年10月14日(土),丸山,28395,True,single_high_confidence_candidate,
gpx/raw/yamap_2022-08-26_08_45.gpx,2022-08-26 08:45,2022-08-25T23:45:46Z,2022-08-26T08:45:46+0900,世田山・笠松山,19222937,yamap/19222937.md,2022年08月26日(金),世田山・笠松山,31546,True,single_high_confidence_candidate,
gpx/raw/yamap_2023-03-29_05_31.gpx,2023-03-29 05:31,2023-03-28T20:31:42Z,2023-03-29T05:31:42+0900,えんとつ山・生子山・犬返・種子川山・西赤石山・物住頭・上兜山・下兜山,23230342,yamap/23230342.md,2023年03月29日(水),えんとつ山・生子山・犬返・種子川山・西赤石山・物住頭・上兜山・下兜山,19902,True,single_high_confidence_candidate,
gpx/raw/yamap_2025-07-06_07_10.gpx,2025-07-06 07:10,2025-07-05T22:10:00Z,2025-07-06T07:10:00+0900,谷崎山,41230473,yamap/41230473.md,2025年07月06日(日),谷崎山,25800,True,single_high_confidence_candidate,
gpx/raw/yamap_2025-08-15_09_21.gpx,2025-08-15 09:21,2025-08-15T00:21:18Z,2025-08-15T09:21:18+0900,天狗ノ森 ,42186770,yamap/42186770.md,2025年08月15日(金),天狗ノ森,33678,True,single_high_confidence_candidate,
gpx/raw/yamap_2026-02-23_14_06.gpx,2026-02-23 14:06,2026-02-23T05:06:15Z,2026-02-23T14:06:15+0900,花見山,46376333,yamap/46376333.md,2026年02月23日(月),花見山,50775,True,single_high_confidence_candidate,
gpx/raw/yamap_2026-01-07_09_14.gpx,2026-01-07 09:14,2026-01-07T00:14:45Z,2026-01-07T09:14:45+0900,高雄山,45404867,yamap/45404867.md,2026年01月07日(水),高雄山,33285,True,single_high_confidence_candidate,
gpx/raw/yamap_2025-01-30_08_48.gpx,2025-01-30 08:48,2025-01-29T23:48:55Z,2025-01-30T08:48:55+0900,西の山,37542942,yamap/37542942.md,2025年01月30日(木),西の山,31735,True,single_high_confidence_candidate,
gpx/raw/yamap_2025-06-21_08_53.gpx,2025-06-21 08:53,2025-06-20T23:53:40Z,2025-06-21T08:53:40+0900,貝渚山・水なし山,40865479,yamap/40865479.md,2025年06月21日(土),貝渚山・水なし山,32020,True,single_high_confidence_candidate,
gpx/raw/yamap_2023-04-09_09_08.gpx,2023-04-09 09:08,2023-04-09T00:08:25Z,2023-04-09T09:08:25+0900,菊ヶ森・餓鬼ヶ森,23456299,yamap/23456299.md,2023年04月09日(日),菊ヶ森・餓鬼ヶ森,32905,True,single_high_confidence_candidate,
gpx/raw/yamap_2023-11-11_07_17.gpx,2023-11-11 07:17,2023-11-10T22:17:32Z,2023-11-11T07:17:32+0900,四辻ノ森・三光ノ辻山,28123419,yamap/28123419.md,2023年11月11日(土),四辻ノ森・三光ノ辻山,26252,True,single_high_confidence_candidate,
gpx/raw/yamap_2024-04-28_10_37.gpx,2024-04-28 10:37,2024-04-28T01:37:36Z,2024-04-28T10:37:36+0900,日浦嶺・打越山,31279084,yamap/31279084.md,2024年04月28日(日),日浦嶺・打越山,38256,True,single_high_confidence_candidate,
gpx/raw/yamap_2026-04-19_10_27.gpx,2026-04-19 10:27,2026-04-19T01:27:07Z,2026-04-19T10:27:07+0900,鼻欠山,47557807,yamap/47557807.md,2026年04月19日(日),鼻欠山,37627,True,single_high_confidence_candidate,
gpx/raw/yamap_2022-09-24_08_33.gpx,2022-09-24 08:33,2022-09-23T23:33:14Z,2022-09-24T08:33:14+0900,石鎚山,19748541,yamap/19748541.md,2022年09月24日(土),石鎚山,30794,True,single_high_confidence_candidate,
gpx/raw/yamap_2025-03-30_09_12.gpx,2025-03-30 09:12,2025-03-30T00:12:35Z,2025-03-30T09:12:35+0900,一ヶ森,38767605,yamap/38767605.md,2025年03月30日(日),一ヶ森,33155,True,single_high_confidence_candidate,
gpx/raw/yamap_2023-05-27_09_55.gpx,2023-05-27 09:55,2023-05-27T00:55:30Z,2023-05-27T09:55:30+0900,前善神山・善神山,24526430,yamap/24526430.md,2023年05月27日(土),前善神山・善神山,35730,True,single_high_confidence_candidate,
gpx/raw/yamap_2025-09-07_08_00.gpx,2025-09-07 08:00,2025-09-06T23:00:28Z,2025-09-07T08:00:28+0900,鶴ノ子ノ頭・石鎚山,42724560,yamap/42724560.md,2025年09月07日(日),鶴ノ子ノ頭・石鎚山,28828,True,single_high_confidence_candidate,
gpx/raw/yamap_2022-11-05_04_38.gpx,2022-11-05 04:38,2022-11-04T19:38:41Z,2022-11-05T04:38:41+0900,権現山・黒岳・エビラ山・二ッ岳,20769524,yamap/20769524.md,2022年11月05日(土),権現山・黒岳・エビラ山・二ッ岳,16721,True,single_high_confidence_candidate,
gpx/raw/yamap_2023-04-04_12_51.gpx,2023-04-04 12:51,2023-04-04T03:51:37Z,2023-04-04T12:51:37+0900,黒森山,23372854,yamap/23372854.md,2023年04月04日(火),黒森山,46297,True,single_high_confidence_candidate,
gpx/raw/yamap_2024-06-08_08_42.gpx,2024-06-08 08:42,2024-06-07T23:42:41Z,2024-06-08T08:42:41+0900,沓掛山・黒森山,32377948,yamap/32377948.md,2024年06月08日(土),沓掛山・黒森山,31361,True,single_high_confidence_candidate,
gpx/raw/yamap_2022-10-19_16_00.gpx,2022-10-19 16:00,2022-10-19T07:00:46Z,2022-10-19T16:00:46+0900,西港山・大丸山・港山,20348452,yamap/20348452.md,2022年10月19日(水),西港山・大丸山・港山,57646,True,single_high_confidence_candidate,
gpx/raw/yamap_2022-04-27_10_31.gpx,2022-04-27 10:31,2022-04-27T01:31:14Z,2022-04-27T10:31:14+0900,御在所山,16881352,yamap/16881352.md,2022年04月27日(水),御在所山,37874,True,single_high_confidence_candidate,
gpx/raw/yamap_2025-01-26_07_09.gpx,2025-01-26 07:09,2025-01-25T22:09:16Z,2025-01-26T07:09:16+0900,天が森・浄心山・銅が鳴,37479803,yamap/37479803.md,2025年01月26日(日),天が森・浄心山・銅が鳴,25756,True,single_high_confidence_candidate,
gpx/raw/yamap_2022-10-11_15_15.gpx,2022-10-11 15:15,2022-10-11T06:15:18Z,2022-10-11T15:15:18+0900,黒崎山,20172197,yamap/20172197.md,2022年10月11日(火),黒崎山,54918,True,single_high_confidence_candidate,
gpx/raw/yamap_2024-08-03_20_36.gpx,2024-08-03 20:36,2024-08-03T11:36:52Z,2024-08-03T20:36:52+0900,高縄山,,,,,,False,no_candidate,
gpx/raw/yamap_2026-01-31_10_49.gpx,2026-01-31 10:49,2026-01-31T01:49:50Z,2026-01-31T10:49:50+0900,遠見山,45854802,yamap/45854802.md,2026年01月31日(土),遠見山,38990,True,single_high_confidence_candidate,
