gpx_path,trackpoint_count,valid_elevation_point_count,first_time_utc,last_time_utc,track_name,candidate_count_default,max_elevation,min_elevation,elevation_range,has_missing_elevation,notes
gpx/raw/yamap_2024-06-14_06_46.gpx,175,175,2024-06-13T21:46:43Z,2024-06-14T01:10:35Z,二反山,1,391.75,100.83,290.92,False,
gpx/raw/yamap_2023-01-06_11_33.gpx,360,360,2023-01-06T02:33:14Z,2023-01-06T04:49:34Z,岩子山・垣生山・津田山・弁天山,4,123.67,5.72,117.95,False,
gpx/raw/yamap_2024-10-20_06_42.gpx,302,302,2024-10-19T21:42:29Z,2024-10-20T01:16:44Z,ハネズル山,1,1291.87,465.47,826.4,False,
gpx/raw/yamap_2022-11-14_13_02.gpx,51,51,2022-11-14T04:02:59Z,2022-11-14T04:24:46Z,出石山,1,822.64,765.6,57.04,False,
gpx/raw/yamap_2024-09-23_07_35.gpx,519,519,2024-09-22T22:35:12Z,2024-09-23T03:56:26Z,中津山(明神山)・猿越山,4,1539.53,836.82,702.71,False,
gpx/raw/yamap_2025-01-24_13_34.gpx,366,366,2025-01-24T04:34:01Z,2025-01-24T07:18:41Z,御篠山・松葉山（松葉城址）・烏殿,3,583.88,209.85,374.03,False,
gpx/raw/yamap_2022-04-08_09_33.gpx,583,583,2022-04-08T00:33:28Z,2022-04-08T05:40:09Z,鬼ヶ城山・大久保山・八面山・三本杭・横ノ森・小屋ヶ森・毛山,5,1222.49,1003.92,218.57,False,
gpx/raw/yamap_2022-09-15_11_02.gpx,46,46,2022-09-15T02:02:04Z,2022-09-15T02:28:19Z,伊勢山,1,52.94,0.4,52.54,False,
gpx/raw/yamap_2025-01-30_13_18.gpx,115,115,2025-01-30T04:18:31Z,2025-01-30T05:06:14Z,金子山,1,150.38,15.49,134.89,False,
gpx/raw/yamap_2024-07-06_10_01.gpx,198,198,2024-07-06T01:01:08Z,2024-07-06T04:25:31Z,子持権現山・男山・瓶ヶ森,2,1892.49,1602.29,290.21,False,
gpx/raw/yamap_2022-09-20_13_59.gpx,44,44,2022-09-20T04:59:13Z,2022-09-20T05:17:00Z,狩江権現山,0,461.55,428.54,33.01,False,
gpx/raw/yamap_2024-06-15_08_50.gpx,352,352,2024-06-14T23:50:08Z,2024-06-15T05:36:56Z,平家平,1,1691.37,1140.19,551.18,False,
gpx/raw/yamap_2024-01-27_13_31.gpx,30,30,2024-01-27T04:31:52Z,2024-01-27T04:58:45Z,宝股山,1,301.26,195.42,105.84,False,
gpx/raw/yamap_2022-06-23_13_59.gpx,100,100,2022-06-23T04:59:29Z,2022-06-23T05:59:01Z,篠山,1,1062.97,794.73,268.24,False,
gpx/raw/yamap_2022-05-02_09_06.gpx,311,311,2022-05-02T00:06:01Z,2022-05-02T02:10:08Z,大川嶺・笠取山・ウバホド山,2,1568.0,1463.84,104.16,False,
gpx/raw/yamap_2022-10-21_09_17.gpx,32,32,2022-10-21T00:17:44Z,2022-10-21T00:33:18Z,すくも山,0,34.92,22.66,12.26,False,
gpx/raw/yamap_2024-03-16_13_58.gpx,224,224,2024-03-16T04:58:32Z,2024-03-16T06:11:58Z,斎藤山,1,472.84,230.7,242.14,False,
gpx/raw/yamap_2022-09-21_13_09.gpx,95,95,2022-09-21T04:09:44Z,2022-09-21T05:03:13Z,高文殊山,1,227.89,38.61,189.28,False,
gpx/raw/yamap_2026-03-01_06_45.gpx,851,851,2026-02-28T21:45:02Z,2026-03-01T06:40:58Z,剣ノ山・三傍示山・塩塚峰,5,1153.1,820.45,332.65,False,
gpx/raw/yamap_2022-04-16_07_39.gpx,655,655,2022-04-15T22:39:39Z,2022-04-16T04:37:01Z,東三方ヶ森,4,1229.5,366.55,862.95,False,
gpx/raw/yamap_2022-12-25_15_08.gpx,39,39,2022-12-25T06:08:42Z,2022-12-25T06:26:20Z,佐々久山,0,50.24,19.53,30.71,False,
gpx/raw/yamap_2024-03-03_06_23.gpx,220,220,2024-03-02T21:23:42Z,2024-03-02T23:10:18Z,白石山,1,651.84,328.99,322.85,False,
gpx/raw/yamap_2026-03-04_06_40.gpx,280,280,2026-03-03T21:40:06Z,2026-03-04T00:17:49Z,登議城山,1,649.16,170.59,478.57,False,
gpx/raw/yamap_2024-12-22_10_25.gpx,78,78,2024-12-22T01:25:24Z,2024-12-22T02:00:56Z,笹ヶ平山,1,260.19,163.86,96.33,False,
gpx/raw/yamap_2026-02-14_08_22.gpx,295,295,2026-02-13T23:22:22Z,2026-02-14T01:16:10Z,大畑山,1,642.6,305.07,337.53,False,
gpx/raw/yamap_2024-04-27_08_04.gpx,265,265,2024-04-26T23:04:57Z,2024-04-27T02:38:09Z,桂ヶ森,1,1220.03,660.36,559.67,False,
gpx/raw/yamap_2025-02-09_08_01.gpx,183,183,2025-02-08T23:01:53Z,2025-02-09T00:05:03Z,念仏山,1,374.65,149.75,224.9,False,
gpx/raw/yamap_2025-02-11_09_46.gpx,121,121,2025-02-11T00:46:30Z,2025-02-11T01:53:57Z,高穴山,1,282.46,184.47,97.99,False,
gpx/raw/yamap_2026-05-02_09_29.gpx,271,271,2026-05-02T00:29:37Z,2026-05-02T04:13:41Z,男山・瓶ヶ森・台ヶ森,3,1892.14,1491.62,400.52,False,
gpx/raw/yamap_2024-02-17_05_38.gpx,746,746,2024-02-16T20:38:40Z,2024-02-17T05:00:21Z,大黒山・譲ヶ葉森,4,1106.79,353.59,753.2,False,
gpx/raw/yamap_2022-12-25_10_09.gpx,64,64,2022-12-25T01:09:50Z,2022-12-25T01:32:42Z,高山,1,131.69,56.22,75.47,False,
gpx/raw/yamap_2022-10-08_06_12.gpx,902,902,2022-10-07T21:12:14Z,2022-10-08T06:12:02Z,東山・西赤石山・物住頭・前赤石山・東赤石山・八巻山,4,1699.13,663.28,1035.85,False,
gpx/raw/yamap_2026-02-22_07_32.gpx,708,708,2026-02-21T22:32:46Z,2026-02-22T04:56:23Z,高森山・町木山・寒台山・鎧掛山,5,994.07,382.94,611.13,False,
gpx/raw/yamap_2022-12-25_11_41.gpx,48,48,2022-12-25T02:41:13Z,2022-12-25T03:09:47Z,近見山,1,239.86,150.56,89.3,False,
gpx/raw/yamap_2022-04-15_11_52.gpx,431,431,2022-04-15T02:52:21Z,2022-04-15T06:26:33Z,皿ヶ嶺・引地山,2,1278.02,934.89,343.12,False,
gpx/raw/yamap_2022-07-14_09_57.gpx,114,114,2022-07-14T00:57:36Z,2022-07-14T02:06:55Z,小富士,1,281.5,3.16,278.34,False,
gpx/raw/yamap_2022-02-26_07_43.gpx,170,170,2022-02-25T22:43:28Z,2022-02-26T00:38:45Z,御岳山,2,430.6,238.37,192.23,False,
gpx/raw/yamap_2022-09-04_12_08.gpx,316,316,2022-09-04T03:08:57Z,2022-09-04T06:40:12Z,大友山,2,404.05,59.4,344.65,False,
gpx/raw/yamap_2022-04-22_16_48.gpx,76,76,2022-04-22T07:48:43Z,2022-04-22T08:15:41Z,源氏ヶ駄場（薊野峰）,1,1416.35,1325.62,90.73,False,
gpx/raw/yamap_2025-09-27_06_52.gpx,354,354,2025-09-26T21:52:58Z,2025-09-27T03:05:39Z,東光森山・別子山,4,1480.93,1106.36,374.57,False,
gpx/raw/yamap_2024-01-27_14_28.gpx,11,11,2024-01-27T05:28:13Z,2024-01-27T05:36:19Z,開山,0,143.76,135.39,8.36,False,
gpx/raw/yamap_2026-03-04_09_46.gpx,130,130,2026-03-04T00:46:21Z,2026-03-04T01:46:17Z,愛宕山,1,369.32,241.46,127.86,False,
gpx/raw/yamap_2025-10-23_16_38.gpx,42,42,2025-10-23T07:38:33Z,2025-10-23T07:52:41Z,堂堂山,1,408.85,366.93,41.92,False,
gpx/raw/yamap_2025-12-10_11_40.gpx,112,112,2025-12-10T02:40:45Z,2025-12-10T04:47:18Z,天道ヶ頭,1,507.77,159.84,347.92,False,
gpx/raw/yamap_2022-10-16_10_19.gpx,487,487,2022-10-16T01:19:28Z,2022-10-16T05:37:24Z,楢原山・古権現山・中三方ヶ森,4,1212.63,901.35,311.28,False,
gpx/raw/yamap_2022-02-23_08_42.gpx,410,410,2022-02-22T23:42:13Z,2022-02-23T02:25:48Z,西山・経ヶ森・岩子山・護摩ヶ森,2,195.95,0.61,195.34,False,
gpx/raw/yamap_2025-10-26_11_45.gpx,160,160,2025-10-26T02:45:44Z,2025-10-26T03:32:51Z,堂所山,1,592.03,454.93,137.1,False,
gpx/raw/yamap_2023-03-05_11_09.gpx,285,285,2023-03-05T02:09:35Z,2023-03-05T03:39:35Z,宝ヶ峯・淡路ヶ峠,1,279.01,44.1,234.91,False,
gpx/raw/yamap_2026-03-08_10_45.gpx,89,89,2026-03-08T01:45:13Z,2026-03-08T03:06:12Z,白木山,1,617.36,262.38,354.98,False,
gpx/raw/yamap_2022-05-07_13_44.gpx,11,11,2022-05-07T04:44:03Z,2022-05-07T04:48:31Z,翠波峰,0,891.45,882.62,8.83,False,
gpx/raw/yamap_2022-04-06_09_25.gpx,31,31,2022-04-06T00:25:01Z,2022-04-06T00:37:26Z,忽那山,1,42.3,4.67,37.63,False,
gpx/raw/yamap_2022-06-20_12_02.gpx,378,378,2022-06-20T03:02:33Z,2022-06-20T05:40:26Z,安神山・鷲ヶ頭山,2,436.91,-23.28,460.2,False,
gpx/raw/yamap_2025-08-15_11_47.gpx,54,54,2025-08-15T02:47:13Z,2025-08-15T03:21:11Z,五段城,1,1452.06,1379.55,72.51,False,
gpx/raw/yamap_2026-03-07_11_08.gpx,113,113,2026-03-07T02:08:35Z,2026-03-07T03:12:54Z,権現山,1,1009.72,867.25,142.47,False,
gpx/raw/yamap_2024-09-14_07_46.gpx,622,622,2024-09-13T22:46:34Z,2024-09-14T03:54:19Z,伊予富士,3,1746.74,1091.18,655.56,False,
gpx/raw/yamap_2025-01-30_06_55.gpx,195,195,2025-01-29T21:55:27Z,2025-01-29T22:56:15Z,弥八山,1,261.15,79.8,181.35,False,
gpx/raw/yamap_2026-01-25_07_43.gpx,588,588,2026-01-24T22:43:55Z,2026-01-25T04:21:05Z,船ヶ迫岳・鎌倉山,2,679.45,105.94,573.51,False,
gpx/raw/yamap_2023-11-19_06_46.gpx,814,814,2023-11-18T21:48:06Z,2023-11-19T04:38:31Z,瀬戸黒森・三森・羽子山・観音森,5,972.67,674.03,298.64,False,
gpx/raw/yamap_2022-12-31_14_27.gpx,14,14,2022-12-31T05:27:11Z,2022-12-31T05:35:09Z,天山,0,49.81,30.45,19.36,False,
gpx/raw/yamap_2022-12-31_14_13.gpx,17,17,2022-12-31T05:13:47Z,2022-12-31T05:21:23Z,土亀山,0,48.47,27.1,21.37,False,
gpx/raw/yamap_2022-05-07_07_14.gpx,863,863,2022-05-06T22:14:28Z,2022-05-07T04:32:56Z,寒川山・鋸山・七々木山・豊受山・赤星山,3,1451.08,724.63,726.46,False,
gpx/raw/yamap_2024-12-22_06_34.gpx,461,461,2024-12-21T21:34:33Z,2024-12-22T00:54:41Z,八倉山・行道山・水晶ヶ森,2,401.86,49.86,352.01,False,
gpx/raw/yamap_2025-08-15_10_51.gpx,32,32,2025-08-15T01:51:56Z,2025-08-15T02:27:03Z,小牛城,1,1141.62,1093.13,48.49,False,
gpx/raw/yamap_2025-02-11_08_43.gpx,64,64,2025-02-10T23:43:48Z,2025-02-11T00:22:57Z,要害山,1,97.38,12.51,84.87,False,
gpx/raw/yamap_2022-03-25_12_12.gpx,367,367,2022-03-25T03:12:41Z,2022-03-25T06:48:11Z,十門山(十門城址)・ヨソ山,2,923.88,215.92,707.96,False,
gpx/raw/yamap_2022-07-02_07_43.gpx,827,827,2022-07-01T22:43:55Z,2022-07-02T05:46:21Z,石鎚山・西ノ冠岳・面河の頭・二ノ森・鞍瀬ノ頭,3,1924.49,1484.79,439.7,False,
gpx/raw/yamap_2022-06-04_14_13.gpx,85,85,2022-06-04T05:13:17Z,2022-06-04T05:43:02Z,勝山,1,129.48,17.66,111.82,False,
gpx/raw/yamap_2024-10-05_06_40.gpx,354,354,2024-10-04T21:40:36Z,2024-10-05T02:43:34Z,銅山峰・西山・三の森・二の森・一の森,2,1425.32,738.57,686.75,False,
gpx/raw/yamap_2025-04-27_06_23.gpx,799,799,2025-04-26T21:23:06Z,2025-04-27T06:31:14Z,野地峰・黒岩山・大野山,4,1397.78,459.01,938.77,False,
gpx/raw/yamap_2024-12-01_14_17.gpx,22,22,2024-12-01T05:17:01Z,2024-12-01T05:35:24Z,城山,0,60.24,41.63,18.61,False,
gpx/raw/yamap_2023-04-18_06_58.gpx,208,208,2023-04-17T21:58:10Z,2023-04-17T23:27:55Z,船野山,1,453.0,202.32,250.68,False,
gpx/raw/yamap_2024-05-11_13_46.gpx,25,25,2024-05-11T04:46:13Z,2024-05-11T05:47:23Z,丸滝山,1,1542.97,1425.76,117.21,False,
gpx/raw/yamap_2023-01-28_14_27.gpx,120,120,2023-01-28T05:27:15Z,2023-01-28T06:37:24Z,古城山・尾崎山,1,253.17,159.32,93.85,False,
gpx/raw/yamap_2026-03-07_09_28.gpx,173,173,2026-03-07T00:28:50Z,2026-03-07T01:51:10Z,尻割山・四本松,0,1030.04,722.27,307.77,False,
gpx/raw/yamap_2025-02-09_12_21.gpx,77,77,2025-02-09T03:21:17Z,2025-02-09T04:17:53Z,八幡山,1,211.74,63.79,147.95,False,
gpx/raw/yamap_2025-03-20_08_27.gpx,807,807,2025-03-19T23:27:39Z,2025-03-20T08:04:01Z,高山・大里山・泰ノ山,4,288.94,0.34,288.6,False,
gpx/raw/yamap_2022-02-06_08_26.gpx,912,912,2022-02-05T23:26:09Z,2022-02-06T06:44:10Z,谷上山・権現山・白滝山・障子山,5,891.54,143.61,747.93,False,
gpx/raw/yamap_2022-12-31_14_45.gpx,24,24,2022-12-31T05:45:23Z,2022-12-31T05:52:56Z,東山,0,46.73,28.12,18.61,False,
gpx/raw/yamap_2025-03-10_10_25.gpx,254,254,2025-03-10T01:25:25Z,2025-03-10T03:55:42Z,館山,1,218.65,1.78,216.87,False,
gpx/raw/yamap_2026-02-07_11_17.gpx,252,252,2026-02-07T02:17:40Z,2026-02-07T05:05:01Z,鞍掛山,1,624.72,173.88,450.84,False,
gpx/raw/yamap_2026-01-18_09_11.gpx,57,57,2026-01-18T00:11:18Z,2026-01-18T00:43:40Z,竜王の峰,1,542.51,441.76,100.75,False,
gpx/raw/yamap_2022-02-16_11_57.gpx,67,67,2022-02-16T02:57:12Z,2022-02-16T03:26:54Z,愛宕山・常光寺山,2,120.82,47.57,73.25,False,
gpx/raw/yamap_2022-04-22_11_13.gpx,131,131,2022-04-22T02:13:53Z,2022-04-22T02:58:57Z,甲が森,1,457.93,350.82,107.12,False,
gpx/raw/yamap_2025-10-11_06_24.gpx,751,751,2025-10-10T21:24:32Z,2025-10-11T04:57:07Z,大森山・佐々連尾山・三つ足山,2,1445.7,801.86,643.84,False,
gpx/raw/yamap_2025-12-06_08_06.gpx,667,667,2025-12-05T23:06:52Z,2025-12-06T05:26:24Z,霧立山・地蔵山,2,1140.2,428.75,711.45,False,
gpx/raw/yamap_2025-07-06_12_03.gpx,29,29,2025-07-06T03:03:18Z,2025-07-06T03:29:15Z,伊吹山,1,1506.66,1474.3,32.36,False,
gpx/raw/yamap_2022-12-12_08_41.gpx,88,88,2022-12-11T23:41:42Z,2022-12-12T00:50:15Z,遠ヶ森,1,732.32,527.45,204.87,False,
gpx/raw/yamap_2022-01-29_08_35.gpx,595,595,2022-01-28T23:35:30Z,2022-01-29T04:49:38Z,皿ヶ森・経座ヶ森・ヨソ山,2,924.86,192.25,732.6,False,
gpx/raw/yamap_2022-03-03_10_47.gpx,400,400,2022-03-03T01:47:05Z,2022-03-03T04:47:21Z,奥之城山・ヌタノサコ,3,507.76,131.78,375.98,False,
gpx/raw/yamap_2024-03-16_09_21.gpx,549,549,2024-03-16T00:21:27Z,2024-03-16T04:24:10Z,トギ・張木山・高手山,2,478.66,6.31,472.34,False,
gpx/raw/yamap_2024-03-10_07_12.gpx,687,687,2024-03-09T22:12:24Z,2024-03-10T04:40:12Z,夫婦山・白山・観音山・国見山・城山・御勧請山,7,386.26,68.66,317.6,False,
gpx/raw/yamap_2025-03-10_08_18.gpx,119,119,2025-03-09T23:18:29Z,2025-03-10T01:06:31Z,姫政山,1,270.01,18.94,251.07,False,
gpx/raw/yamap_2025-10-05_08_42.gpx,620,620,2025-10-04T23:42:38Z,2025-10-05T07:36:08Z,三ッ森山・大座礼山,4,1586.63,1072.13,514.5,False,
gpx/raw/yamap_2025-02-09_09_27.gpx,142,142,2025-02-09T00:27:08Z,2025-02-09T02:13:04Z,大頭山,1,261.03,87.97,173.06,False,
gpx/raw/yamap_2026-04-11_09_14.gpx,257,257,2026-04-11T00:14:53Z,2026-04-11T02:46:16Z,三郷の辻,1,926.77,563.49,363.28,False,
gpx/raw/yamap_2024-02-10_13_09.gpx,209,209,2024-02-10T04:09:00Z,2024-02-10T06:42:19Z,権現山,1,498.76,4.39,494.37,False,
gpx/raw/yamap_2023-01-21_12_02.gpx,19,19,2023-01-21T03:02:38Z,2023-01-21T03:20:41Z,遠見山,0,129.33,97.3,32.03,False,
gpx/raw/yamap_2024-12-01_06_40.gpx,713,713,2024-11-30T21:40:18Z,2024-12-01T04:34:55Z,唐谷山・天狗森・木峰・金見山・高丸・五郎丸・大谷山・龍王山,4,592.53,403.43,189.1,False,
gpx/raw/yamap_2022-03-12_08_31.gpx,51,51,2022-03-11T23:31:17Z,2022-03-11T23:56:22Z,菊ヶ森,1,145.66,82.14,63.52,False,
gpx/raw/yamap_2025-02-11_13_28.gpx,149,149,2025-02-11T04:28:48Z,2025-02-11T05:34:22Z,高仙山,1,241.0,78.1,162.9,False,
gpx/raw/yamap_2026-03-08_07_27.gpx,49,49,2026-03-07T22:27:54Z,2026-03-07T22:54:26Z,呉石山,1,834.46,785.67,48.8,False,
gpx/raw/yamap_2022-12-25_13_36.gpx,37,37,2022-12-25T04:36:19Z,2022-12-25T05:00:21Z,医王山,1,98.38,39.07,59.31,False,
gpx/raw/yamap_2022-03-23_07_38.gpx,185,185,2022-03-22T22:38:59Z,2022-03-22T23:55:52Z,明神山・潮見山,2,210.94,94.05,116.89,False,
gpx/raw/yamap_2025-12-14_12_03.gpx,152,152,2025-12-14T03:03:18Z,2025-12-14T04:32:39Z,根太山,1,285.99,27.01,258.98,False,
gpx/raw/yamap_2025-03-30_08_20.gpx,53,53,2025-03-29T23:20:02Z,2025-03-30T00:04:54Z,岳山,1,622.91,570.22,52.69,False,
gpx/raw/yamap_2024-04-20_05_43.gpx,661,661,2024-04-19T20:43:09Z,2024-04-20T05:51:23Z,気多山・八辻ノ峰・五代ヶ森,4,1709.16,781.98,927.18,False,
gpx/raw/yamap_2024-10-20_11_05.gpx,64,64,2024-10-20T02:05:44Z,2024-10-20T02:45:45Z,天堤山,1,1134.85,991.01,143.84,False,
gpx/raw/yamap_2024-12-08_06_59.gpx,789,789,2024-12-07T21:59:45Z,2024-12-08T05:44:30Z,本尊山・秋葉山・立烏帽子山・明神山,3,632.31,1.3,631.02,False,
gpx/raw/yamap_2022-02-27_10_22.gpx,24,24,2022-02-27T01:22:51Z,2022-02-27T01:34:37Z,日王山,0,104.94,65.46,39.49,False,
gpx/raw/yamap_2022-02-11_08_26.gpx,588,588,2022-02-10T23:26:34Z,2022-02-11T05:10:14Z,塩ヶ森・番駄ヶ森・ケタ山・大磨山・鍵山（象ヶ森）,5,801.56,227.25,574.32,False,
gpx/raw/yamap_2022-09-20_14_24.gpx,70,70,2022-09-20T05:24:21Z,2022-09-20T06:02:30Z,極山,1,559.72,454.52,105.19,False,
gpx/raw/yamap_2022-10-01_08_30.gpx,355,355,2022-09-30T23:30:48Z,2022-10-01T03:05:01Z,戸祇御前山,1,947.46,234.41,713.05,False,
gpx/raw/yamap_2024-03-30_07_11.gpx,654,654,2024-03-29T22:11:22Z,2024-03-30T04:48:23Z,御祝山・横ノ森・小屋ヶ森・串ヶ森・目黒鳥屋・長尾森,2,1201.04,301.23,899.81,False,
gpx/raw/yamap_2022-06-18_14_26.gpx,81,81,2022-06-18T05:26:10Z,2022-06-18T06:13:54Z,立石山,1,133.69,7.12,126.57,False,
gpx/raw/yamap_2025-02-24_09_04.gpx,46,46,2025-02-24T00:04:08Z,2025-02-24T00:33:25Z,若いもん山,0,124.56,112.68,11.88,False,
gpx/raw/yamap_2026-01-18_06_03.gpx,185,185,2026-01-17T21:03:47Z,2026-01-17T23:32:40Z,大判山,1,791.29,335.43,455.86,False,
gpx/raw/yamap_2022-04-22_12_22.gpx,135,135,2022-04-22T03:22:26Z,2022-04-22T04:24:45Z,三滝山,1,647.52,388.11,259.4,False,
gpx/raw/yamap_2024-02-24_07_06.gpx,611,611,2024-02-23T22:06:40Z,2024-02-24T03:52:49Z,高月山・東高月山・郭公岳・櫨ヶ森・毛山,5,1224.23,953.31,270.92,False,
gpx/raw/yamap_2025-04-19_07_10.gpx,665,665,2025-04-18T22:10:41Z,2025-04-19T04:33:07Z,小屋山・丸石山,4,1380.85,928.14,452.71,False,
gpx/raw/yamap_2022-09-14_12_28.gpx,33,33,2022-09-14T03:28:25Z,2022-09-14T03:44:12Z,松軒山,0,192.52,152.93,39.59,False,
gpx/raw/yamap_2025-04-04_06_19.gpx,248,248,2025-04-03T21:19:43Z,2025-04-03T22:51:27Z,コクゾ峰,1,822.64,518.39,304.25,False,
gpx/raw/yamap_2024-01-27_10_11.gpx,57,57,2024-01-27T01:11:01Z,2024-01-27T01:37:40Z,御串山,1,62.8,7.58,55.22,False,
gpx/raw/yamap_2023-01-03_07_36.gpx,717,717,2023-01-02T22:36:56Z,2023-01-03T04:44:57Z,福見山・河原樋山・真松嶺・柿王寺森,5,1047.68,325.91,721.77,False,
gpx/raw/yamap_2022-05-22_08_09.gpx,472,472,2022-05-21T23:09:05Z,2022-05-22T03:00:43Z,石鎚山・天狗岳・南尖峰,1,1979.17,1490.98,488.19,False,
gpx/raw/yamap_2022-03-12_09_19.gpx,146,146,2022-03-12T00:19:33Z,2022-03-12T01:12:15Z,道後山,1,221.1,76.51,144.6,False,
gpx/raw/yamap_2022-01-22_09_04.gpx,710,710,2022-01-22T00:04:02Z,2022-01-22T05:39:47Z,高森山・岩伽羅山・衣掛山・吉山(吉山城址),2,719.25,127.55,591.7,False,
gpx/raw/yamap_2022-05-25_09_48.gpx,186,186,2022-05-25T00:48:01Z,2022-05-25T02:52:27Z,自念子ノ頭,1,1698.74,1600.15,98.6,False,
gpx/raw/yamap_2022-10-14_13_42.gpx,97,97,2022-10-14T04:42:38Z,2022-10-14T06:11:38Z,泰の山,1,111.76,29.26,82.5,False,
gpx/raw/yamap_2022-09-15_09_20.gpx,316,316,2022-09-15T00:20:55Z,2022-09-15T01:51:21Z,三山,1,323.3,48.68,274.62,False,
gpx/raw/yamap_2023-10-13_10_02.gpx,235,235,2023-10-13T01:02:28Z,2023-10-13T03:00:57Z,ベツソ山・歯朶谷山,1,314.92,137.02,177.9,False,
gpx/raw/yamap_2024-05-03_08_45.gpx,404,404,2024-05-02T23:45:24Z,2024-05-03T04:58:20Z,面河山,1,1521.01,697.95,823.06,False,
gpx/raw/yamap_2022-06-16_16_00.gpx,22,22,2022-06-16T07:00:09Z,2022-06-16T07:15:33Z,姫草,1,1272.03,1216.61,55.42,False,
gpx/raw/yamap_2022-12-25_11_10.gpx,13,13,2022-12-25T02:10:54Z,2022-12-25T02:21:39Z,海山,0,149.97,129.31,20.66,False,
gpx/raw/yamap_2022-03-20_07_06.gpx,427,427,2022-03-19T22:06:05Z,2022-03-20T00:37:14Z,大久保山・八里ヶ峠・中坂山・天神山・室岡山・潮見山,4,181.12,13.0,168.12,False,
gpx/raw/yamap_2025-03-02_13_17.gpx,154,154,2025-03-02T04:17:33Z,2025-03-02T05:37:06Z,階上山,1,894.0,569.52,324.48,False,
gpx/raw/yamap_2026-01-31_07_40.gpx,270,270,2026-01-30T22:40:10Z,2026-01-31T01:33:45Z,槇ノ山,2,433.63,19.39,414.25,False,
gpx/raw/yamap_2024-05-11_07_45.gpx,351,351,2024-05-10T22:45:49Z,2024-05-11T04:09:07Z,丸笹山,2,1568.28,982.15,586.13,False,
gpx/raw/yamap_2025-04-06_08_48.gpx,593,593,2025-04-05T23:48:40Z,2025-04-06T05:11:11Z,加塚山,6,1069.83,791.94,277.88,False,
gpx/raw/yamap_2024-02-10_09_58.gpx,340,340,2024-02-10T00:58:30Z,2024-02-10T03:34:29Z,熊ガ峰,1,340.54,21.64,318.9,False,
gpx/raw/yamap_2022-02-28_13_13.gpx,45,45,2022-02-28T04:13:00Z,2022-02-28T04:46:05Z,花木山,1,50.49,5.26,45.23,False,
gpx/raw/yamap_2023-06-11_11_57.gpx,455,455,2023-06-11T02:57:51Z,2023-06-11T06:04:37Z,五葉が森,2,837.21,373.29,463.92,False,
gpx/raw/yamap_2025-01-30_14_42.gpx,96,96,2025-01-30T05:42:09Z,2025-01-30T06:32:24Z,八堂山,1,192.17,9.89,182.28,False,
gpx/raw/yamap_2025-04-09_06_48.gpx,626,626,2025-04-08T21:48:13Z,2025-04-09T01:33:36Z,新谷神南山・五十崎神南山,2,709.85,131.44,578.41,False,
gpx/raw/yamap_2023-03-15_09_53.gpx,185,185,2023-03-15T00:53:44Z,2023-03-15T02:20:21Z,真城ヶ台,1,583.61,295.78,287.83,False,
gpx/raw/yamap_2022-04-09_14_44.gpx,277,277,2022-04-09T05:44:41Z,2022-04-09T07:25:55Z,大月山・高縄山,2,984.26,823.07,161.2,False,
gpx/raw/yamap_2025-01-30_12_21.gpx,34,34,2025-01-30T03:21:21Z,2025-01-30T03:47:04Z,垣生山,1,109.91,-71.21,181.11,False,
gpx/raw/yamap_2022-06-29_08_48.gpx,124,124,2022-06-28T23:48:51Z,2022-06-29T01:51:08Z,横山(横山城址),1,449.03,398.21,50.82,False,
gpx/raw/yamap_2025-02-28_10_24.gpx,46,46,2025-02-28T01:24:55Z,2025-02-28T01:51:09Z,幻城下城,1,243.64,196.86,46.78,False,
gpx/raw/yamap_2026-03-15_10_21.gpx,186,186,2026-03-15T01:21:45Z,2026-03-15T03:50:57Z,高研山,1,1065.78,624.46,441.32,False,
gpx/raw/yamap_2023-01-21_11_14.gpx,33,33,2023-01-21T02:14:41Z,2023-01-21T02:33:32Z,権現山,0,372.37,337.63,34.74,False,
gpx/raw/yamap_2024-07-28_15_53.gpx,163,163,2024-07-28T06:53:17Z,2024-07-28T08:32:15Z,岩屋山,1,774.01,445.5,328.51,False,
gpx/raw/yamap_2026-01-07_07_05.gpx,255,255,2026-01-06T22:05:22Z,2026-01-06T23:59:49Z,御在所山,1,665.18,383.41,281.77,False,
gpx/raw/yamap_2023-04-18_10_53.gpx,166,166,2023-04-18T01:53:48Z,2023-04-18T04:19:32Z,黒滝山・木久ヶ森,1,812.04,373.1,438.94,False,
gpx/raw/yamap_2025-12-14_08_56.gpx,264,264,2025-12-13T23:56:50Z,2025-12-14T02:28:54Z,梁瀬山・紅葉山,2,373.04,17.17,355.87,False,
gpx/raw/yamap_2022-02-09_10_01.gpx,406,406,2022-02-09T01:01:56Z,2022-02-09T04:42:53Z,佐田岬と伽藍山,2,416.51,1.75,414.76,False,
gpx/raw/yamap_2026-02-07_07_21.gpx,450,450,2026-02-06T22:21:56Z,2026-02-07T01:17:25Z,牛の峰・尻高峰,2,758.66,484.17,274.49,False,
gpx/raw/yamap_2022-06-18_13_12.gpx,96,96,2022-06-18T04:12:19Z,2022-06-18T05:12:37Z,鉢巻山,1,133.47,-52.25,185.72,False,
gpx/raw/yamap_2022-09-07_13_28.gpx,19,19,2022-09-07T04:28:08Z,2022-09-07T04:43:38Z,湯築山,0,68.29,49.15,19.15,False,
gpx/raw/yamap_2022-07-14_11_15.gpx,15,15,2022-07-14T02:15:47Z,2022-07-14T02:25:15Z,龍石山,0,25.46,1.87,23.59,False,
gpx/raw/yamap_2025-10-23_15_58.gpx,42,42,2025-10-23T06:58:32Z,2025-10-23T07:18:33Z,大峰,1,362.59,299.1,63.48,False,
gpx/raw/yamap_2022-01-15_08_17.gpx,812,812,2022-01-14T23:17:49Z,2022-01-15T06:24:33Z,関ヶ森・観音山・倉谷山・芝ヶ峠,4,573.71,60.36,513.35,False,
gpx/raw/yamap_2023-01-08_09_18.gpx,296,296,2023-01-08T00:18:56Z,2023-01-08T03:29:42Z,権現山,2,497.23,156.78,340.45,False,
gpx/raw/yamap_2025-03-17_13_17.gpx,87,87,2025-03-17T04:17:00Z,2025-03-17T04:44:20Z,高森山,1,307.18,270.93,36.25,False,
gpx/raw/yamap_2023-03-11_06_08.gpx,1017,1017,2023-03-10T21:08:36Z,2023-03-11T05:18:19Z,福見山・明神ヶ森・南三方ヶ森・魚谷森・左谷ノ森,4,1212.29,284.1,928.18,False,
gpx/raw/yamap_2022-11-07_12_37.gpx,102,102,2022-11-07T03:37:31Z,2022-11-07T04:58:02Z,鹿島山,1,111.93,-24.95,136.88,False,
gpx/raw/yamap_2025-02-09_11_27.gpx,18,18,2025-02-09T02:27:45Z,2025-02-09T02:50:41Z,高取山,1,235.75,183.88,51.87,False,
gpx/raw/yamap_2024-03-03_13_33.gpx,219,219,2024-03-03T04:33:59Z,2024-03-03T06:49:17Z,天ガ森,1,343.77,8.04,335.72,False,
gpx/raw/yamap_2022-09-15_12_35.gpx,132,132,2022-09-15T03:35:22Z,2022-09-15T05:34:38Z,石灰山・古法皇山,1,269.75,26.66,243.09,False,
gpx/raw/yamap_2026-03-08_08_05.gpx,242,242,2026-03-07T23:05:50Z,2026-03-08T00:52:42Z,峰畑山,1,809.17,631.67,177.51,False,
gpx/raw/yamap_2025-12-20_07_28.gpx,231,231,2025-12-19T22:28:55Z,2025-12-20T00:43:09Z,池ノ城山,1,599.12,193.12,406.0,False,
gpx/raw/yamap_2024-03-03_08_44.gpx,37,37,2024-03-02T23:44:14Z,2024-03-03T00:09:02Z,観音岳,1,780.72,704.15,76.57,False,
gpx/raw/yamap_2024-05-15_11_16.gpx,61,61,2024-05-15T02:16:58Z,2024-05-15T02:51:57Z,名石山,1,289.76,183.05,106.72,False,
gpx/raw/yamap_2022-06-18_11_15.gpx,259,259,2022-06-18T02:15:18Z,2022-06-18T03:36:55Z,積善山,1,363.74,154.8,208.93,False,
gpx/raw/yamap_2022-12-12_10_30.gpx,109,109,2022-12-12T01:30:09Z,2022-12-12T02:06:18Z,扇山,1,193.12,118.59,74.53,False,
gpx/raw/yamap_2026-01-11_10_38.gpx,138,138,2026-01-11T01:38:00Z,2026-01-11T03:07:48Z,陣が森岳,1,620.05,361.1,258.95,False,
gpx/raw/yamap_2022-04-22_14_13.gpx,100,100,2022-04-22T05:13:47Z,2022-04-22T05:53:44Z,雨包山,1,1117.49,982.53,134.96,False,
gpx/raw/yamap_2026-01-31_13_52.gpx,208,208,2026-01-31T04:52:00Z,2026-01-31T06:23:35Z,高森山,1,631.86,382.93,248.93,False,
gpx/raw/yamap_2023-01-28_11_53.gpx,51,51,2023-01-28T02:53:36Z,2023-01-28T03:08:01Z,鳥越山,1,99.92,47.55,52.37,False,
gpx/raw/yamap_2023-09-06_13_30.gpx,71,71,2023-09-06T04:33:16Z,2023-09-06T06:51:06Z,冠岳,1,1377.41,1080.08,297.33,False,
gpx/raw/yamap_2022-05-15_06_10.gpx,1171,1171,2022-05-14T21:10:59Z,2022-05-15T05:47:13Z,割石東山・青滝山・堂ヶ森,6,1682.53,682.22,1000.31,False,
gpx/raw/yamap_2022-12-25_12_44.gpx,44,44,2022-12-25T03:44:58Z,2022-12-25T04:08:45Z,唐子山,1,108.93,-18.37,127.3,False,
gpx/raw/yamap_2023-10-22_06_44.gpx,397,397,2023-10-21T21:44:35Z,2023-10-22T03:41:11Z,二ノ岳・高森,3,1361.25,558.61,802.64,False,
gpx/raw/yamap_2022-09-15_11_50.gpx,21,21,2022-09-15T02:50:04Z,2022-09-15T03:06:01Z,久司山,1,136.67,91.43,45.24,False,
gpx/raw/yamap_2022-09-09_06_58.gpx,643,643,2022-09-08T21:58:48Z,2022-09-09T04:57:59Z,寒風山・笹ヶ峰・ちち山,4,1856.25,1083.12,773.14,False,
gpx/raw/yamap_2025-03-30_12_56.gpx,183,183,2025-03-30T03:56:26Z,2025-03-30T05:27:44Z,京の森・大迫山,1,572.44,354.54,217.9,False,
gpx/raw/yamap_2022-05-05_13_29.gpx,341,341,2022-05-05T04:29:53Z,2022-05-05T06:58:43Z,陣ヶ森・前々司山・うなめご,3,1276.53,1031.07,245.46,False,
gpx/raw/yamap_2026-03-21_14_58.gpx,141,141,2026-03-21T05:57:59Z,2026-03-21T07:12:33Z,雨霧山,1,1235.86,968.4,267.46,False,
gpx/raw/yamap_2024-12-15_07_21.gpx,824,824,2024-12-14T22:21:48Z,2024-12-15T05:50:06Z,陣が森・岩が森・スクモ塚・高萩山・長者森,5,532.45,103.46,428.98,False,
gpx/raw/yamap_2022-10-04_12_47.gpx,201,201,2022-10-04T03:47:18Z,2022-10-04T04:42:10Z,泉ガ森,1,760.64,594.1,166.54,False,
gpx/raw/yamap_2022-07-21_10_02.gpx,41,41,2022-07-21T01:02:37Z,2022-07-21T01:24:40Z,子持山（頂上にたどり着けず）,1,62.39,1.56,60.83,False,
gpx/raw/yamap_2025-01-03_07_19.gpx,844,844,2025-01-02T22:19:23Z,2025-01-03T07:52:58Z,壺神山・滝山・足山・皿が森,5,984.35,5.64,978.71,False,
gpx/raw/yamap_2024-03-03_10_00.gpx,295,295,2024-03-03T01:00:58Z,2024-03-03T03:59:56Z,音無山,1,845.57,296.12,549.45,False,
gpx/raw/yamap_2023-12-17_10_30.gpx,47,47,2023-12-17T01:30:50Z,2023-12-17T01:59:10Z,平岡山(平岡城址),1,417.8,345.49,72.31,False,
gpx/raw/yamap_2022-11-26_04_41.gpx,1044,1044,2022-11-25T19:41:14Z,2022-11-26T05:22:42Z,銅山峰・西山・綱繰山・獅子舞の鼻・冠山・平家平,6,1730.33,827.72,902.61,False,
gpx/raw/yamap_2025-01-11_11_51.gpx,77,77,2025-01-11T02:51:40Z,2025-01-11T04:10:25Z,勝山,1,371.26,197.56,173.7,False,
gpx/raw/yamap_2022-01-28_12_28.gpx,487,487,2022-01-28T03:28:14Z,2022-01-28T07:33:09Z,尾ノ峰・新城山・腰折山・恵良山,4,299.13,4.9,294.23,False,
gpx/raw/yamap_2026-04-19_07_43.gpx,314,314,2026-04-18T22:43:54Z,2026-04-19T00:38:47Z,雨乞山,1,496.6,168.6,328.0,False,
gpx/raw/yamap_2025-02-28_07_34.gpx,296,296,2025-02-27T22:34:19Z,2025-02-28T00:37:01Z,綱付山・幻城上城,2,516.72,373.77,142.95,False,
gpx/raw/yamap_2024-02-10_07_09.gpx,416,416,2024-02-09T22:09:48Z,2024-02-10T00:31:14Z,鳥屋ヶ森,1,319.69,13.38,306.31,False,
gpx/raw/yamap_2026-01-04_08_20.gpx,307,307,2026-01-03T23:20:34Z,2026-01-04T01:40:23Z,雨森山,1,312.26,8.7,303.56,False,
gpx/raw/yamap_2022-10-27_13_37.gpx,40,40,2022-10-27T04:37:54Z,2022-10-27T05:01:46Z,冨士山,1,335.75,285.14,50.6,False,
gpx/raw/yamap_2023-01-21_12_43.gpx,253,253,2023-01-21T03:43:51Z,2023-01-21T05:51:02Z,石神山・金比羅山,2,295.48,64.46,231.02,False,
gpx/raw/yamap_2025-02-09_07_31.gpx,21,21,2025-02-08T22:31:58Z,2025-02-08T22:43:08Z,カレイ山,0,229.91,203.55,26.36,False,
gpx/raw/yamap_2022-10-14_12_05.gpx,37,37,2022-10-14T03:05:20Z,2022-10-14T03:28:19Z,高戸山,1,112.67,70.63,42.04,False,
gpx/raw/yamap_2023-03-20_15_17.gpx,315,315,2023-03-20T06:17:02Z,2023-03-20T08:04:27Z,千羽ヶ岳,1,406.61,188.32,218.29,False,
gpx/raw/yamap_2025-02-24_10_12.gpx,124,124,2025-02-24T01:12:39Z,2025-02-24T02:05:04Z,霊仙山,1,152.43,16.4,136.04,False,
gpx/raw/yamap_2022-04-22_17_29.gpx,23,23,2022-04-22T08:29:52Z,2022-04-22T08:43:27Z,碁石ヶ森,1,1188.12,1127.34,60.78,False,
gpx/raw/yamap_2026-05-06_07_28.gpx,405,405,2026-05-05T22:28:55Z,2026-05-06T06:16:11Z,丸山・ちち山・笹ヶ峰,2,1856.66,986.62,870.04,False,
gpx/raw/yamap_2022-03-13_09_49.gpx,523,523,2022-03-13T00:49:15Z,2022-03-13T03:24:55Z,倉谷山・芝ヶ峠・淡路ヶ峠・宝ヶ峯,3,405.4,55.1,350.3,False,
gpx/raw/yamap_2023-12-17_07_11.gpx,64,64,2023-12-16T22:11:12Z,2023-12-16T22:56:13Z,総津権現山,1,437.4,276.43,160.97,False,
gpx/raw/yamap_2024-04-28_07_11.gpx,172,172,2024-04-27T22:11:15Z,2024-04-27T23:56:36Z,狼ヶ城山,1,1376.77,1057.56,319.21,False,
gpx/raw/yamap_2022-12-25_10_46.gpx,23,23,2022-12-25T01:46:04Z,2022-12-25T01:57:43Z,塔ノ峰,0,144.34,113.48,30.86,False,
gpx/raw/yamap_2024-01-27_08_01.gpx,148,148,2024-01-26T23:01:50Z,2024-01-27T00:54:48Z,大空山,1,348.28,5.94,342.35,False,
gpx/raw/yamap_2022-10-21_12_15.gpx,166,166,2022-10-21T03:15:00Z,2022-10-21T04:26:59Z,愛ノ山,1,211.39,41.39,170.01,False,
gpx/raw/yamap_2022-03-09_10_20.gpx,405,405,2022-03-09T01:20:11Z,2022-03-09T05:36:33Z,稔山,2,912.05,372.7,539.35,False,
gpx/raw/yamap_2022-10-03_14_57.gpx,137,137,2022-10-03T05:57:33Z,2022-10-03T06:51:41Z,雄甲山・雌甲山,1,219.26,14.8,204.46,False,
gpx/raw/yamap_2024-04-07_06_45.gpx,645,645,2024-04-06T21:45:15Z,2024-04-07T05:19:43Z,二箆山・西雑誌山,6,1357.46,660.1,697.36,False,
gpx/raw/yamap_2022-04-25_11_35.gpx,352,352,2022-04-25T02:35:33Z,2022-04-25T06:05:22Z,伊之子山・左谷ノ森,2,944.77,523.83,420.94,False,
gpx/raw/yamap_2023-01-21_09_56.gpx,37,37,2023-01-21T00:56:37Z,2023-01-21T01:28:26Z,大森山,1,289.2,183.04,106.16,False,
gpx/raw/yamap_2026-03-06_09_00.gpx,153,153,2026-03-06T00:00:43Z,2026-03-06T01:18:06Z,世田山・笠松山東峰・笠松山,1,347.4,167.42,179.98,False,
gpx/raw/yamap_2024-05-19_08_47.gpx,213,213,2024-05-18T23:47:55Z,2024-05-19T05:51:22Z,二反山・青刈山,1,392.01,101.3,290.71,False,
gpx/raw/yamap_2026-02-14_13_33.gpx,425,425,2026-02-14T04:33:01Z,2026-02-14T07:18:04Z,権現山,1,360.4,3.88,356.52,False,
gpx/raw/yamap_2025-03-23_11_12.gpx,343,343,2025-03-23T02:12:32Z,2025-03-23T04:52:00Z,北ヶ森・高土の峰,1,1008.41,614.59,393.81,False,
gpx/raw/yamap_2022-09-26_12_07.gpx,105,105,2022-09-26T03:07:02Z,2022-09-26T04:42:11Z,三本榎,1,246.47,3.6,242.87,False,
gpx/raw/yamap_2022-10-28_06_21.gpx,748,748,2022-10-27T21:21:42Z,2022-10-28T04:58:37Z,割石峠山・石墨山・法師山・白猪山・根無山・樽谷山・梅ヶ谷山,6,1437.83,842.89,594.94,False,
gpx/raw/yamap_2022-09-26_14_04.gpx,132,132,2022-09-26T05:05:05Z,2022-09-26T06:09:39Z,鏡山,1,205.4,6.19,199.21,False,
gpx/raw/yamap_2024-01-14_10_18.gpx,212,212,2024-01-14T01:18:40Z,2024-01-14T03:59:56Z,竜門山・大黒山,2,430.99,271.15,159.83,False,
gpx/raw/yamap_2026-04-29_06_34.gpx,638,638,2026-04-28T21:34:08Z,2026-04-29T04:13:17Z,面木山・黒森,3,981.21,296.76,684.45,False,
gpx/raw/yamap_2024-10-14_04_48.gpx,733,733,2024-10-13T19:48:21Z,2024-10-14T06:54:11Z,三ッ足山・カガマシ山・橡尾山・笹ヶ峰,6,1340.51,268.14,1072.37,False,
gpx/raw/yamap_2023-01-08_14_24.gpx,190,190,2023-01-08T05:24:29Z,2023-01-08T06:47:25Z,黒瀬山(黒瀬城址)・岡山(岡山城址)・鉢ヶ森(鉢ヶ森城址)・護摩ヶ森(護摩ヶ森城址)・我合山(...,3,432.21,219.58,212.63,False,
gpx/raw/yamap_2026-02-22_06_23.gpx,108,108,2026-02-21T21:23:50Z,2026-02-21T22:08:37Z,大森山,1,737.44,649.17,88.27,False,
gpx/raw/yamap_2023-01-28_12_19.gpx,109,109,2023-01-28T03:19:29Z,2023-01-28T04:21:24Z,谷田山・金毘羅山,1,58.71,7.21,51.49,False,
gpx/raw/yamap_2022-02-15_10_36.gpx,266,266,2022-02-15T01:36:41Z,2022-02-15T03:15:50Z,天神山・御幸寺山,2,195.59,27.55,168.04,False,
gpx/raw/yamap_2024-06-16_07_27.gpx,141,141,2024-06-15T22:27:58Z,2024-06-16T00:48:51Z,薬師山,1,429.98,91.04,338.94,False,
gpx/raw/yamap_2026-03-17_06_58.gpx,292,292,2026-03-16T21:57:39Z,2026-03-17T02:31:25Z,大ノ森,1,1318.27,726.74,591.53,False,
gpx/raw/yamap_2026-01-04_11_16.gpx,112,112,2026-01-04T02:16:46Z,2026-01-04T03:49:24Z,峠ヶ森,1,217.52,5.16,212.37,False,
gpx/raw/yamap_2022-05-07_14_18.gpx,19,19,2022-05-07T05:18:00Z,2022-05-07T05:31:19Z,平石山,0,829.05,804.33,24.72,False,
gpx/raw/yamap_2023-01-21_10_45.gpx,35,35,2023-01-21T01:45:40Z,2023-01-21T01:59:54Z,見晴山,0,391.69,365.46,26.23,False,
gpx/raw/yamap_2025-02-24_07_30.gpx,187,187,2025-02-23T22:30:42Z,2025-02-23T23:50:27Z,無宗天山,1,311.96,69.64,242.32,False,
gpx/raw/yamap_2023-01-10_10_30.gpx,358,358,2023-01-10T01:30:43Z,2023-01-10T04:20:33Z,由良山,2,243.4,48.48,194.92,False,
gpx/raw/yamap_2026-03-21_13_44.gpx,77,77,2026-03-21T04:44:54Z,2026-03-21T05:20:07Z,笹峠山,1,967.04,859.73,107.31,False,
gpx/raw/yamap_2023-06-18_10_45.gpx,34,34,2023-06-18T01:45:04Z,2023-06-18T02:29:43Z,亀老山,0,300.57,240.84,59.73,False,
gpx/raw/yamap_2022-08-21_15_44.gpx,77,77,2022-08-21T06:44:48Z,2022-08-21T07:24:55Z,大峰ヶ台,1,119.35,66.31,53.04,False,
gpx/raw/yamap_2026-04-12_11_03.gpx,43,43,2026-04-12T02:03:01Z,2026-04-12T02:28:07Z,権現山,1,102.87,16.7,86.17,False,
gpx/raw/yamap_2026-03-21_07_01.gpx,528,528,2026-03-20T22:01:27Z,2026-03-21T04:12:09Z,雨乞山・妙見森,4,1334.49,945.88,388.61,False,
gpx/raw/yamap_2024-06-01_07_14.gpx,504,504,2024-05-31T22:14:11Z,2024-06-01T06:53:10Z,椿山,3,1601.0,983.69,617.3,False,
gpx/raw/yamap_2022-06-16_16_25.gpx,36,36,2022-06-16T07:25:56Z,2022-06-16T08:04:12Z,牛城,1,1345.5,1202.48,143.02,False,
gpx/raw/yamap_2025-09-21_08_53.gpx,377,377,2025-09-20T23:53:07Z,2025-09-21T03:59:50Z,前社ヶ森・剣山・黒川山,4,1627.08,1277.92,349.17,False,
gpx/raw/yamap_2026-03-15_06_14.gpx,447,447,2026-03-14T21:14:47Z,2026-03-15T00:39:43Z,長山,1,940.87,253.27,687.61,False,
gpx/raw/yamap_2025-07-06_09_43.gpx,115,115,2025-07-06T00:43:22Z,2025-07-06T02:04:03Z,東黒森,1,1731.07,1594.42,136.65,False,
gpx/raw/yamap_2023-12-17_09_45.gpx,7,7,2023-12-17T00:45:11Z,2023-12-17T00:50:06Z,秦皇山,0,871.22,868.33,2.89,False,
gpx/raw/yamap_2023-01-28_13_44.gpx,45,45,2023-01-28T04:44:39Z,2023-01-28T04:59:53Z,佐古田山,1,59.99,19.39,40.6,False,
gpx/raw/yamap_2022-10-14_13_01.gpx,66,66,2022-10-14T04:01:28Z,2022-10-14T04:33:57Z,犬吠山,1,120.41,7.15,113.26,False,
gpx/raw/yamap_2025-08-15_12_44.gpx,75,75,2025-08-15T03:44:46Z,2025-08-15T05:46:46Z,正木ノ森,1,1363.14,1248.95,114.19,False,
gpx/raw/yamap_2026-03-11_10_35.gpx,55,55,2026-03-11T01:35:30Z,2026-03-11T02:19:00Z,野津子山・軽ノ山,1,165.84,37.21,128.63,False,
gpx/raw/yamap_2024-07-08_11_33.gpx,68,68,2024-07-08T02:33:02Z,2024-07-08T03:15:13Z,宅並山,1,193.99,4.72,189.27,False,
gpx/raw/yamap_2026-01-11_07_50.gpx,275,275,2026-01-10T22:50:14Z,2026-01-11T01:02:06Z,黒岩岳,1,694.36,255.69,438.67,False,
gpx/raw/yamap_2025-01-30_10_12.gpx,130,130,2025-01-30T01:12:42Z,2025-01-30T02:32:59Z,北山,1,237.67,114.38,123.29,False,
gpx/raw/yamap_2025-01-11_08_43.gpx,313,313,2025-01-10T23:43:21Z,2025-01-11T02:35:34Z,尉之山・小山岳,2,430.18,119.03,311.15,False,
gpx/raw/yamap_2022-04-30_08_30.gpx,554,554,2022-04-29T23:30:18Z,2022-04-30T04:44:32Z,岩黒山・筒上山・手箱山,4,1863.23,1498.45,364.77,False,
gpx/raw/yamap_2025-04-14_05_56.gpx,308,308,2025-04-13T20:56:48Z,2025-04-13T23:05:57Z,笠成山,1,711.43,388.27,323.16,False,
gpx/raw/yamap_2025-03-30_07_01.gpx,129,129,2025-03-29T22:01:15Z,2025-03-29T22:47:10Z,竜王山,1,459.08,271.13,187.94,False,
gpx/raw/yamap_2022-08-27_06_05.gpx,485,485,2022-08-26T21:05:26Z,2022-08-27T00:59:57Z,北三方ヶ森,2,965.29,446.14,519.15,False,
gpx/raw/yamap_2022-03-05_09_44.gpx,661,661,2022-03-05T00:44:28Z,2022-03-05T06:20:51Z,城山・水梨山・向山,5,735.78,340.23,395.54,False,
gpx/raw/yamap_2025-03-17_14_08.gpx,79,79,2025-03-17T05:08:02Z,2025-03-17T05:37:08Z,大登山,1,362.64,302.32,60.32,False,
gpx/raw/yamap_2022-07-10_07_25.gpx,348,348,2022-07-09T22:25:35Z,2022-07-10T02:06:13Z,男山・瓶ヶ森・西黒森,3,1892.66,1621.74,270.92,False,
gpx/raw/yamap_2022-12-31_15_00.gpx,49,49,2022-12-31T06:00:21Z,2022-12-31T06:21:00Z,星岡山,1,69.07,29.02,40.05,False,
gpx/raw/yamap_2023-10-14_07_53.gpx,195,195,2023-10-13T22:53:15Z,2023-10-14T00:59:06Z,丸山,1,616.43,171.76,444.67,False,
gpx/raw/yamap_2022-08-26_08_45.gpx,204,204,2022-08-25T23:45:46Z,2022-08-26T01:13:40Z,世田山・笠松山,2,360.61,88.79,271.82,False,
gpx/raw/yamap_2023-03-29_05_31.gpx,953,953,2023-03-28T20:31:42Z,2023-03-29T07:51:02Z,えんとつ山・生子山・犬返・種子川山・西赤石山・物住頭・上兜山・下兜山,4,1631.17,55.45,1575.72,False,
gpx/raw/yamap_2025-07-06_07_10.gpx,81,81,2025-07-05T22:10:00Z,2025-07-05T23:26:01Z,谷崎山,1,1210.8,969.29,241.51,False,
gpx/raw/yamap_2025-08-15_09_21.gpx,100,100,2025-08-15T00:21:18Z,2025-08-15T01:26:43Z,天狗ノ森,1,1479.58,1363.82,115.76,False,
gpx/raw/yamap_2026-02-23_14_06.gpx,11,11,2026-02-23T05:06:15Z,2026-02-23T05:23:31Z,花見山,0,15.84,7.61,8.23,False,
gpx/raw/yamap_2026-01-07_09_14.gpx,178,178,2026-01-07T00:14:45Z,2026-01-07T01:33:37Z,高雄山,1,382.21,177.85,204.36,False,
gpx/raw/yamap_2025-01-30_08_48.gpx,51,51,2025-01-29T23:48:55Z,2025-01-30T00:49:42Z,西の山,1,250.31,137.04,113.27,False,
gpx/raw/yamap_2025-06-21_08_53.gpx,270,270,2025-06-20T23:53:40Z,2025-06-21T03:34:47Z,貝渚山・水なし山,1,1505.06,1351.76,153.3,False,
gpx/raw/yamap_2023-04-09_09_08.gpx,406,406,2023-04-09T00:08:25Z,2023-04-09T04:56:31Z,菊ヶ森・餓鬼ヶ森,3,950.81,517.56,433.24,False,
gpx/raw/yamap_2023-11-11_07_17.gpx,770,770,2023-11-10T22:17:32Z,2023-11-11T06:29:52Z,四辻ノ森・三光ノ辻山,5,1237.49,473.82,763.67,False,
gpx/raw/yamap_2024-04-28_10_37.gpx,389,389,2024-04-28T01:37:36Z,2024-04-28T05:51:27Z,日浦嶺・打越山,2,900.06,558.76,341.29,False,
gpx/raw/yamap_2026-04-19_10_27.gpx,177,177,2026-04-19T01:27:07Z,2026-04-19T02:54:23Z,鼻欠山,1,459.11,242.54,216.57,False,
gpx/raw/yamap_2022-09-24_08_33.gpx,474,474,2022-09-23T23:33:14Z,2022-09-24T03:57:16Z,石鎚山,1,1967.37,1484.85,482.52,False,
gpx/raw/yamap_2025-03-30_09_12.gpx,27,27,2025-03-30T00:12:35Z,2025-03-30T00:30:13Z,一ヶ森,1,605.25,556.89,48.36,False,
gpx/raw/yamap_2023-05-27_09_55.gpx,411,411,2023-05-27T00:55:30Z,2023-05-27T05:04:03Z,前善神山・善神山,1,1091.2,452.87,638.33,False,
gpx/raw/yamap_2025-09-07_08_00.gpx,428,428,2025-09-06T23:00:28Z,2025-09-07T04:04:39Z,鶴ノ子ノ頭・石鎚山,2,1967.0,1504.01,462.99,False,
gpx/raw/yamap_2022-11-05_04_38.gpx,935,935,2022-11-04T19:38:41Z,2022-11-05T06:04:17Z,権現山・黒岳・エビラ山・二ッ岳,4,1672.33,532.83,1139.5,False,
gpx/raw/yamap_2023-04-04_12_51.gpx,314,314,2023-04-04T03:51:37Z,2023-04-04T05:53:08Z,黒森山,1,1151.57,779.66,371.91,False,
gpx/raw/yamap_2024-06-08_08_42.gpx,407,407,2024-06-07T23:42:41Z,2024-06-08T04:52:10Z,沓掛山・黒森山,2,1690.4,957.16,733.24,False,
gpx/raw/yamap_2022-10-19_16_00.gpx,150,150,2022-10-19T07:00:46Z,2022-10-19T07:58:42Z,西港山・大丸山・港山,3,63.78,0.1,63.68,False,
gpx/raw/yamap_2022-04-27_10_31.gpx,665,665,2022-04-27T01:31:14Z,2022-04-27T06:06:20Z,御在所山,1,912.36,189.08,723.28,False,
gpx/raw/yamap_2025-01-26_07_09.gpx,657,657,2025-01-25T22:09:16Z,2025-01-26T04:20:31Z,天が森・浄心山・銅が鳴,2,791.51,5.75,785.76,False,
gpx/raw/yamap_2022-10-11_15_15.gpx,115,115,2022-10-11T06:15:18Z,2022-10-11T07:21:20Z,黒崎山,1,90.47,0.16,90.3,False,
gpx/raw/yamap_2024-08-03_20_36.gpx,54,54,2024-08-03T11:36:52Z,2024-08-03T13:09:58Z,高縄山,1,979.89,923.31,56.58,False,
gpx/raw/yamap_2026-01-31_10_49.gpx,234,234,2026-01-31T01:49:50Z,2026-01-31T03:37:07Z,遠見山,1,325.42,7.63,317.79,False,
